,subject,dataset,fold,theta,n_blocks,train_score,test_score,train_mse,test_mse
0,1,BNCI2014-008,0,0.0,1,0.8304107637514839,0.7554285714285714,0.998730500910376,1.0158176207951761
1,1,BNCI2014-008,0,0.1,1,0.8250569280343716,0.7518367346938776,0.9974568603564286,1.014981164913866
2,1,BNCI2014-008,0,0.2,1,0.8155803041438181,0.7471020408163265,0.9956622611409188,1.0148930815677546
3,1,BNCI2014-008,0,0.3,1,0.8063922211543899,0.7438367346938776,0.9932941117120042,1.0119540578515378
4,1,BNCI2014-008,0,0.4,1,0.7968486630109108,0.752,0.9899129353074494,1.0090761745242356
5,1,BNCI2014-008,0,0.5,1,0.7847634122901237,0.7497142857142857,0.9841550602462215,1.006563761428601
6,1,BNCI2014-008,0,0.6,1,0.7769076827406863,0.7438367346938777,0.978822861141092,1.0053000534131897
7,1,BNCI2014-008,0,0.7,1,0.7711499802136922,0.740408163265306,0.9719373371665126,1.0024941550222393
8,1,BNCI2014-008,0,0.8,1,0.7693712476680423,0.7395918367346939,0.9660262897138465,0.9993989300997632
9,1,BNCI2014-008,0,0.9,1,0.778691390129459,0.7253877551020409,0.9531210928400311,0.9883006895218278
10,1,BNCI2014-008,0,1.0,1,0.8765185143309401,0.7991836734693878,1.0288439892075229e-30,1.0496236944615611e-30
11,1,BNCI2014-008,1,0.0,1,0.8276429419413195,0.8151836734693877,0.9987139774416723,1.0346951992234938
12,1,BNCI2014-008,1,0.1,1,0.8219589575442364,0.8143673469387754,0.9973290568770508,1.0344142172859647
13,1,BNCI2014-008,1,0.2,1,0.8122444457007181,0.804734693877551,0.9955518651751397,1.0337509479758409
14,1,BNCI2014-008,1,0.3,1,0.8028551076940471,0.7977142857142857,0.993098206523226,1.0326990844723325
15,1,BNCI2014-008,1,0.4,1,0.7930727570806716,0.7805714285714286,0.9896602302189568,1.030105149304085
16,1,BNCI2014-008,1,0.5,1,0.7809413759963819,0.7657142857142857,0.9839958460983739,1.0262865766859919
17,1,BNCI2014-008,1,0.6,1,0.7733728305726723,0.7533061224489797,0.9790421113943768,1.0225968912465688
18,1,BNCI2014-008,1,0.7,1,0.7677449262253377,0.7441632653061224,0.9725976661158919,1.0172427761844658
19,1,BNCI2014-008,1,0.8,1,0.7653669512126181,0.7430204081632653,0.9666217445621051,1.011010759613151
20,1,BNCI2014-008,1,0.9,1,0.7743501611170784,0.7632653061224489,0.9535848133763117,1.0038123513928736
21,1,BNCI2014-008,1,1.0,1,0.8631922663802363,0.8511020408163265,8.012013681883531e-31,8.317445636347007e-31
22,1,BNCI2014-008,2,0.0,1,0.8289210243654249,0.7947755102040817,0.9987310405680254,1.0339902822886984
23,1,BNCI2014-008,2,0.1,1,0.8235264853863983,0.7822040816326531,0.9973712391368376,1.0337785933617747
24,1,BNCI2014-008,2,0.2,1,0.8137192605574086,0.7823673469387755,0.9956806238124838,1.031992830440247
25,1,BNCI2014-008,2,0.3,1,0.8045700717960316,0.7779591836734694,0.9932675674130792,1.0295437423950464
26,1,BNCI2014-008,2,0.4,1,0.7953209339137317,0.7779591836734694,0.9898404450780043,1.027565408379352
27,1,BNCI2014-008,2,0.5,1,0.7833822149358359,0.76,0.9840381237832723,1.0255527343615525
28,1,BNCI2014-008,2,0.6,1,0.775779297868732,0.7518367346938776,0.9788739998413096,1.021355235900817
29,1,BNCI2014-008,2,0.7,1,0.7703313923907513,0.7528163265306123,0.9724554040816388,1.0168901836121549
30,1,BNCI2014-008,2,0.8,1,0.7683432641754764,0.7506938775510203,0.9664507843287278,1.0145628403110942
31,1,BNCI2014-008,2,0.9,1,0.7781278760811803,0.7750204081632652,0.9533662612212597,1.004960782982259
32,1,BNCI2014-008,2,1.0,1,0.8690259483294704,0.8119183673469388,1.2596104601802255e-30,1.2859575237819828e-30
33,1,BNCI2014-008,3,0.0,1,0.8238177398383176,0.8896326530612245,0.9987143032740462,0.9344378497445898
34,1,BNCI2014-008,3,0.1,1,0.8182789304087285,0.8994285714285714,0.997277392439054,0.9341737192256304
35,1,BNCI2014-008,3,0.2,1,0.8085427101588558,0.8930612244897959,0.9955135663419612,0.9341687646518646
36,1,BNCI2014-008,3,0.3,1,0.7994590988750072,0.8878367346938775,0.9930170547456265,0.9336849156818219
37,1,BNCI2014-008,3,0.4,1,0.7910045791169653,0.8801632653061224,0.989641213582441,0.9315059399126664
38,1,BNCI2014-008,3,0.5,1,0.7792223415682062,0.8746122448979592,0.9838357432428209,0.930529650782022
39,1,BNCI2014-008,3,0.6,1,0.7713326926338404,0.8703673469387755,0.9785989225121122,0.9294078107087028
40,1,BNCI2014-008,3,0.7,1,0.7657821244841427,0.8651428571428571,0.9719559925646956,0.9245885907949827
41,1,BNCI2014-008,3,0.8,1,0.7634959579399626,0.8584489795918367,0.9660328003637328,0.9181329318699969
42,1,BNCI2014-008,3,0.9,1,0.7698931539374754,0.8687346938775511,0.9529862486045827,0.9056493334422524
43,1,BNCI2014-008,3,1.0,1,0.8710412120526883,0.9364897959183675,8.774162394324135e-31,8.304789631164444e-31
44,1,BNCI2014-008,4,0.0,1,0.8280287184125728,0.8310204081632653,0.9987269653603429,1.0598289499660767
45,1,BNCI2014-008,4,0.1,1,0.8227391033975918,0.817795918367347,0.9973078252164334,1.0602860528795075
46,1,BNCI2014-008,4,0.2,1,0.8131299677765843,0.8048979591836735,0.9955388960222608,1.05933584148512
47,1,BNCI2014-008,4,0.3,1,0.8039893719260558,0.793469387755102,0.9930849725482922,1.0576813727733454
48,1,BNCI2014-008,4,0.4,1,0.7941265193057833,0.7848163265306123,0.9896134907029224,1.0546906298728889
49,1,BNCI2014-008,4,0.5,1,0.782464130250438,0.7727346938775511,0.98390305632991,1.0487513200270573
50,1,BNCI2014-008,4,0.6,1,0.7753369890892646,0.7735510204081633,0.9791803200777777,1.04532732116979
51,1,BNCI2014-008,4,0.7,1,0.7701753632200802,0.7684897959183674,0.9723270809521213,1.039272979997194
52,1,BNCI2014-008,4,0.8,1,0.7667721182655888,0.7696326530612245,0.9663136101814354,1.0348528736881155
53,1,BNCI2014-008,4,0.9,1,0.7793733958957544,0.7572244897959184,0.953406138648701,1.0222933048988534
54,1,BNCI2014-008,4,1.0,1,0.8741857651647916,0.7848163265306122,6.98438526804263e-31,7.366356793801352e-31
55,1,BNCI2014-008,5,0.0,1,0.8263567188648312,0.8324897959183675,0.998724380663311,1.0542596676097886
56,1,BNCI2014-008,5,0.1,1,0.8208219797614336,0.8284081632653062,0.9973422733801812,1.054778184660101
57,1,BNCI2014-008,5,0.2,1,0.8111119905025722,0.832,0.9954928005894578,1.0540030234195448
58,1,BNCI2014-008,5,0.3,1,0.8018171745152355,0.8347755102040816,0.9930175806717921,1.051831947362718
59,1,BNCI2014-008,5,0.4,1,0.7922966815535079,0.8324897959183674,0.9895523349384034,1.049775037646579
60,1,BNCI2014-008,5,0.5,1,0.77996042738425,0.8217142857142857,0.9838275362412259,1.0425560599122734
61,1,BNCI2014-008,5,0.6,1,0.7725560517835943,0.8124081632653062,0.9786095658315146,1.0383831239251118
62,1,BNCI2014-008,5,0.7,1,0.7672284470574934,0.8107755102040817,0.9720704140785559,1.0331245603192292
63,1,BNCI2014-008,5,0.8,1,0.7642765560517835,0.8024489795918367,0.9657461682025881,1.0275634065561767
64,1,BNCI2014-008,5,0.9,1,0.7732235852789868,0.818938775510204,0.9527922966424506,1.0176114302254406
65,1,BNCI2014-008,5,1.0,1,0.8622999604273843,0.8582857142857143,7.375148074312133e-31,7.804471213610061e-31
66,1,BNCI2014-008,6,0.0,1,0.825745265419187,0.8564897959183674,0.9986829583286386,0.981041681072598
67,1,BNCI2014-008,6,0.1,1,0.8206745435016112,0.8300408163265306,0.9973697165996039,0.9804001090557857
68,1,BNCI2014-008,6,0.2,1,0.8115678670360109,0.8124081632653061,0.9956434342421339,0.978842553872443
69,1,BNCI2014-008,6,0.3,1,0.8027474701792073,0.7936326530612245,0.9931154547647147,0.9773285406821912
70,1,BNCI2014-008,6,0.4,1,0.7936629543784272,0.7764897959183673,0.989557847330362,0.9756934670420243
71,1,BNCI2014-008,6,0.5,1,0.7821688054723274,0.7601632653061224,0.9838247283942823,0.9693030606507432
72,1,BNCI2014-008,6,0.6,1,0.7749683984397083,0.7485714285714287,0.9786578695942921,0.9658347731185681
73,1,BNCI2014-008,6,0.7,1,0.7694467748318163,0.7430204081632653,0.9716397329046401,0.9615952324006442
74,1,BNCI2014-008,6,0.8,1,0.7672768387133247,0.7518367346938776,0.9657010881471833,0.9574897174169086
75,1,BNCI2014-008,6,0.9,1,0.7739693594889479,0.7626122448979592,0.9525140935804193,0.9443584527877317
76,1,BNCI2014-008,6,1.0,1,0.8660632031205834,0.8372244897959183,6.555070128254851e-31,6.52543986050248e-31
77,1,BNCI2014-008,7,0.0,1,0.8246422070213127,0.8866938775510205,0.9987354545520827,1.040071718756324
78,1,BNCI2014-008,7,0.1,1,0.8190432472157838,0.8907755102040816,0.9973184383603689,1.0400718144660157
79,1,BNCI2014-008,7,0.2,1,0.8087172819266211,0.8899591836734694,0.995517022225293,1.0398589626124497
80,1,BNCI2014-008,7,0.3,1,0.799341059415456,0.8863673469387755,0.9929784887165876,1.0396166321201827
81,1,BNCI2014-008,7,0.4,1,0.789379614449658,0.8840816326530613,0.9896096510128091,1.0360263849197506
82,1,BNCI2014-008,7,0.5,1,0.7768742156142235,0.8762448979591837,0.9839744829971219,1.0297515797699217
83,1,BNCI2014-008,7,0.6,1,0.7697791848041156,0.8653061224489795,0.9788169441593171,1.0268853815060761
84,1,BNCI2014-008,7,0.7,1,0.7643118322121093,0.8631836734693877,0.9721095152147856,1.0214623347250014
85,1,BNCI2014-008,7,0.8,1,0.7617986319181412,0.8633469387755102,0.9662711670934524,1.018282711879102
86,1,BNCI2014-008,7,0.9,1,0.7734542370965006,0.8581224489795918,0.9532785044639628,1.0097589192620122
87,1,BNCI2014-008,7,1.0,1,0.8628476454293629,0.867265306122449,9.379677741910338e-31,9.73517050921849e-31
88,1,BNCI2014-008,8,0.0,1,0.8282521340946352,0.8011428571428572,0.9986951065926486,0.9398392505511065
89,1,BNCI2014-008,8,0.1,1,0.8229543784272711,0.7982040816326531,0.9972847465372595,0.940192245023351
90,1,BNCI2014-008,8,0.2,1,0.8131150432472157,0.7916734693877551,0.9955051509692314,0.9395374939488815
91,1,BNCI2014-008,8,0.3,1,0.8036117361071853,0.7866122448979592,0.9930183532083299,0.9385348631218287
92,1,BNCI2014-008,8,0.4,1,0.794360336932557,0.7826938775510204,0.9895550614778548,0.9371495457543408
93,1,BNCI2014-008,8,0.5,1,0.7813230821414439,0.7683265306122449,0.9837864762574966,0.9354348963703389
94,1,BNCI2014-008,8,0.6,1,0.7744103114930183,0.7578775510204082,0.9786130924186196,0.9312995163181226
95,1,BNCI2014-008,8,0.7,1,0.7683527616032562,0.7435102040816326,0.9717980240550301,0.926137798508333
96,1,BNCI2014-008,8,0.8,1,0.7662836791226186,0.7392653061224489,0.9661220333715612,0.9217996408087715
97,1,BNCI2014-008,8,0.9,1,0.7769090395160834,0.7493877551020409,0.9530185814829323,0.9162643389230973
98,1,BNCI2014-008,8,1.0,1,0.8745073209339136,0.8044081632653062,3.179753051803508e-30,3.1097132826183475e-30
99,1,BNCI2014-008,9,0.0,1,0.8284778110690258,0.8024489795918367,0.9986586472995068,0.9904608828582397
100,1,BNCI2014-008,9,0.1,1,0.8232456328791905,0.7962448979591836,0.9973372619371708,0.9897275754926786
101,1,BNCI2014-008,9,0.2,1,0.8134352422409407,0.7828571428571429,0.9956115397422481,0.9882896133488616
102,1,BNCI2014-008,9,0.3,1,0.8041363559274124,0.7645714285714286,0.9932090179918308,0.9859948921717668
103,1,BNCI2014-008,9,0.4,1,0.7944905873706822,0.7500408163265306,0.9897958844126136,0.982317136011908
104,1,BNCI2014-008,9,0.5,1,0.7827128724065804,0.7311020408163265,0.9841249978034974,0.9763536321642111
105,1,BNCI2014-008,9,0.6,1,0.7748268415399402,0.7255510204081633,0.9790729122972642,0.9711697903299243
106,1,BNCI2014-008,9,0.7,1,0.7693513482955509,0.7239183673469387,0.9720150787540159,0.9706348601798576
107,1,BNCI2014-008,9,0.8,1,0.7670104584770197,0.7237551020408163,0.9659819977713916,0.9681720025789413
108,1,BNCI2014-008,9,0.9,1,0.7773572276556052,0.7180408163265306,0.9531855165482037,0.9560240227562923
109,1,BNCI2014-008,9,1.0,1,0.8648638136695119,0.8460408163265306,8.98260207079895e-31,8.862343820070942e-31
110,1,BNCI2014-008,10,0.0,1,0.8316449771044152,0.7498775510204082,0.9987509450760866,0.9909798319627335
111,1,BNCI2014-008,10,0.1,1,0.8259908417660694,0.7676734693877552,0.9973354511788184,0.990429292450845
112,1,BNCI2014-008,10,0.2,1,0.8153686471818644,0.7805714285714286,0.9955297526537119,0.9896822338685185
113,1,BNCI2014-008,10,0.3,1,0.8055437842727118,0.7879183673469387,0.9931223002056769,0.9869127873344457
114,1,BNCI2014-008,10,0.4,1,0.7953774662219458,0.7924897959183673,0.9896668198194926,0.985343290709584
115,1,BNCI2014-008,10,0.5,1,0.7824559895980553,0.7871020408163265,0.9839623920871834,0.9813094815063665
116,1,BNCI2014-008,10,0.6,1,0.774280061054893,0.7831836734693877,0.9790662482784153,0.9777487715783305
117,1,BNCI2014-008,10,0.7,1,0.7686982870710612,0.7805714285714285,0.9720333393613324,0.9765213394574673
118,1,BNCI2014-008,10,0.8,1,0.7661859912940246,0.7743673469387755,0.9662953215683003,0.9737650665803079
119,1,BNCI2014-008,10,0.9,1,0.7759724122335915,0.7799183673469389,0.9536096234650148,0.9621420397599558
120,1,BNCI2014-008,10,1.0,1,0.8656236078919103,0.7632653061224489,6.196657157891288e-31,6.2346264222313304e-31
121,1,BNCI2014-008,11,0.0,1,0.8281304765673584,0.8073469387755102,0.9987123690780966,0.9671853274040243
122,1,BNCI2014-008,11,0.1,1,0.8232004070326192,0.7866122448979591,0.9973417091274516,0.9665463797157475
123,1,BNCI2014-008,11,0.2,1,0.8138128780598112,0.7590204081632652,0.9955198174681206,0.9663774499754341
124,1,BNCI2014-008,11,0.3,1,0.8049088133868505,0.7342040816326529,0.9930309931797238,0.9654072253423592
125,1,BNCI2014-008,11,0.4,1,0.7955900277008311,0.7116734693877551,0.9895335982544365,0.9655510299021317
126,1,BNCI2014-008,11,0.5,1,0.7837227655605179,0.6884897959183673,0.9838698241488603,0.9609330382134864
127,1,BNCI2014-008,11,0.6,1,0.7759507038272373,0.6744489795918368,0.9786676357062439,0.9568531845853313
128,1,BNCI2014-008,11,0.7,1,0.7706502346090791,0.665142857142857,0.972119425860215,0.9513299442226657
129,1,BNCI2014-008,11,0.8,1,0.7682858273503306,0.6641632653061225,0.96615844946439,0.9493970042659341
130,1,BNCI2014-008,11,0.9,1,0.7799581660919216,0.6848979591836735,0.9531370813262258,0.9428794719264806
131,1,BNCI2014-008,11,1.0,1,0.8730569280343716,0.7926530612244898,4.653225512126619e-31,4.613016086752081e-31
132,1,BNCI2014-008,12,0.0,1,0.829051727062016,0.7931428571428573,0.9987688269329906,0.925640412985647
133,1,BNCI2014-008,12,0.1,1,0.8235215105432754,0.7995102040816326,0.9973424852329104,0.9248311650533777
134,1,BNCI2014-008,12,0.2,1,0.8136880547232743,0.7923265306122449,0.9955322738234678,0.9242952285460835
135,1,BNCI2014-008,12,0.3,1,0.8044371078071119,0.785795918367347,0.9930982034262344,0.923252630610246
136,1,BNCI2014-008,12,0.4,1,0.7949442026117925,0.7751836734693878,0.9897269467900266,0.9217600307623103
137,1,BNCI2014-008,12,0.5,1,0.7828281983153372,0.7634285714285715,0.9839910531483178,0.9201413752868931
138,1,BNCI2014-008,12,0.6,1,0.7755572389620667,0.7595102040816326,0.9791028916481522,0.9174435955433301
139,1,BNCI2014-008,12,0.7,1,0.7696358188704845,0.7518367346938776,0.9728078965014136,0.9107396861353196
140,1,BNCI2014-008,12,0.8,1,0.7669679461812425,0.7484081632653061,0.9666003757175032,0.9100849503905295
141,1,BNCI2014-008,12,0.9,1,0.7778334558200011,0.7387755102040816,0.9538082963663069,0.901884391584423
142,1,BNCI2014-008,12,1.0,1,0.8677677652778563,0.8238367346938775,4.787995617823549e-31,4.5090435062040286e-31
143,1,BNCI2014-008,13,0.0,1,0.8274172649669286,0.8256326530612245,0.9987259967924615,1.0669930057155401
144,1,BNCI2014-008,13,0.1,1,0.8221122731641132,0.8184489795918367,0.9973419173093964,1.066745550788041
145,1,BNCI2014-008,13,0.2,1,0.8124646955735204,0.8086530612244898,0.9955864838405598,1.0655710197585604
146,1,BNCI2014-008,13,0.3,1,0.8033752049296173,0.7980408163265306,0.9931009600391993,1.0648109152899836
147,1,BNCI2014-008,13,0.4,1,0.7940044095200407,0.782530612244898,0.9897104196882066,1.0621996987253406
148,1,BNCI2014-008,13,0.5,1,0.7825007631861609,0.7645714285714286,0.9841378056691575,1.057645419279508
149,1,BNCI2014-008,13,0.6,1,0.7750864378992595,0.7488979591836734,0.9790162099022864,1.0540537881728373
150,1,BNCI2014-008,13,0.7,1,0.7695797388207362,0.746938775510204,0.9719325337399118,1.0494623197473882
151,1,BNCI2014-008,13,0.8,1,0.7673650291141387,0.7464489795918368,0.9661261986677793,1.0484399365339907
152,1,BNCI2014-008,13,0.9,1,0.7773056701905139,0.7405714285714285,0.9533081182549626,1.03704310048507
153,1,BNCI2014-008,13,1.0,1,0.8637295494375035,0.842938775510204,7.62916477414931e-31,8.073033245208429e-31
154,1,BNCI2014-008,14,0.0,1,0.8337941093334842,0.7240816326530612,0.9987843332027431,0.9732262962798961
155,1,BNCI2014-008,14,0.1,1,0.8285759511560857,0.7217959183673469,0.997466253953317,0.9720145383614073
156,1,BNCI2014-008,14,0.2,1,0.8184914918876138,0.7159183673469388,0.9956929615490451,0.9717910476314926
157,1,BNCI2014-008,14,0.3,1,0.8089583356888461,0.7129795918367348,0.9933115912602274,0.969477571129906
158,1,BNCI2014-008,14,0.4,1,0.7996965345695064,0.7017142857142857,0.9900368785026351,0.9660754684919188
159,1,BNCI2014-008,14,0.5,1,0.7873675165357001,0.6948571428571428,0.9847597565691131,0.9610176771424787
160,1,BNCI2014-008,14,0.6,1,0.7799640454519758,0.6891428571428571,0.9795213679683433,0.959583116467242
161,1,BNCI2014-008,14,0.7,1,0.7743076488213013,0.6837551020408164,0.9729431285985954,0.9541919197657724
162,1,BNCI2014-008,14,0.8,1,0.7718365085646447,0.6783673469387754,0.9667978996633267,0.9509972179067848
163,1,BNCI2014-008,14,0.9,1,0.7830932217762452,0.6659591836734694,0.953503742263907,0.9382032389575149
164,1,BNCI2014-008,14,1.0,1,0.8686379105658883,0.8484897959183674,6.1386706827287865e-31,6.110600440502856e-31
165,1,BNCI2014-008,15,0.0,1,0.8287482616315225,0.8078367346938775,0.9987296252523414,0.9904842961431046
166,1,BNCI2014-008,15,0.1,1,0.8236069873932952,0.8076734693877551,0.997354182873908,0.9903783176451822
167,1,BNCI2014-008,15,0.2,1,0.8136758437446999,0.8063673469387755,0.9956330199366108,0.9886320691776244
168,1,BNCI2014-008,15,0.3,1,0.8042684153994007,0.8029387755102041,0.9930755595855665,0.9882807211236031
169,1,BNCI2014-008,15,0.4,1,0.7947592288993159,0.7982040816326531,0.9896280363751865,0.9860679643988339
170,1,BNCI2014-008,15,0.5,1,0.7824103114930182,0.7964081632653062,0.9840988121852535,0.9803750050803672
171,1,BNCI2014-008,15,0.6,1,0.7747060885295947,0.7960816326530612,0.9788364408472741,0.9754775883045778
172,1,BNCI2014-008,15,0.7,1,0.769064164169823,0.7871020408163265,0.9721964080559041,0.9709066376176885
173,1,BNCI2014-008,15,0.8,1,0.7675531686358754,0.7908571428571428,0.9658757763890714,0.9651392648086837
174,1,BNCI2014-008,15,0.9,1,0.776498388829216,0.7975510204081633,0.9527306360715957,0.9597272223261641
175,1,BNCI2014-008,15,1.0,1,0.8659949120922608,0.814204081632653,7.622285224625099e-31,7.785257986983507e-31
176,1,BNCI2014-008,16,0.0,1,0.8254978800384419,0.8427755102040816,0.9987465537219399,0.9832363707627575
177,1,BNCI2014-008,16,0.1,1,0.820182938549381,0.8372244897959182,0.9973804502000647,0.9827595456650582
178,1,BNCI2014-008,16,0.2,1,0.8106344055627792,0.8282448979591837,0.995609718789907,0.9817945644868422
179,1,BNCI2014-008,16,0.3,1,0.8015991859347618,0.8233469387755102,0.9932088309222018,0.979374379622534
180,1,BNCI2014-008,16,0.4,1,0.7927783368194924,0.8093061224489796,0.9897495868712076,0.978815901935266
181,1,BNCI2014-008,16,0.5,1,0.7806487647690655,0.7991836734693879,0.9843565805365648,0.9738620505569058
182,1,BNCI2014-008,16,0.6,1,0.772315450279835,0.8011428571428572,0.9790106074942961,0.9724941197955637
183,1,BNCI2014-008,16,0.7,1,0.7662479507038272,0.7975510204081633,0.9720673765210246,0.9679520340697619
184,1,BNCI2014-008,16,0.8,1,0.7642815308949066,0.7955918367346939,0.9663064993630776,0.9643851085898801
185,1,BNCI2014-008,16,0.9,1,0.7732787608118038,0.7683265306122449,0.9537810793548183,0.9520118616370754
186,1,BNCI2014-008,16,1.0,1,0.867628017411951,0.8484897959183673,4.909468217493294e-31,4.817531803719856e-31
187,1,BNCI2014-008,17,0.0,1,0.8288133868505851,0.7980408163265306,0.9987074464916882,1.0483320505817602
188,1,BNCI2014-008,17,0.1,1,0.8234391995025158,0.798530612244898,0.9973133263686075,1.0480804593982893
189,1,BNCI2014-008,17,0.2,1,0.813623834021143,0.7982040816326531,0.9955025640554064,1.0472779686107705
190,1,BNCI2014-008,17,0.3,1,0.8044574594380688,0.7962448979591837,0.9930830369282431,1.0448932287965182
191,1,BNCI2014-008,17,0.4,1,0.7953847023573971,0.7934693877551021,0.9897569873992039,1.0409602596523888
192,1,BNCI2014-008,17,0.5,1,0.7839194979931029,0.7892244897959184,0.9842783867331315,1.034911579467629
193,1,BNCI2014-008,17,0.6,1,0.7756377409689637,0.7784489795918368,0.9790259451086932,1.0281514805005088
194,1,BNCI2014-008,17,0.7,1,0.7700849115269377,0.7828571428571428,0.9723217576410609,1.0230531238610372
195,1,BNCI2014-008,17,0.8,1,0.7676775397139465,0.782530612244898,0.9667896760717508,1.018388705574225
196,1,BNCI2014-008,17,0.9,1,0.7753234213352932,0.790530612244898,0.9540981033726522,1.0101188793273344
197,1,BNCI2014-008,17,1.0,1,0.8693963480128895,0.8075102040816327,1.656861215257519e-30,1.7454257151261254e-30
198,1,BNCI2014-008,18,0.0,1,0.8290444909265646,0.7813877551020408,0.9987516308391348,0.9941197007202736
199,1,BNCI2014-008,18,0.1,1,0.823328396178416,0.7854693877551021,0.9973468980150053,0.9937414481995283
200,1,BNCI2014-008,18,0.2,1,0.8133371021538808,0.7779591836734695,0.9955971291022577,0.9928557296218566
201,1,BNCI2014-008,18,0.3,1,0.8040635423144327,0.7686530612244897,0.9931075585135216,0.9921140657290382
202,1,BNCI2014-008,18,0.4,1,0.7947316411329075,0.7568979591836735,0.9896412534199565,0.9911610619724422
203,1,BNCI2014-008,18,0.5,1,0.782453276047261,0.7488979591836734,0.9840661737945228,0.9876427661649715
204,1,BNCI2014-008,18,0.6,1,0.7744274973147153,0.7433469387755102,0.9790002055131332,0.9833123739908121
205,1,BNCI2014-008,18,0.7,1,0.7689827576459947,0.7400816326530613,0.9721861576678904,0.979338775293603
206,1,BNCI2014-008,18,0.8,1,0.766576290349935,0.7358367346938776,0.9662764172104864,0.9786523955106611
207,1,BNCI2014-008,18,0.9,1,0.7784304369947425,0.7405714285714285,0.9531463198704102,0.971529079067621
208,1,BNCI2014-008,18,1.0,1,0.8684488665272203,0.7678367346938775,9.411149432527163e-31,9.518216690056666e-31
209,1,BNCI2014-008,19,0.0,1,0.8283177115721635,0.803265306122449,0.9986535767687599,0.9571101610778779
210,1,BNCI2014-008,19,0.1,1,0.8226798575385834,0.7941224489795918,0.9972375060899344,0.9569859975811897
211,1,BNCI2014-008,19,0.2,1,0.813094239357793,0.7714285714285715,0.9954721898353198,0.9564049929648462
212,1,BNCI2014-008,19,0.3,1,0.8041603256260953,0.7521632653061224,0.9930790309975096,0.9545874874571988
213,1,BNCI2014-008,19,0.4,1,0.7947311888744417,0.7355102040816327,0.9897443477064216,0.952289450136881
214,1,BNCI2014-008,19,0.5,1,0.7820457911696536,0.7183673469387755,0.9839655831745714,0.9476836899488641
215,1,BNCI2014-008,19,0.6,1,0.7747228220928261,0.7108571428571429,0.9788946536152081,0.9462427797953398
216,1,BNCI2014-008,19,0.7,1,0.7693608457233309,0.6863673469387754,0.9722748738718634,0.9428383780882679
217,1,BNCI2014-008,19,0.8,1,0.766330261744587,0.6979591836734693,0.9664239332027524,0.9393748129483396
218,1,BNCI2014-008,19,0.9,1,0.7767367290406468,0.7196734693877551,0.9538022328504738,0.9292693328491927
219,1,BNCI2014-008,19,1.0,1,0.8711366385889536,0.8195918367346938,1.2661317944558846e-30,1.251687805235199e-30
220,2,BNCI2014-008,0,0.0,1,0.7209226072700549,0.7428571428571428,0.9885327504888874,1.1955687283597929
221,2,BNCI2014-008,0,0.1,1,0.7241472101305896,0.7399183673469387,0.9886755125849818,1.1952325583023602
222,2,BNCI2014-008,0,0.2,1,0.7045051727062015,0.7384489795918368,0.9861465572389461,1.1935397442091882
223,2,BNCI2014-008,0,0.3,1,0.6946441291197919,0.7400816326530613,0.9844464607433914,1.1920654133131077
224,2,BNCI2014-008,0,0.4,1,0.6889343659901632,0.7312653061224489,0.9829237332376256,1.1924819918484788
225,2,BNCI2014-008,0,0.5,1,0.6849626321442706,0.7291428571428572,0.9808357937486395,1.1914265675786528
226,2,BNCI2014-008,0,0.6,1,0.6810401944711403,0.7177142857142857,0.9778586510195505,1.189819424747952
227,2,BNCI2014-008,0,0.7,1,0.6777518231669398,0.7115102040816328,0.9742099087437671,1.1885973076347238
228,2,BNCI2014-008,0,0.8,1,0.6745805868053592,0.7379591836734694,0.9548916564376287,1.1695351268753609
229,2,BNCI2014-008,0,0.9,1,0.7020788060376506,0.7258775510204082,0.9150603224016061,1.109776807291849
230,2,BNCI2014-008,0,1.0,1,0.8116189722426367,0.767673469387755,1.063419920692723e-30,1.2060557045583454e-30
231,2,BNCI2014-008,1,0.0,1,0.7180688563514049,0.7603265306122449,0.9889215612750781,0.9486811654342503
232,2,BNCI2014-008,1,0.1,1,0.7196173893380066,0.7640816326530613,0.9887491342086423,0.9492947324109683
233,2,BNCI2014-008,1,0.2,1,0.7000264571202441,0.7415510204081632,0.986035941827897,0.9481130576971067
234,2,BNCI2014-008,1,0.3,1,0.6924787155859574,0.7284897959183674,0.984449677329632,0.9482951409648854
235,2,BNCI2014-008,1,0.4,1,0.6872175928543163,0.7154285714285715,0.9829635723520512,0.9481715217767749
236,2,BNCI2014-008,1,0.5,1,0.6848093165243937,0.6751020408163265,0.9808413914596039,0.9481182980040495
237,2,BNCI2014-008,1,0.6,1,0.6816389846797445,0.6692244897959184,0.978462234568609,0.9484860881554367
238,2,BNCI2014-008,1,0.7,1,0.67772016507434,0.6636734693877551,0.9741525686214823,0.94752608200869
239,2,BNCI2014-008,1,0.8,1,0.6779915201537678,0.6581224489795918,0.9548917539657304,0.9284851203011425
240,2,BNCI2014-008,1,0.9,1,0.6971478319859801,0.6762448979591837,0.914294402734768,0.8924270530473044
241,2,BNCI2014-008,1,1.0,1,0.823522415060207,0.7784489795918367,9.100986619811811e-31,8.663951769566854e-31
242,2,BNCI2014-008,2,0.0,1,0.7210894906439029,0.6963265306122449,0.9889709417450533,0.875878223868318
243,2,BNCI2014-008,2,0.1,1,0.7214874780937306,0.7126530612244898,0.9886842433810296,0.8753807809829331
244,2,BNCI2014-008,2,0.2,1,0.7027694047147945,0.6853877551020409,0.9858236366088106,0.8734671920705182
245,2,BNCI2014-008,2,0.3,1,0.6954957318107298,0.6876734693877551,0.984341154389369,0.8723150863727092
246,2,BNCI2014-008,2,0.4,1,0.690016620498615,0.6875102040816327,0.9828574659898837,0.8714142681067494
247,2,BNCI2014-008,2,0.5,1,0.6866319181412177,0.6813061224489795,0.9807434262818188,0.8696051794155634
248,2,BNCI2014-008,2,0.6,1,0.6836709819661937,0.673795918367347,0.9783905320583592,0.867628465189814
249,2,BNCI2014-008,2,0.7,1,0.6811143648595173,0.6682448979591836,0.9747118973735444,0.8649913138123304
250,2,BNCI2014-008,2,0.8,1,0.6800791452314998,0.6365714285714286,0.9548433770096814,0.8494054041471171
251,2,BNCI2014-008,2,0.9,1,0.7063494827293798,0.6083265306122448,0.9145145727469333,0.8140366051037016
252,2,BNCI2014-008,2,1.0,1,0.8158100514444006,0.772734693877551,9.36663696540228e-31,8.692073295466613e-31
253,2,BNCI2014-008,3,0.0,1,0.723077618859178,0.7317551020408163,0.9890543035468925,1.2005809997218644
254,2,BNCI2014-008,3,0.1,1,0.7237980665950591,0.7301224489795919,0.9887820579921648,1.2018097767618743
255,2,BNCI2014-008,3,0.2,1,0.702044886652722,0.6945306122448979,0.9858414476825573,1.197210261141451
256,2,BNCI2014-008,3,0.3,1,0.6975820001130646,0.6981224489795917,0.9847468392463855,1.195253009479184
257,2,BNCI2014-008,3,0.4,1,0.6921060546102097,0.6969795918367347,0.9830804075718487,1.195561682264169
258,2,BNCI2014-008,3,0.5,1,0.6877024139295608,0.6922448979591836,0.9809228637222529,1.1945345784057875
259,2,BNCI2014-008,3,0.6,1,0.6832087738142347,0.6928979591836736,0.9778155408080678,1.193973859314079
260,2,BNCI2014-008,3,0.7,1,0.6796847758493979,0.6870204081632654,0.9740510514289645,1.1904827190736944
261,2,BNCI2014-008,3,0.8,1,0.6784650347673695,0.6564897959183673,0.9545595616602024,1.1638967544644045
262,2,BNCI2014-008,3,0.9,1,0.7030253830063882,0.6440816326530612,0.9141684746823503,1.101450710341596
263,2,BNCI2014-008,3,1.0,1,0.8204140426253604,0.7928163265306123,6.217581166768026e-31,7.323118051523242e-31
264,2,BNCI2014-008,4,0.0,1,0.7170417773757702,0.7248979591836735,0.9895053936612002,0.8930443390356274
265,2,BNCI2014-008,4,0.1,1,0.7177518231669398,0.73534693877551,0.9891318111014689,0.893136873252207
266,2,BNCI2014-008,4,0.2,1,0.7016609192153315,0.7133061224489796,0.9866522830980293,0.8917969453329956
267,2,BNCI2014-008,4,0.3,1,0.6944912657583809,0.7033469387755101,0.9849247221860703,0.8915549316381226
268,2,BNCI2014-008,4,0.4,1,0.68914150036746,0.6922448979591836,0.983353585545417,0.8905172289716203
269,2,BNCI2014-008,4,0.5,1,0.6854370512748036,0.6911020408163265,0.9811848637058525,0.8894258072306578
270,2,BNCI2014-008,4,0.6,1,0.6821920967833117,0.6893061224489796,0.978792413539127,0.8872640009549826
271,2,BNCI2014-008,4,0.7,1,0.6788232234722144,0.6782040816326531,0.9744542821321749,0.885025832993344
272,2,BNCI2014-008,4,0.8,1,0.6773610718525638,0.6796734693877551,0.9554423552377594,0.8696703930378836
273,2,BNCI2014-008,4,0.9,1,0.6927224828989769,0.6853877551020408,0.916045074989959,0.8356407717435456
274,2,BNCI2014-008,4,1.0,1,0.8121458533551925,0.785469387755102,7.897868300623999e-31,7.346299312014556e-31
275,2,BNCI2014-008,5,0.0,1,0.7257463960653514,0.6493061224489796,0.9898725897095081,0.8818959881824749
276,2,BNCI2014-008,5,0.1,1,0.7285133133585844,0.6435918367346938,0.9896936066158433,0.8818244310334453
277,2,BNCI2014-008,5,0.2,1,0.7090015263723218,0.6790204081632653,0.986982114287894,0.8809457085685016
278,2,BNCI2014-008,5,0.3,1,0.6991481711798294,0.667265306122449,0.985268371146618,0.8801687361737418
279,2,BNCI2014-008,5,0.4,1,0.6926863022217197,0.6693877551020408,0.98377071296117,0.8794423657133945
280,2,BNCI2014-008,5,0.5,1,0.6884296455424276,0.6739591836734693,0.9817062896266668,0.8790375171068703
281,2,BNCI2014-008,5,0.6,1,0.6851164000226129,0.6693877551020408,0.979422872606489,0.8782699141198232
282,2,BNCI2014-008,5,0.7,1,0.6802112047034881,0.670530612244898,0.9752462987146903,0.8748511459307383
283,2,BNCI2014-008,5,0.8,1,0.6796205551472666,0.6809795918367348,0.9568561759244583,0.8614123929337507
284,2,BNCI2014-008,5,0.9,1,0.6943198597998756,0.6747755102040816,0.9180234571367172,0.8263280923325542
285,2,BNCI2014-008,5,1.0,1,0.8168457233308836,0.7080816326530612,5.9813082644540205e-31,5.419928351730823e-31
286,2,BNCI2014-008,6,0.0,1,0.7189824184521453,0.7139591836734694,0.9898856342691412,0.9175835599652844
287,2,BNCI2014-008,6,0.1,1,0.7206354231443269,0.7299591836734693,0.989659422369202,0.9177551952359262
288,2,BNCI2014-008,6,0.2,1,0.702465939284301,0.7307755102040816,0.9867516969303611,0.9165222913320554
289,2,BNCI2014-008,6,0.3,1,0.6938196619367969,0.726204081632653,0.985026196860707,0.9163065374090026
290,2,BNCI2014-008,6,0.4,1,0.6880013567753971,0.7221224489795919,0.9835045439415658,0.9153290619987006
291,2,BNCI2014-008,6,0.5,1,0.6841286675334952,0.7226122448979592,0.9813925318778702,0.9145195747466911
292,2,BNCI2014-008,6,0.6,1,0.6807249703205382,0.7191836734693877,0.9790350164196446,0.9140048772336014
293,2,BNCI2014-008,6,0.7,1,0.6764362032901803,0.7204897959183674,0.974707075170354,0.909645800196616
294,2,BNCI2014-008,6,0.8,1,0.6755714851037368,0.7221224489795919,0.9559486203863626,0.891958744642109
295,2,BNCI2014-008,6,0.9,1,0.6982992820396856,0.734530612244898,0.9165158185388932,0.8582290919532772
296,2,BNCI2014-008,6,1.0,1,0.8172676804793939,0.8024489795918368,5.883306829498547e-31,5.574734594370783e-31
297,2,BNCI2014-008,7,0.0,1,0.7234367120809543,0.6538775510204081,0.9892120557443544,0.9036008945464273
298,2,BNCI2014-008,7,0.1,1,0.7248201707275708,0.6654693877551021,0.988959872593199,0.9029039856225686
299,2,BNCI2014-008,7,0.2,1,0.7070821414438351,0.6618775510204081,0.9862321959445939,0.9031071018846295
300,2,BNCI2014-008,7,0.3,1,0.6979985301599865,0.6711836734693878,0.9845055656350968,0.9024158855851208
301,2,BNCI2014-008,7,0.4,1,0.6917216349143536,0.6754285714285714,0.9829798755349322,0.9017881546324329
302,2,BNCI2014-008,7,0.5,1,0.6873605065294817,0.6734693877551021,0.9808885143624338,0.9000681006146519
303,2,BNCI2014-008,7,0.6,1,0.6834425914410086,0.6726530612244899,0.9784688619950306,0.8986491989035
304,2,BNCI2014-008,7,0.7,1,0.6820111933970264,0.6755918367346938,0.9740955461217704,0.8971731705665517
305,2,BNCI2014-008,7,0.8,1,0.6804572333088361,0.6502857142857144,0.9551496383803585,0.8817737422638509
306,2,BNCI2014-008,7,0.9,1,0.7036259822488552,0.6078367346938774,0.9151238933852391,0.8498643315894366
307,2,BNCI2014-008,7,1.0,1,0.8228051331335858,0.7449795918367347,1.0568541430598652e-30,9.852323979723032e-31
308,2,BNCI2014-008,8,0.0,1,0.7229053083837412,0.6561632653061225,0.989297193225183,0.9203204377374467
309,2,BNCI2014-008,8,0.1,1,0.7249942902368705,0.6455510204081631,0.9891638226381589,0.9201269330495457
310,2,BNCI2014-008,8,0.2,1,0.7067461134038102,0.6120816326530613,0.9864713368824171,0.9193833444288175
311,2,BNCI2014-008,8,0.3,1,0.6997216349143536,0.6081632653061225,0.984926904636192,0.9190901034281812
312,2,BNCI2014-008,8,0.4,1,0.6940426253603935,0.6042448979591837,0.9833914269733285,0.9189717839619547
313,2,BNCI2014-008,8,0.5,1,0.6906280739442592,0.5936326530612245,0.981318531852926,0.9176960676743187
314,2,BNCI2014-008,8,0.6,1,0.6870606591667139,0.5931428571428571,0.9789914716667517,0.9158902397089733
315,2,BNCI2014-008,8,0.7,1,0.6840753010345413,0.5937959183673469,0.9748262356098184,0.9142207440139516
316,2,BNCI2014-008,8,0.8,1,0.6831183221210921,0.5970612244897959,0.9564469264234893,0.8979941837718631
317,2,BNCI2014-008,8,0.9,1,0.6962681892701679,0.6431020408163265,0.917682024416534,0.8618285801893443
318,2,BNCI2014-008,8,1.0,1,0.8188374696138843,0.730938775510204,7.772576045529475e-31,7.217427733777567e-31
319,2,BNCI2014-008,9,0.0,1,0.7259720730397422,0.669387755102041,0.9891267544991903,0.9660107311102393
320,2,BNCI2014-008,9,0.1,1,0.7269742777997626,0.6816326530612244,0.9889197632742505,0.9655891636305994
321,2,BNCI2014-008,9,0.2,1,0.7084968059245859,0.6584489795918368,0.986113856008589,0.9642512916401912
322,2,BNCI2014-008,9,0.3,1,0.700532986601843,0.6594285714285714,0.9846134385747485,0.9629319909913214
323,2,BNCI2014-008,9,0.4,1,0.6943768443665554,0.6530612244897959,0.9831132099244558,0.9620148446646754
324,2,BNCI2014-008,9,0.5,1,0.6899741082028379,0.6618775510204082,0.9810298264455016,0.9608592696894027
325,2,BNCI2014-008,9,0.6,1,0.686349256600147,0.6610612244897959,0.9786949238079022,0.9592263491727062
326,2,BNCI2014-008,9,0.7,1,0.6817267228220929,0.662204081632653,0.9744179825382533,0.955774371133058
327,2,BNCI2014-008,9,0.8,1,0.6808570297925265,0.6615510204081633,0.955678432260808,0.9394781017205383
328,2,BNCI2014-008,9,0.9,1,0.7007161512804567,0.7123265306122449,0.9164414130939866,0.9070150682307191
329,2,BNCI2014-008,9,1.0,1,0.8172767256487082,0.8194285714285714,8.754736688196184e-31,8.11520176643183e-31
330,2,BNCI2014-008,10,0.0,1,0.7262683023347843,0.6311836734693878,0.9903501199070742,1.1480791218721282
331,2,BNCI2014-008,10,0.1,1,0.7286806489908982,0.6470204081632653,0.9901547472531653,1.1488423158077785
332,2,BNCI2014-008,10,0.2,1,0.7052355701283284,0.6633469387755102,0.9864035985004124,1.136890233683588
333,2,BNCI2014-008,10,0.3,1,0.7000644468313642,0.6638367346938775,0.985356003275296,1.1340295656332047
334,2,BNCI2014-008,10,0.4,1,0.6937545367177342,0.664,0.9839105464867224,1.1307185017973345
335,2,BNCI2014-008,10,0.5,1,0.6895146136016734,0.6604081632653062,0.9818380017187005,1.12884605388821
336,2,BNCI2014-008,10,0.6,1,0.6845384137034316,0.6574693877551022,0.9788965776345001,1.126263102295297
337,2,BNCI2014-008,10,0.7,1,0.6827759624625473,0.6535510204081633,0.9752833400978881,1.1225591193065905
338,2,BNCI2014-008,10,0.8,1,0.6817226524959015,0.6393469387755102,0.9574242081736267,1.1006376312727204
339,2,BNCI2014-008,10,0.9,1,0.6938680535926282,0.6416326530612244,0.9194445705739178,1.0681626742451327
340,2,BNCI2014-008,10,1.0,1,0.8232076431680706,0.7586938775510205,5.697851458546887e-31,6.365971664700077e-31
341,2,BNCI2014-008,11,0.0,1,0.7275699021991067,0.5813877551020409,0.9886573653622113,1.1083383467922874
342,2,BNCI2014-008,11,0.1,1,0.7298813952173666,0.5822040816326531,0.9886796385034315,1.1083746232378298
343,2,BNCI2014-008,11,0.2,1,0.7097450392899542,0.6083265306122448,0.9860178261879144,1.1069182019773067
344,2,BNCI2014-008,11,0.3,1,0.7015636836452033,0.5964081632653061,0.9843699568460414,1.1060118186371393
345,2,BNCI2014-008,11,0.4,1,0.6959561309288257,0.5802448979591837,0.9828775522238614,1.1053115812981495
346,2,BNCI2014-008,11,0.5,1,0.6918242975860704,0.5898775510204082,0.9807351362714378,1.1039798960832785
347,2,BNCI2014-008,11,0.6,1,0.6878172875798519,0.5808979591836735,0.9777085338240187,1.101941064782748
348,2,BNCI2014-008,11,0.7,1,0.6844520323364803,0.5740408163265305,0.9739639075421733,1.1007827962943513
349,2,BNCI2014-008,11,0.8,1,0.6845687150206343,0.5608163265306122,0.954777017562164,1.080770818490719
350,2,BNCI2014-008,11,0.9,1,0.7021366951212618,0.5588571428571428,0.9141041109549325,1.0471599210004456
351,2,BNCI2014-008,11,1.0,1,0.8240090451693142,0.6997551020408164,1.078402624229241e-30,1.2100010367700155e-30
352,2,BNCI2014-008,12,0.0,1,0.7188634744756628,0.7884081632653062,0.9892288220475569,0.9006082559251842
353,2,BNCI2014-008,12,0.1,1,0.7227271185482504,0.7867755102040817,0.9892004897363795,0.900479951191752
354,2,BNCI2014-008,12,0.2,1,0.7033785968681101,0.7720816326530612,0.9866777991022959,0.8998324061170077
355,2,BNCI2014-008,12,0.3,1,0.6942203629374188,0.7668571428571428,0.9848882647538135,0.8986598963613668
356,2,BNCI2014-008,12,0.4,1,0.6875522641189439,0.7668571428571428,0.9832880589366448,0.8973667645849305
357,2,BNCI2014-008,12,0.5,1,0.6827429475945503,0.7740408163265307,0.9811278416524791,0.895965889510515
358,2,BNCI2014-008,12,0.6,1,0.679066538526768,0.7742040816326531,0.97875578180495,0.8927743957864499
359,2,BNCI2014-008,12,0.7,1,0.6745927977839336,0.7782857142857144,0.974401592566882,0.8901131794079061
360,2,BNCI2014-008,12,0.8,1,0.6734368251455707,0.7686530612244897,0.955569768293216,0.8717786470946166
361,2,BNCI2014-008,12,0.9,1,0.6893753179942337,0.7714285714285714,0.9161280186846452,0.8402368819289703
362,2,BNCI2014-008,12,1.0,1,0.8286899202894453,0.8124081632653062,8.387691656896042e-31,7.712841899092664e-31
363,2,BNCI2014-008,13,0.0,1,0.7220722482898977,0.6796734693877551,0.9889493287065877,0.9426570190203447
364,2,BNCI2014-008,13,0.1,1,0.722675561083159,0.6928979591836735,0.988809657091646,0.9421431244093457
365,2,BNCI2014-008,13,0.2,1,0.7059130533099667,0.6566530612244897,0.9862638869537126,0.9427598884107846
366,2,BNCI2014-008,13,0.3,1,0.6982649103962915,0.673142857142857,0.984596478256752,0.9429301504790509
367,2,BNCI2014-008,13,0.4,1,0.6926514783198598,0.6734693877551021,0.9830239508936054,0.9422404896564546
368,2,BNCI2014-008,13,0.5,1,0.6885476850019786,0.677061224489796,0.9808602343026769,0.9414945755775279
369,2,BNCI2014-008,13,0.6,1,0.6847432867883996,0.6788571428571429,0.9784137312137245,0.939825255628802
370,2,BNCI2014-008,13,0.7,1,0.6823499349878456,0.6780408163265306,0.9739121991819323,0.9371513726324086
371,2,BNCI2014-008,13,0.8,1,0.6787734750409861,0.6702040816326531,0.9548243495052485,0.9202448342529891
372,2,BNCI2014-008,13,0.9,1,0.7021167957487704,0.6540408163265307,0.9152249212020713,0.8881748393363099
373,2,BNCI2014-008,13,1.0,1,0.8235233195771383,0.763265306122449,6.2655857202333256e-31,6.1995041368078194e-31
374,2,BNCI2014-008,14,0.0,1,0.723580530273051,0.6556734693877551,0.988999496173347,0.9374292112657538
375,2,BNCI2014-008,14,0.1,1,0.7239911809599185,0.6551836734693878,0.9886763171260179,0.9373286928084057
376,2,BNCI2014-008,14,0.2,1,0.7057149641019842,0.6406530612244898,0.9860750127355551,0.9376202262298341
377,2,BNCI2014-008,14,0.3,1,0.6988153089490644,0.6357551020408164,0.9846811662354988,0.9367076932172151
378,2,BNCI2014-008,14,0.4,1,0.6937577025269942,0.6306938775510204,0.9832833823679467,0.9366337151301585
379,2,BNCI2014-008,14,0.5,1,0.6903969698682797,0.6084897959183673,0.9813388553834166,0.9362140940541643
380,2,BNCI2014-008,14,0.6,1,0.6871398043982135,0.6052244897959185,0.979110487944594,0.9348842828740767
381,2,BNCI2014-008,14,0.7,1,0.6835393747526712,0.5895510204081632,0.9750785195697649,0.933950229728782
382,2,BNCI2014-008,14,0.8,1,0.6818610435864096,0.6019591836734693,0.9566632906527528,0.9185762646999394
383,2,BNCI2014-008,14,0.9,1,0.7007545932500423,0.6760816326530612,0.9178629603911177,0.8832066131175478
384,2,BNCI2014-008,14,1.0,1,0.8217834812595397,0.7815510204081632,9.361266013556378e-31,8.8211010607309e-31
385,2,BNCI2014-008,15,0.0,1,0.7205350217649387,0.7493877551020408,0.9884684608073062,0.9779166306223175
386,2,BNCI2014-008,15,0.1,1,0.7221247102719204,0.7552653061224489,0.9884856869376188,0.9780611642124047
387,2,BNCI2014-008,15,0.2,1,0.7030516139973996,0.7443265306122449,0.985898421017206,0.9764320175062827
388,2,BNCI2014-008,15,0.3,1,0.6954826163152241,0.7307755102040817,0.9842282949175939,0.9766723454257487
389,2,BNCI2014-008,15,0.4,1,0.6899098875007066,0.7239183673469387,0.982676689815837,0.9762031720322537
390,2,BNCI2014-008,15,0.5,1,0.6860426253603934,0.7224489795918367,0.9804396856438554,0.9749785280336154
391,2,BNCI2014-008,15,0.6,1,0.6822201368081858,0.7193469387755103,0.9772712578888164,0.9731381714550547
392,2,BNCI2014-008,15,0.7,1,0.6786463904121205,0.721469387755102,0.9733562699025371,0.9724020615074903
393,2,BNCI2014-008,15,0.8,1,0.6783058397874385,0.718530612244898,0.95345029542496,0.9560750729603863
394,2,BNCI2014-008,15,0.9,1,0.7046471818644355,0.7123265306122449,0.9119488071117965,0.914923886393723
395,2,BNCI2014-008,15,1.0,1,0.8102820962179886,0.7968979591836733,1.4799504397990294e-30,1.5294864637892837e-30
396,2,BNCI2014-008,16,0.0,1,0.7237333936344621,0.6937142857142857,0.9890383028235793,1.1224338029479701
397,2,BNCI2014-008,16,0.1,1,0.7245017807677088,0.7118367346938775,0.9888923273654888,1.1219887355738378
398,2,BNCI2014-008,16,0.2,1,0.7067135507942789,0.6907755102040816,0.9863359347482822,1.1206240087784756
399,2,BNCI2014-008,16,0.3,1,0.6979162191192265,0.691265306122449,0.9846257954438524,1.119742951393831
400,2,BNCI2014-008,16,0.4,1,0.6919821357906044,0.6888163265306123,0.9830791733477452,1.1184771844691639
401,2,BNCI2014-008,16,0.5,1,0.6882555260331279,0.6860408163265306,0.9809168246142032,1.116080262354396
402,2,BNCI2014-008,16,0.6,1,0.6842792696025779,0.6728163265306122,0.9778416355343588,1.1128744244798483
403,2,BNCI2014-008,16,0.7,1,0.6825620442082649,0.6705306122448979,0.9741112532686953,1.1093671620177497
404,2,BNCI2014-008,16,0.8,1,0.679594776414721,0.6666122448979592,0.954793806220533,1.0900757244195014
405,2,BNCI2014-008,16,0.9,1,0.7009296172762735,0.68,0.9141920702043045,1.0427143549704625
406,2,BNCI2014-008,16,1.0,1,0.8275719373622024,0.8013061224489796,6.216438197601653e-31,6.909574212692963e-31
407,2,BNCI2014-008,17,0.0,1,0.7218515461586297,0.7248979591836734,0.9887866861784648,0.8971146699633727
408,2,BNCI2014-008,17,0.1,1,0.7241083159025383,0.7232653061224489,0.9887412282156609,0.8964524626653084
409,2,BNCI2014-008,17,0.2,1,0.7051396913335972,0.7088979591836735,0.9862260466359889,0.8942126719167249
410,2,BNCI2014-008,17,0.3,1,0.6963844196958562,0.696,0.9845557842207349,0.893843279116526
411,2,BNCI2014-008,17,0.4,1,0.690600033919385,0.6840816326530613,0.9830389456921482,0.8930184525626957
412,2,BNCI2014-008,17,0.5,1,0.686696138843349,0.6866938775510205,0.9809126867481137,0.8914804205241963
413,2,BNCI2014-008,17,0.6,1,0.6831305330996665,0.6795102040816327,0.9784932940062449,0.8893183607200691
414,2,BNCI2014-008,17,0.7,1,0.6818357171123297,0.6608979591836734,0.9741753596646866,0.8877979447014537
415,2,BNCI2014-008,17,0.8,1,0.6792786477471875,0.6822857142857143,0.9551265969618377,0.8735354094720856
416,2,BNCI2014-008,17,0.9,1,0.7030063881508283,0.6889795918367347,0.9149640683311144,0.8448264389597807
417,2,BNCI2014-008,17,1.0,1,0.8134465487025836,0.8075102040816327,1.2340519181364172e-30,1.1644793269947546e-30
418,2,BNCI2014-008,18,0.0,1,0.7255021764938663,0.6279183673469387,0.9891446704690808,0.9213770012300316
419,2,BNCI2014-008,18,0.1,1,0.7266020690824807,0.6302040816326531,0.9888760816279475,0.9209912592324702
420,2,BNCI2014-008,18,0.2,1,0.7055684323590932,0.6524081632653062,0.9864826727364459,0.9198294069294257
421,2,BNCI2014-008,18,0.3,1,0.6982816439595227,0.6514285714285714,0.9849465759806955,0.9188796691402491
422,2,BNCI2014-008,18,0.4,1,0.6923434903047092,0.6540408163265305,0.9834157875372194,0.9188552733386044
423,2,BNCI2014-008,18,0.5,1,0.688132511730454,0.6591020408163265,0.9813023606305888,0.9179624310711059
424,2,BNCI2014-008,18,0.6,1,0.6845207756232687,0.6602448979591837,0.9789322391627202,0.9162128499099568
425,2,BNCI2014-008,18,0.7,1,0.6818226016168241,0.6628571428571428,0.9746747502075023,0.9135812380125596
426,2,BNCI2014-008,18,0.8,1,0.6785369438634179,0.6808163265306122,0.955919134077719,0.8991659969712259
427,2,BNCI2014-008,18,0.9,1,0.6988121431398044,0.6783673469387755,0.916054128394932,0.8709128157955679
428,2,BNCI2014-008,18,1.0,1,0.8231325682627622,0.8006530612244898,5.056789906052147e-31,4.94037189876057e-31
429,2,BNCI2014-008,19,0.0,1,0.7194907569676069,0.7766530612244897,0.9893317477014298,1.147335471263846
430,2,BNCI2014-008,19,0.1,1,0.7223834021143083,0.7764897959183674,0.9893052536389029,1.1490696107366771
431,2,BNCI2014-008,19,0.2,1,0.7043559274125163,0.7573877551020408,0.9864696856167274,1.1399237133789257
432,2,BNCI2014-008,19,0.3,1,0.6951000056532308,0.7564081632653062,0.9847168112918004,1.1366715960160636
433,2,BNCI2014-008,19,0.4,1,0.6892301430267398,0.7526530612244898,0.9831394444107886,1.1348583941983377
434,2,BNCI2014-008,19,0.5,1,0.6842005766295437,0.7457959183673469,0.9808904782368856,1.133034403921769
435,2,BNCI2014-008,19,0.6,1,0.6797132681327378,0.743673469387755,0.9777207759513744,1.131423938076336
436,2,BNCI2014-008,19,0.7,1,0.6765357001526371,0.7408979591836734,0.9739353093903953,1.12896636519871
437,2,BNCI2014-008,19,0.8,1,0.6745267680479394,0.7546122448979591,0.9542015587942603,1.1081197668059672
438,2,BNCI2014-008,19,0.9,1,0.6923584148340777,0.7995102040816326,0.9134787955316107,1.0511162780110495
439,2,BNCI2014-008,19,1.0,1,0.8255385833003561,0.8662857142857142,1.0296840753216726e-30,1.2216667530566962e-30
440,3,BNCI2014-008,0,0.0,1,0.8839224376731302,0.8308571428571428,0.9978734602442725,1.0177210063972315
441,3,BNCI2014-008,0,0.1,1,0.8838586692294647,0.833469387755102,0.9978059763560521,1.0176953592204725
442,3,BNCI2014-008,0,0.2,1,0.8832223415682063,0.8372244897959183,0.9976707627286702,1.0175588754913523
443,3,BNCI2014-008,0,0.3,1,0.8809470292272034,0.8390204081632653,0.9973911955968459,1.017289343452244
444,3,BNCI2014-008,0,0.4,1,0.8782144835773644,0.8372244897959183,0.9969682022957357,1.0163228775529678
445,3,BNCI2014-008,0,0.5,1,0.8728597433433207,0.8303673469387756,0.9955874156658252,1.016997625052976
446,3,BNCI2014-008,0,0.6,1,0.870576290349935,0.8257959183673469,0.9944712272737272,1.0182379986662684
447,3,BNCI2014-008,0,0.7,1,0.867738368477585,0.8262857142857143,0.9923768341518997,1.0163794235063799
448,3,BNCI2014-008,0,0.8,1,0.8522344960144723,0.8009795918367346,0.9828301522986775,1.0003777691001916
449,3,BNCI2014-008,0,0.9,1,0.831902312171406,0.7941224489795918,0.9651035524014098,0.9824741939871755
450,3,BNCI2014-008,0,1.0,1,0.9006311266889027,0.8084897959183672,8.712791197142247e-31,9.017881092619816e-31
451,3,BNCI2014-008,1,0.0,1,0.880460399118096,0.9008979591836734,0.9978451490204467,0.9679888767249075
452,3,BNCI2014-008,1,0.1,1,0.880279043473345,0.9008979591836735,0.9977792361624287,0.968047765447842
453,3,BNCI2014-008,1,0.2,1,0.8795477415342868,0.9030204081632652,0.9976449756822333,0.9680985705776183
454,3,BNCI2014-008,1,0.3,1,0.8774718751766635,0.9023673469387754,0.9973504456839616,0.9684991431524848
455,3,BNCI2014-008,1,0.4,1,0.8750066142800611,0.9017142857142857,0.9968657879972602,0.9691416688365305
456,3,BNCI2014-008,1,0.5,1,0.870289106224207,0.891265306122449,0.9954995376932135,0.968166448684566
457,3,BNCI2014-008,1,0.6,1,0.86686957996495,0.892408163265306,0.9944291440501213,0.9675317945228197
458,3,BNCI2014-008,1,0.7,1,0.865209339137317,0.8925714285714286,0.9922168289708004,0.965196047177667
459,3,BNCI2014-008,1,0.8,1,0.8479981909661373,0.8618775510204082,0.9823991289219227,0.9533681606992152
460,3,BNCI2014-008,1,0.9,1,0.8306459381536547,0.838530612244898,0.9644016810997018,0.9344749248297507
461,3,BNCI2014-008,1,1.0,1,0.8954663350104585,0.8932244897959183,9.470665481891408e-31,9.177598470436037e-31
462,3,BNCI2014-008,2,0.0,1,0.8830201820340324,0.8641632653061224,0.9977690452785535,0.9852703169158489
463,3,BNCI2014-008,2,0.1,1,0.8827262140313188,0.8644897959183673,0.9976912842223541,0.9852944948304267
464,3,BNCI2014-008,2,0.2,1,0.8823779750127198,0.8643265306122448,0.9975495772680684,0.9851526860977337
465,3,BNCI2014-008,2,0.3,1,0.8802989428458363,0.8617142857142858,0.9972461161782469,0.9848506963072009
466,3,BNCI2014-008,2,0.4,1,0.8777993103058397,0.8618775510204082,0.9967385616924197,0.9853097956096951
467,3,BNCI2014-008,2,0.5,1,0.8725752727683872,0.8613877551020408,0.9953185839053988,0.9863738118863205
468,3,BNCI2014-008,2,0.6,1,0.8693524789417152,0.8628571428571429,0.9942487722850717,0.9857078356685544
469,3,BNCI2014-008,2,0.7,1,0.8672028944541805,0.862204081632653,0.9919875340366822,0.9826993421727279
470,3,BNCI2014-008,2,0.8,1,0.8461240318842218,0.8466938775510204,0.9817018716764051,0.970428198591065
471,3,BNCI2014-008,2,0.9,1,0.8243360280400249,0.8026122448979592,0.9634656675924465,0.9524062216696684
472,3,BNCI2014-008,2,1.0,1,0.8943393069139012,0.9022040816326531,9.086799698701122e-31,8.887452814330506e-31
473,3,BNCI2014-008,3,0.0,1,0.8833960088190401,0.8667755102040816,0.9978726440760405,1.0062577228789775
474,3,BNCI2014-008,3,0.1,1,0.8833218384306631,0.8666122448979592,0.9978011145146571,1.0062332431425383
475,3,BNCI2014-008,3,0.2,1,0.8828148566905987,0.8680816326530612,0.9976523287473497,1.0064261061661832
476,3,BNCI2014-008,3,0.3,1,0.8807254225790038,0.8711836734693877,0.9973415585480457,1.0067853833893021
477,3,BNCI2014-008,3,0.4,1,0.8780476002035161,0.8716734693877551,0.9968343003686677,1.0083331886561038
478,3,BNCI2014-008,3,0.5,1,0.8731188874441745,0.8667755102040816,0.9954227202207471,1.0096174970057599
479,3,BNCI2014-008,3,0.6,1,0.8697215218497372,0.8662857142857142,0.9943614760770625,1.0094638595068162
480,3,BNCI2014-008,3,0.7,1,0.8676103793317882,0.8615510204081633,0.9920292161103318,1.008659572109765
481,3,BNCI2014-008,3,0.8,1,0.8514860082537171,0.8594285714285714,0.9823870171114375,0.9920896215015672
482,3,BNCI2014-008,3,0.9,1,0.8291675052292385,0.8444081632653061,0.9644215632978671,0.9733377685785255
483,3,BNCI2014-008,3,1.0,1,0.8931177567980102,0.8845714285714286,7.576515874533921e-31,7.679280561941299e-31
484,3,BNCI2014-008,4,0.0,1,0.8811812991124427,0.9012244897959184,0.9977127719751381,1.048066461672007
485,3,BNCI2014-008,4,0.1,1,0.880960144722709,0.900734693877551,0.9976489865502775,1.0480173782879787
486,3,BNCI2014-008,4,0.2,1,0.8803817061450618,0.8997551020408162,0.9975147821401058,1.0478698897839223
487,3,BNCI2014-008,4,0.3,1,0.8783628243541185,0.8950204081632653,0.9972210536314207,1.0473966744365593
488,3,BNCI2014-008,4,0.4,1,0.8758089207982361,0.8943673469387756,0.9967317432518253,1.0473621982637138
489,3,BNCI2014-008,4,0.5,1,0.8706292045904234,0.889469387755102,0.9952743198596735,1.0491063543288892
490,3,BNCI2014-008,4,0.6,1,0.8675683192944769,0.8860408163265306,0.9940850763882961,1.0502890877689952
491,3,BNCI2014-008,4,0.7,1,0.8655376787834246,0.8863673469387755,0.9917886185729055,1.0489934565602737
492,3,BNCI2014-008,4,0.8,1,0.8461326247950702,0.8362448979591837,0.981622549416303,1.0331099592237516
493,3,BNCI2014-008,4,0.9,1,0.8228815648142913,0.8274285714285715,0.9634031781783309,1.016201497447712
494,3,BNCI2014-008,4,1.0,1,0.8949512126180112,0.9033469387755101,8.533880689939792e-31,9.011631110200478e-31
495,3,BNCI2014-008,5,0.0,1,0.8845415795126915,0.8295510204081633,0.9978091005976525,1.030858516808003
496,3,BNCI2014-008,5,0.1,1,0.884351630957092,0.8315102040816327,0.9977417987041016,1.0307833645472992
497,3,BNCI2014-008,5,0.2,1,0.8836433941997852,0.8391836734693877,0.9976035461972318,1.030663450886592
498,3,BNCI2014-008,5,0.3,1,0.8811781333031827,0.8447346938775511,0.9973005897852066,1.0306739839685335
499,3,BNCI2014-008,5,0.4,1,0.8784618689581094,0.8452244897959184,0.9967980755460832,1.0314551237859741
500,3,BNCI2014-008,5,0.5,1,0.8732762733902425,0.8380408163265307,0.9953379777132421,1.0318289105695022
501,3,BNCI2014-008,5,0.6,1,0.8703067443043698,0.84,0.9942369854933317,1.0310886950662803
502,3,BNCI2014-008,5,0.7,1,0.8676831929447679,0.8427755102040817,0.9920103307728371,1.0291759019288882
503,3,BNCI2014-008,5,0.8,1,0.8502459155407315,0.8297142857142857,0.9821575151432442,1.0150938210195661
504,3,BNCI2014-008,5,0.9,1,0.8301982022725988,0.8089795918367346,0.9640922455370861,0.9967762678515877
505,3,BNCI2014-008,5,1.0,1,0.8962672847532365,0.8595918367346939,5.380415556712822e-31,5.501795010163136e-31
506,3,BNCI2014-008,6,0.0,1,0.8843321838430662,0.846204081632653,0.9978201619584974,0.9478176801945847
507,3,BNCI2014-008,6,0.1,1,0.8843014302673978,0.8481632653061224,0.997754133163648,0.9477823952867531
508,3,BNCI2014-008,6,0.2,1,0.8837659562439935,0.8499591836734693,0.9976159139632415,0.9475096825933319
509,3,BNCI2014-008,6,0.3,1,0.8816037085194188,0.8506122448979592,0.9973098243629148,0.9474124690543595
510,3,BNCI2014-008,6,0.4,1,0.8789136751653569,0.8517551020408163,0.9968012347480549,0.9478849074954729
511,3,BNCI2014-008,6,0.5,1,0.873385719938945,0.8532244897959184,0.9953919078986081,0.9490325330102406
512,3,BNCI2014-008,6,0.6,1,0.8708675448018544,0.8524081632653061,0.9943236627596905,0.9495213250649456
513,3,BNCI2014-008,6,0.7,1,0.8678089207982362,0.8546938775510203,0.9920463798876135,0.947514354514853
514,3,BNCI2014-008,6,0.8,1,0.8491880829894284,0.8375510204081631,0.9821966145207475,0.933483020548648
515,3,BNCI2014-008,6,0.9,1,0.8285655492113743,0.7983673469387755,0.9641595204865229,0.9167542955253761
516,3,BNCI2014-008,6,1.0,1,0.8983309401322856,0.8584489795918367,4.941005228445064e-31,4.806658477891166e-31
517,3,BNCI2014-008,7,0.0,1,0.8843882638928148,0.8359183673469387,0.997799046484142,0.9683551013670453
518,3,BNCI2014-008,7,0.1,1,0.8842589179716207,0.8344489795918367,0.9977382985794526,0.9682251339530403
519,3,BNCI2014-008,7,0.2,1,0.8836913335971507,0.8364081632653061,0.9975970474716975,0.9681600999770562
520,3,BNCI2014-008,7,0.3,1,0.8816570750183729,0.8370612244897959,0.9972845590942225,0.9681325181757173
521,3,BNCI2014-008,7,0.4,1,0.8792089999434677,0.8316734693877551,0.996769939521732,0.9685647320163548
522,3,BNCI2014-008,7,0.5,1,0.8740555147266662,0.8228571428571428,0.9953425545198227,0.9685913890206767
523,3,BNCI2014-008,7,0.6,1,0.8715762338176268,0.8271020408163264,0.9942064423751794,0.9683667624826913
524,3,BNCI2014-008,7,0.7,1,0.8692217762451241,0.8194285714285715,0.9918740663184619,0.9673854015389846
525,3,BNCI2014-008,7,0.8,1,0.850451693142631,0.7983673469387755,0.9822248987889284,0.9531755738745287
526,3,BNCI2014-008,7,0.9,1,0.8341450619028775,0.7838367346938775,0.9643439339768677,0.935628786596908
527,3,BNCI2014-008,7,1.0,1,0.8980084798462321,0.8718367346938776,8.53781001479934e-31,8.241377340036645e-31
528,3,BNCI2014-008,8,0.0,1,0.8815119000508792,0.8728163265306123,0.9977949069365161,0.9640761004925772
529,3,BNCI2014-008,8,0.1,1,0.8812486856238338,0.8716734693877551,0.9977367434536132,0.9639488513184252
530,3,BNCI2014-008,8,0.2,1,0.8808371304200351,0.8693877551020408,0.9975999981941208,0.9638099887427676
531,3,BNCI2014-008,8,0.3,1,0.8787178472497033,0.8720000000000001,0.9973002200433755,0.963668644087263
532,3,BNCI2014-008,8,0.4,1,0.8761386172197411,0.872,0.9968172403639326,0.9637652890363814
533,3,BNCI2014-008,8,0.5,1,0.8708051331335859,0.8706938775510205,0.9953952026088689,0.9635612291675396
534,3,BNCI2014-008,8,0.6,1,0.8675977160947481,0.8702040816326531,0.9942849189753786,0.9639747385221696
535,3,BNCI2014-008,8,0.7,1,0.865695064729493,0.8752653061224489,0.9920194623358028,0.9632070579781551
536,3,BNCI2014-008,8,0.8,1,0.84851059980779,0.8579591836734693,0.9820878750965508,0.9504613387775767
537,3,BNCI2014-008,8,0.9,1,0.8271843518570864,0.8217142857142857,0.9639941036563604,0.9330492637775432
538,3,BNCI2014-008,8,1.0,1,0.8965042681892701,0.8835918367346939,6.913464306041984e-31,6.6849015351571236e-31
539,3,BNCI2014-008,9,0.0,1,0.8800334671264628,0.9288163265306122,0.9977611933809848,1.0107160947632352
540,3,BNCI2014-008,9,0.1,1,0.879892814743626,0.9284897959183673,0.9976937030653827,1.010786099575086
541,3,BNCI2014-008,9,0.2,1,0.8793826671943015,0.9231020408163264,0.9975596302403217,1.0106889076440622
542,3,BNCI2014-008,9,0.3,1,0.8774849906721691,0.9128163265306122,0.9972597171858956,1.0107854471157547
543,3,BNCI2014-008,9,0.4,1,0.8750730962745208,0.9051428571428572,0.9967648084728036,1.0117297587566616
544,3,BNCI2014-008,9,0.5,1,0.8709638758550512,0.8884897959183673,0.9953232181146555,1.012644985224034
545,3,BNCI2014-008,9,0.6,1,0.8684167561761547,0.8835918367346939,0.9942028788316885,1.0115501466920944
546,3,BNCI2014-008,9,0.7,1,0.8652640624116684,0.8806530612244897,0.9919343906763307,1.0106164109764797
547,3,BNCI2014-008,9,0.8,1,0.8466604104245576,0.8357551020408164,0.9817597414341904,0.9944444526611368
548,3,BNCI2014-008,9,0.9,1,0.8243211035106564,0.8019591836734693,0.9642612175573544,0.9694329547934386
549,3,BNCI2014-008,9,1.0,1,0.9038756289219289,0.8478367346938774,1.1118501652636362e-30,1.1357918211790305e-30
550,3,BNCI2014-008,10,0.0,1,0.8845859008423315,0.876734693877551,0.9978772030800404,1.0209091006262152
551,3,BNCI2014-008,10,0.1,1,0.8845465543558143,0.8723265306122449,0.9978129198476953,1.020904625505428
552,3,BNCI2014-008,10,0.2,1,0.883987110633727,0.8708571428571428,0.997678278317805,1.0209071627569188
553,3,BNCI2014-008,10,0.3,1,0.881798631918141,0.8684081632653061,0.997394763378218,1.0207473044825117
554,3,BNCI2014-008,10,0.4,1,0.8791651308722936,0.8628571428571429,0.9969301134607425,1.0210810042139993
555,3,BNCI2014-008,10,0.5,1,0.8737651647916783,0.8576326530612245,0.9955933654882353,1.022490190081256
556,3,BNCI2014-008,10,0.6,1,0.8707083498219232,0.8548571428571428,0.9945551380973227,1.0224454820002846
557,3,BNCI2014-008,10,0.7,1,0.8686347447566283,0.8522448979591837,0.9923251758215995,1.0214954889352867
558,3,BNCI2014-008,10,0.8,1,0.8540159421109164,0.8558367346938776,0.9830616573845933,1.0045950310633287
559,3,BNCI2014-008,10,0.9,1,0.8330275312341003,0.8326530612244898,0.9649451648577799,0.9876190549864056
560,3,BNCI2014-008,10,1.0,1,0.8959597489965516,0.8313469387755101,7.978691215674027e-31,8.325891752689411e-31
561,3,BNCI2014-008,11,0.0,1,0.881395217366725,0.8914285714285715,0.9977844790917836,0.9488232508890716
562,3,BNCI2014-008,11,0.1,1,0.8810998925886143,0.8915918367346939,0.9977127405922641,0.9487788724635038
563,3,BNCI2014-008,11,0.2,1,0.8805350217649386,0.8935510204081633,0.9975763853444225,0.9486622350956875
564,3,BNCI2014-008,11,0.3,1,0.8783569449940641,0.8951836734693878,0.9972820144164136,0.9483437140583925
565,3,BNCI2014-008,11,0.4,1,0.8758025891797163,0.8932244897959184,0.9967689830581528,0.9485021695551435
566,3,BNCI2014-008,11,0.5,1,0.8706545310645034,0.8881632653061224,0.995291706498665,0.950027931294537
567,3,BNCI2014-008,11,0.6,1,0.8678432924416305,0.8840816326530613,0.9942246469072118,0.9495988882652707
568,3,BNCI2014-008,11,0.7,1,0.8659704901351122,0.8778775510204081,0.9919323449391942,0.9479798118917527
569,3,BNCI2014-008,11,0.8,1,0.8461371473797276,0.8476734693877551,0.9819591966803988,0.9349915327039017
570,3,BNCI2014-008,11,0.9,1,0.8232569393408332,0.835591836734694,0.9637350700921273,0.9186416611487139
571,3,BNCI2014-008,11,1.0,1,0.8954410085363786,0.8961632653061223,6.281495028588828e-31,5.941876195944836e-31
572,3,BNCI2014-008,12,0.0,1,0.884826050087625,0.8194285714285714,0.9978135317627833,0.9771064902801234
573,3,BNCI2014-008,12,0.1,1,0.8846546441291198,0.8199183673469388,0.9977478872253941,0.9770438294872502
574,3,BNCI2014-008,12,0.2,1,0.8840472610096669,0.818938775510204,0.9976136427898825,0.9769732968099349
575,3,BNCI2014-008,12,0.3,1,0.8820193340494092,0.8155102040816327,0.9973228113402086,0.9767940111360168
576,3,BNCI2014-008,12,0.4,1,0.8794685963027871,0.8140408163265307,0.9967957160498002,0.977560909550208
577,3,BNCI2014-008,12,0.5,1,0.8746163152241505,0.8096326530612246,0.995381397439107,0.9792419059805837
578,3,BNCI2014-008,12,0.6,1,0.8717173384589294,0.8070204081632653,0.994303357059028,0.9792457728148357
579,3,BNCI2014-008,12,0.7,1,0.8697174515235457,0.8076734693877552,0.9920802327053687,0.97834442847324
580,3,BNCI2014-008,12,0.8,1,0.8545989032732206,0.7931428571428571,0.9824461511870979,0.961210560202595
581,3,BNCI2014-008,12,0.9,1,0.832565775340607,0.7696326530612245,0.9645760836442083,0.9425623665772656
582,3,BNCI2014-008,12,1.0,1,0.8977307931482842,0.8226938775510205,1.4357995118026098e-30,1.4144117861226272e-30
583,3,BNCI2014-008,13,0.0,1,0.8814345638532421,0.8881632653061224,0.9977714331922943,0.9666991460245203
584,3,BNCI2014-008,13,0.1,1,0.8811917010571542,0.8881632653061224,0.9977089844844887,0.9666241651070665
585,3,BNCI2014-008,13,0.2,1,0.880835773644638,0.8839183673469388,0.9975751949363515,0.9664501796650145
586,3,BNCI2014-008,13,0.3,1,0.8790163378370738,0.8796734693877551,0.9972620586284169,0.9664460899276437
587,3,BNCI2014-008,13,0.4,1,0.8765890666515913,0.8767346938775511,0.9967432294384442,0.9663147719398985
588,3,BNCI2014-008,13,0.5,1,0.8721533156198767,0.8728163265306123,0.9952934214720465,0.9674122938437378
589,3,BNCI2014-008,13,0.6,1,0.8686953473910339,0.874938775510204,0.9941790891634175,0.967433890260321
590,3,BNCI2014-008,13,0.7,1,0.8668600825371702,0.8775510204081634,0.9918242591363431,0.9663647912348905
591,3,BNCI2014-008,13,0.8,1,0.849043812538866,0.8768979591836734,0.9820503821976626,0.9529061755947432
592,3,BNCI2014-008,13,0.9,1,0.8291268019673241,0.8525714285714285,0.9639110126365691,0.9353588624460297
593,3,BNCI2014-008,13,1.0,1,0.8955708067160383,0.8751020408163265,1.5630058018084531e-30,1.5214956883698549e-30
594,3,BNCI2014-008,14,0.0,1,0.8843955000282662,0.8269387755102041,0.9977159620788972,1.03522968685599
595,3,BNCI2014-008,14,0.1,1,0.8840463564927356,0.8305306122448979,0.9976476355515597,1.0353212840313577
596,3,BNCI2014-008,14,0.2,1,0.8835022895584829,0.8282448979591837,0.9975023840854863,1.035124614175363
597,3,BNCI2014-008,14,0.3,1,0.8811166261518458,0.8279183673469388,0.9971936309429867,1.0348488097439628
598,3,BNCI2014-008,14,0.4,1,0.8784103114930183,0.8266122448979593,0.9967034880224899,1.0350054324553548
599,3,BNCI2014-008,14,0.5,1,0.8730754706314658,0.8200816326530612,0.9952121354152138,1.036375484203965
600,3,BNCI2014-008,14,0.6,1,0.8698884052235851,0.814530612244898,0.9940314681345345,1.0371074026709415
601,3,BNCI2014-008,14,0.7,1,0.8682982644581377,0.8125714285714287,0.9917739110986431,1.0351329311410962
602,3,BNCI2014-008,14,0.8,1,0.8517591723670077,0.7658775510204081,0.9816146477075703,1.01946052147221
603,3,BNCI2014-008,14,0.9,1,0.829633331448923,0.7376326530612245,0.963659216131673,0.9998942972376975
604,3,BNCI2014-008,14,1.0,1,0.8974702922720335,0.8625306122448979,8.71961001986113e-31,9.241547711639262e-31
605,3,BNCI2014-008,15,0.0,1,0.8831477189213636,0.8677551020408164,0.9978069426583219,1.0601551897640806
606,3,BNCI2014-008,15,0.1,1,0.8828750070665385,0.8684081632653061,0.9977398594846814,1.0600775223041627
607,3,BNCI2014-008,15,0.2,1,0.8823074226920686,0.8685714285714287,0.9975998356914587,1.0598721645040956
608,3,BNCI2014-008,15,0.3,1,0.8799760303013171,0.869061224489796,0.9972948264819627,1.0596555198409414
609,3,BNCI2014-008,15,0.4,1,0.8775297642602747,0.8659591836734694,0.9968080918434198,1.0592864629171903
610,3,BNCI2014-008,15,0.5,1,0.8726467296059698,0.8630204081632654,0.995357938053096,1.0614337396341909
611,3,BNCI2014-008,15,0.6,1,0.8704908134999153,0.859265306122449,0.9943098484149216,1.0612202985050097
612,3,BNCI2014-008,15,0.7,1,0.8672236983436034,0.8610612244897959,0.9920938113981121,1.0590769260728354
613,3,BNCI2014-008,15,0.8,1,0.8466038781163433,0.8422857142857143,0.9822126181790911,1.0441325833705004
614,3,BNCI2014-008,15,0.9,1,0.8248760246480864,0.8148571428571428,0.9642266185012807,1.0254736036120873
615,3,BNCI2014-008,15,1.0,1,0.8980817457176776,0.8933877551020408,6.001612388065254e-31,6.4533477486843585e-31
616,3,BNCI2014-008,16,0.0,1,0.8808213013737349,0.9044897959183673,0.9978090883019457,0.9618723265367686
617,3,BNCI2014-008,16,0.1,1,0.8805702979252643,0.9056326530612244,0.9977417451176983,0.9618139064423296
618,3,BNCI2014-008,16,0.2,1,0.8798914579682289,0.9072653061224489,0.9976048174807015,0.9616785792130895
619,3,BNCI2014-008,16,0.3,1,0.8775966985132002,0.9093877551020408,0.9973096394912623,0.9614753308925162
620,3,BNCI2014-008,16,0.4,1,0.8750997795239978,0.9090612244897959,0.996816644400278,0.9617156100748602
621,3,BNCI2014-008,16,0.5,1,0.8697025269941772,0.9043265306122449,0.9953877158710654,0.9619750857220251
622,3,BNCI2014-008,16,0.6,1,0.8675416360449997,0.8979591836734694,0.9942598520271485,0.9625146716364523
623,3,BNCI2014-008,16,0.7,1,0.8649348182486291,0.900734693877551,0.9919794478608311,0.9629702478644773
624,3,BNCI2014-008,16,0.8,1,0.8443787664650347,0.8765714285714286,0.9821277342552623,0.9470299992599722
625,3,BNCI2014-008,16,0.9,1,0.825562552999039,0.8564897959183673,0.9641493938571161,0.929270067830881
626,3,BNCI2014-008,16,1.0,1,0.8979560178642093,0.8981224489795918,4.698772407676785e-31,4.505549681148594e-31
627,3,BNCI2014-008,17,0.0,1,0.8817027531234098,0.8840816326530612,0.9977857915745475,1.0282223587185302
628,3,BNCI2014-008,17,0.1,1,0.8815462716942732,0.8839183673469387,0.9977225423661655,1.028162988472355
629,3,BNCI2014-008,17,0.2,1,0.8810496918989202,0.8821224489795918,0.9975892949374405,1.028058075070811
630,3,BNCI2014-008,17,0.3,1,0.8790258352648539,0.8827755102040816,0.9973014819189386,1.0278529431564924
631,3,BNCI2014-008,17,0.4,1,0.8763629374187348,0.8798367346938775,0.9968490640844162,1.0283195396490232
632,3,BNCI2014-008,17,0.5,1,0.8714622646842669,0.8814693877551021,0.9953928125135589,1.030832576053253
633,3,BNCI2014-008,17,0.6,1,0.8688287636384192,0.8729795918367348,0.994403800630587,1.0296019223049344
634,3,BNCI2014-008,17,0.7,1,0.8657932048165528,0.8677551020408163,0.9921402602464209,1.0278398446776469
635,3,BNCI2014-008,17,0.8,1,0.8475712589745039,0.8367346938775511,0.9820666430039906,1.0110218614404916
636,3,BNCI2014-008,17,0.9,1,0.8280106280739443,0.822204081632653,0.9639639011776734,0.992688756972892
637,3,BNCI2014-008,17,1.0,1,0.8957621120470349,0.9093877551020407,6.842270853687099e-31,6.949661004114426e-31
638,3,BNCI2014-008,18,0.0,1,0.8814969755215105,0.8951836734693878,0.997802847177225,1.0148913774539647
639,3,BNCI2014-008,18,0.1,1,0.8813888857482051,0.8951836734693878,0.9977476987581415,1.01493657518919
640,3,BNCI2014-008,18,0.2,1,0.8807643168070551,0.8925714285714286,0.9976109378386118,1.0149784076823214
641,3,BNCI2014-008,18,0.3,1,0.8785360393464866,0.8911020408163265,0.9973305522703588,1.014901069722618
642,3,BNCI2014-008,18,0.4,1,0.8758794731188876,0.8878367346938775,0.9969028324780995,1.014963998619536
643,3,BNCI2014-008,18,0.5,1,0.8703976482559783,0.8832653061224489,0.9955805577420753,1.0155408266681853
644,3,BNCI2014-008,18,0.6,1,0.8672956074396517,0.8817959183673469,0.9944867256665461,1.0163550271219046
645,3,BNCI2014-008,18,0.7,1,0.865307026965911,0.8800000000000001,0.9922633538140895,1.0178298025275019
646,3,BNCI2014-008,18,0.8,1,0.8465640793713608,0.8452244897959184,0.9817841909620928,0.9987696792971414
647,3,BNCI2014-008,18,0.9,1,0.822478602521341,0.8125714285714285,0.9636277991487933,0.9789596767324461
648,3,BNCI2014-008,18,1.0,1,0.8963916558313075,0.9048163265306123,6.666914386237296e-31,6.74914641943099e-31
649,3,BNCI2014-008,19,0.0,1,0.8813486347447567,0.8871836734693878,0.9978167435796572,0.9994012896859483
650,3,BNCI2014-008,19,0.1,1,0.8811179829272429,0.8904489795918367,0.9977371944542868,0.999519405276124
651,3,BNCI2014-008,19,0.2,1,0.8803550228955848,0.8925714285714286,0.9975988763699972,0.9994743800716854
652,3,BNCI2014-008,19,0.3,1,0.8781719712815875,0.8932244897959183,0.9973063758353844,0.9990150300485299
653,3,BNCI2014-008,19,0.4,1,0.8755122392447284,0.8930612244897959,0.9967796610894574,0.9995519245460184
654,3,BNCI2014-008,19,0.5,1,0.8701982022725988,0.892734693877551,0.9953016607144896,1.000935072674902
655,3,BNCI2014-008,19,0.6,1,0.8671739499123748,0.8914285714285715,0.9941995807746704,1.0005977339599328
656,3,BNCI2014-008,19,0.7,1,0.8653187856860195,0.8896326530612245,0.9919885974512894,0.9990108205480663
657,3,BNCI2014-008,19,0.8,1,0.8451964497710441,0.8675918367346939,0.9819721221717611,0.9847246716194553
658,3,BNCI2014-008,19,0.9,1,0.8207957487704222,0.844734693877551,0.9637089482065547,0.9665722070455768
659,3,BNCI2014-008,19,1.0,1,0.8949837752275426,0.8886530612244897,1.2980462501261377e-30,1.2943572249613007e-30
660,4,BNCI2014-008,0,0.0,1,0.8145161399739951,0.8494693877551021,0.9968247314524188,0.9474718018510717
661,4,BNCI2014-008,0,0.1,1,0.8143917688959241,0.8497959183673469,0.996700024566645,0.947675338108565
662,4,BNCI2014-008,0,0.2,1,0.8124461529764261,0.8444081632653061,0.9961115241211189,0.9472859350247044
663,4,BNCI2014-008,0,0.3,1,0.8078245237153033,0.8360816326530611,0.9950717704480578,0.9462865606234816
664,4,BNCI2014-008,0,0.4,1,0.8021513935213974,0.8275918367346939,0.9932021681202308,0.9450764370587363
665,4,BNCI2014-008,0,0.5,1,0.7950758098253151,0.8109387755102041,0.9904022179194045,0.9429891818156652
666,4,BNCI2014-008,0,0.6,1,0.7848457233308836,0.7968979591836735,0.9856541272201734,0.9381036631288503
667,4,BNCI2014-008,0,0.7,1,0.7763432641754763,0.788734693877551,0.9802159638566058,0.9322967091588873
668,4,BNCI2014-008,0,0.8,1,0.7442211543897337,0.7528163265306123,0.9620258556651218,0.9134339780546299
669,4,BNCI2014-008,0,0.9,1,0.7292685849963254,0.7033469387755102,0.9381710874690893,0.8891273064754434
670,4,BNCI2014-008,0,1.0,1,0.8232863361411046,0.8644897959183674,7.857164699733619e-31,7.505288521761005e-31
671,4,BNCI2014-008,1,0.0,1,0.815588444796201,0.8320000000000001,0.9966845261454175,1.098076320500412
672,4,BNCI2014-008,1,0.1,1,0.8154663350104585,0.8339591836734693,0.996568797863434,1.0980632488860647
673,4,BNCI2014-008,1,0.2,1,0.8130747922437673,0.8362448979591837,0.9959885435777299,1.0976592984637743
674,4,BNCI2014-008,1,0.3,1,0.8081614562722597,0.8333061224489796,0.9949484185713569,1.0969670489392473
675,4,BNCI2014-008,1,0.4,1,0.8022866188026457,0.8295510204081633,0.99312080676374,1.095428448846024
676,4,BNCI2014-008,1,0.5,1,0.7954104810899427,0.8202448979591836,0.9904733872586025,1.0925721311030616
677,4,BNCI2014-008,1,0.6,1,0.7852627056362711,0.8125714285714286,0.9859299245556549,1.0876867698754105
678,4,BNCI2014-008,1,0.7,1,0.7771736107185255,0.8088163265306122,0.9806294973780862,1.081559941951881
679,4,BNCI2014-008,1,0.8,1,0.7476406806489908,0.7781224489795917,0.9626523797300953,1.0628858912524604
680,4,BNCI2014-008,1,0.9,1,0.7321775114477924,0.7616326530612245,0.9384488543744066,1.0385631778506488
681,4,BNCI2014-008,1,1.0,1,0.820647860252134,0.8530612244897959,9.549331336207982e-31,1.0518374637728168e-30
682,4,BNCI2014-008,2,0.0,1,0.8198505285770817,0.7217959183673469,0.9964959394826682,0.98241584677086
683,4,BNCI2014-008,2,0.1,1,0.8195533947651084,0.7250612244897959,0.9963723538821674,0.9823260768803246
684,4,BNCI2014-008,2,0.2,1,0.8172183843066313,0.7371428571428571,0.9957881623258116,0.981958669512618
685,4,BNCI2014-008,2,0.3,1,0.8122783650856465,0.7405714285714284,0.9947880753766872,0.9813750533928963
686,4,BNCI2014-008,2,0.4,1,0.8067097065973204,0.7399183673469387,0.9929872500784739,0.9797536896192975
687,4,BNCI2014-008,2,0.5,1,0.8001926621063938,0.7355102040816326,0.9904394586790295,0.9777056029425027
688,4,BNCI2014-008,2,0.6,1,0.7901547854598903,0.7346938775510203,0.9859633765955894,0.9732912198406567
689,4,BNCI2014-008,2,0.7,1,0.7817391599298998,0.7384489795918366,0.9805958329585843,0.967123174836014
690,4,BNCI2014-008,2,0.8,1,0.7518349256600146,0.7033469387755102,0.9624529514977436,0.9478195816877609
691,4,BNCI2014-008,2,0.9,1,0.7359339702640059,0.6901224489795919,0.9382372308855317,0.923918177071759
692,4,BNCI2014-008,2,1.0,1,0.829604839165583,0.7782857142857144,1.7551360130013718e-30,1.714187994991316e-30
693,4,BNCI2014-008,3,0.0,1,0.8147490530838374,0.8628571428571429,0.9969312605470741,0.9581476594223096
694,4,BNCI2014-008,3,0.1,1,0.8145961897224263,0.8613877551020408,0.9968297987573717,0.9581931355663623
695,4,BNCI2014-008,3,0.2,1,0.812208265023461,0.8688979591836734,0.9962400470545361,0.9579333690218463
696,4,BNCI2014-008,3,0.3,1,0.8071850302447849,0.8679183673469388,0.9951893417573544,0.9573814216531702
697,4,BNCI2014-008,3,0.4,1,0.801666572446153,0.8653061224489796,0.993293434622618,0.9563660826473817
698,4,BNCI2014-008,3,0.5,1,0.7946452597659561,0.8617142857142857,0.9903910129431138,0.9550300705404612
699,4,BNCI2014-008,3,0.6,1,0.7842876363841935,0.8458775510204082,0.9856087472714549,0.9511371582263768
700,4,BNCI2014-008,3,0.7,1,0.7731403697212957,0.8150204081632653,0.9787781811141428,0.9448941675066671
701,4,BNCI2014-008,3,0.8,1,0.74400633161852,0.7665306122448979,0.9618966974633576,0.9276839534259197
702,4,BNCI2014-008,3,0.9,1,0.7285422579003901,0.7400816326530613,0.9375797712766228,0.90477051171739
703,4,BNCI2014-008,3,1.0,1,0.8263870201820341,0.8594285714285713,1.1018149367002337e-30,1.084260847100767e-30
704,4,BNCI2014-008,4,0.0,1,0.8143456385324213,0.866938775510204,0.9968055037927805,1.1069213666597788
705,4,BNCI2014-008,4,0.1,1,0.8142687545932501,0.867591836734694,0.9966759434865242,1.106969350672857
706,4,BNCI2014-008,4,0.2,1,0.8116863587540281,0.8688979591836735,0.9960687159038177,1.1063498535295115
707,4,BNCI2014-008,4,0.3,1,0.8068526202724857,0.8600816326530611,0.9950221177095007,1.1053384361991798
708,4,BNCI2014-008,4,0.4,1,0.801196675900277,0.8540408163265306,0.9931743997473762,1.1036130242002598
709,4,BNCI2014-008,4,0.5,1,0.7943137543105886,0.8419591836734694,0.990518737492229,1.1002770550312742
710,4,BNCI2014-008,4,0.6,1,0.7845092430323931,0.8298775510204082,0.9859675099604313,1.0950684338896979
711,4,BNCI2014-008,4,0.7,1,0.7764404997456046,0.8120816326530611,0.9806258557990766,1.0887007718957056
712,4,BNCI2014-008,4,0.8,1,0.7455919497993102,0.7679999999999999,0.9625053431930725,1.0700233039770857
713,4,BNCI2014-008,4,0.9,1,0.7305362654757195,0.7391020408163266,0.9384807322723084,1.0443670974636448
714,4,BNCI2014-008,4,1.0,1,0.8246851715755554,0.8751020408163265,6.969968763116806e-31,7.552980256211601e-31
715,4,BNCI2014-008,5,0.0,1,0.8199418847871559,0.7436734693877551,0.9966984250079507,0.9956780306528467
716,4,BNCI2014-008,5,0.1,1,0.8197207303974222,0.7461224489795918,0.996596255130162,0.995595836047824
717,4,BNCI2014-008,5,0.2,1,0.8179424501102379,0.7369795918367347,0.9960204375826263,0.9950803249750331
718,4,BNCI2014-008,5,0.3,1,0.8136125275595003,0.7247346938775511,0.9950042010540767,0.9939919659580045
719,4,BNCI2014-008,5,0.4,1,0.8084789417151902,0.7164081632653061,0.9931670312599695,0.9922338034177807
720,4,BNCI2014-008,5,0.5,1,0.8017172253943129,0.7025306122448979,0.9904791687447076,0.9894543082031895
721,4,BNCI2014-008,5,0.6,1,0.791452767256487,0.6866938775510204,0.9859618900789145,0.9841939435699013
722,4,BNCI2014-008,5,0.7,1,0.7822303126236643,0.6713469387755102,0.9807090107375024,0.9782218891874837
723,4,BNCI2014-008,5,0.8,1,0.752190853072531,0.6453877551020408,0.9627232187821447,0.9586072884911702
724,4,BNCI2014-008,5,0.9,1,0.7347739272994517,0.6520816326530613,0.9385870013048612,0.9337168341741204
725,4,BNCI2014-008,5,1.0,1,0.8308367912261858,0.7724081632653061,1.2410104292969658e-30,1.2480383441260068e-30
726,4,BNCI2014-008,6,0.0,1,0.8167991407089152,0.8114285714285715,0.9968683818775328,0.9878231175226588
727,4,BNCI2014-008,6,0.1,1,0.8166738651139127,0.8130612244897959,0.9967552187232815,0.9878416723210226
728,4,BNCI2014-008,6,0.2,1,0.8145156877155293,0.8111020408163265,0.9961848949586185,0.9872138778346169
729,4,BNCI2014-008,6,0.3,1,0.8099166713776923,0.8039183673469388,0.9951721556024652,0.9864382849313982
730,4,BNCI2014-008,6,0.4,1,0.8044782633274916,0.7968979591836735,0.9933445453377574,0.9849994958082023
731,4,BNCI2014-008,6,0.5,1,0.7977870993272655,0.7895510204081633,0.9906349392789748,0.9838570587570691
732,4,BNCI2014-008,6,0.6,1,0.7874471140256657,0.7828571428571428,0.9860620268935991,0.9805141583938805
733,4,BNCI2014-008,6,0.7,1,0.7786289784611906,0.776326530612245,0.9807956854259228,0.9755637258566163
734,4,BNCI2014-008,6,0.8,1,0.7469631974673525,0.7444897959183673,0.962583276999999,0.9578496024977878
735,4,BNCI2014-008,6,0.9,1,0.7334112725422579,0.7204897959183674,0.9383465414240069,0.9335137623309523
736,4,BNCI2014-008,6,1.0,1,0.8308051331335858,0.8006530612244898,7.700882230425037e-31,7.802377008028698e-31
737,4,BNCI2014-008,7,0.0,1,0.8143736785572955,0.8556734693877552,0.9967669167263786,0.9663756021749763
738,4,BNCI2014-008,7,0.1,1,0.8141905138786816,0.8566530612244898,0.9966640327835852,0.9662207697730797
739,4,BNCI2014-008,7,0.2,1,0.8119947990276444,0.8501224489795917,0.9960853351912767,0.9654328654500394
740,4,BNCI2014-008,7,0.3,1,0.807162869579965,0.8445714285714285,0.9950733107741287,0.9642580394351322
741,4,BNCI2014-008,7,0.4,1,0.8018244106506868,0.8347755102040817,0.9932697027634717,0.9620382448291449
742,4,BNCI2014-008,7,0.5,1,0.7951242014811464,0.8259591836734694,0.9906316658707915,0.9592762482853752
743,4,BNCI2014-008,7,0.6,1,0.785269037254791,0.8132244897959183,0.9860637796901465,0.9558011607398026
744,4,BNCI2014-008,7,0.7,1,0.7764183390807846,0.8052244897959184,0.9806945951581291,0.9505433157056137
745,4,BNCI2014-008,7,0.8,1,0.7465439538696366,0.7724081632653061,0.9623803321604979,0.9341511661940015
746,4,BNCI2014-008,7,0.9,1,0.7305389790265137,0.737469387755102,0.9383154233203194,0.9120696799728096
747,4,BNCI2014-008,7,1.0,1,0.8336104923964045,0.7959183673469388,6.994301521874212e-31,6.865801633035635e-31
748,4,BNCI2014-008,8,0.0,1,0.8237734185086778,0.6772244897959183,0.9966597331377325,0.9836978662287676
749,4,BNCI2014-008,8,0.1,1,0.8235486460512184,0.6793469387755102,0.9965403690984284,0.983759841173333
750,4,BNCI2014-008,8,0.2,1,0.8218960936175024,0.6719999999999999,0.9960075357580578,0.9832629158045332
751,4,BNCI2014-008,8,0.3,1,0.8173020521227882,0.6685714285714285,0.9950606412117875,0.982387062107799
752,4,BNCI2014-008,8,0.4,1,0.8120413816496127,0.6597551020408163,0.9933521209734688,0.9806046922717805
753,4,BNCI2014-008,8,0.5,1,0.8055125784385776,0.6537142857142857,0.9908713918584854,0.9781226270526703
754,4,BNCI2014-008,8,0.6,1,0.7957315846005992,0.6515918367346939,0.9865504072578324,0.9738180687378356
755,4,BNCI2014-008,8,0.7,1,0.7873019390581717,0.6511020408163265,0.9814918000012927,0.9683144240138406
756,4,BNCI2014-008,8,0.8,1,0.7564334897393861,0.660734693877551,0.9637359274786402,0.9507853218488915
757,4,BNCI2014-008,8,0.9,1,0.7377470744530499,0.664,0.9395038045120834,0.9269759917334537
758,4,BNCI2014-008,8,1.0,1,0.8323631635479677,0.7503673469387755,6.096939138878739e-31,6.094201854747406e-31
759,4,BNCI2014-008,9,0.0,1,0.8196329922550738,0.7506938775510205,0.9968304645241136,0.9755438160232625
760,4,BNCI2014-008,9,0.1,1,0.8191947538017976,0.7524897959183674,0.9967174036265476,0.9755845365284695
761,4,BNCI2014-008,9,0.2,1,0.8170781841822602,0.749061224489796,0.9961722511501089,0.9751288153426347
762,4,BNCI2014-008,9,0.3,1,0.8123774096896376,0.7482448979591836,0.9951949517249622,0.9739291424484045
763,4,BNCI2014-008,9,0.4,1,0.8071208095426535,0.744326530612245,0.9934322790427642,0.9720291257220881
764,4,BNCI2014-008,9,0.5,1,0.8004934139860932,0.7426938775510205,0.9907443177963455,0.9692556215819874
765,4,BNCI2014-008,9,0.6,1,0.7903103623720956,0.7369795918367348,0.9861888298248886,0.9642992722423309
766,4,BNCI2014-008,9,0.7,1,0.781319464073718,0.7343673469387756,0.9809080140891897,0.958522330066653
767,4,BNCI2014-008,9,0.8,1,0.749314941489061,0.7084081632653061,0.9626821387620339,0.9387373032955189
768,4,BNCI2014-008,9,0.9,1,0.7332299168975068,0.6835918367346938,0.938592359376862,0.9146993724690473
769,4,BNCI2014-008,9,1.0,1,0.8283656509695291,0.7815510204081633,2.0611578585272025e-30,2.0654090324366877e-30
770,4,BNCI2014-008,10,0.0,1,0.8186104358640962,0.7833469387755102,0.9968315000148695,0.9886414705148201
771,4,BNCI2014-008,10,0.1,1,0.818215161965063,0.7830204081632653,0.9967252210614937,0.9888107742893769
772,4,BNCI2014-008,10,0.2,1,0.8160257787325457,0.782530612244898,0.9961509362999458,0.9882629279708621
773,4,BNCI2014-008,10,0.3,1,0.8113901294589858,0.7766530612244897,0.9951185992526662,0.9869851590345874
774,4,BNCI2014-008,10,0.4,1,0.805947198824128,0.7769795918367347,0.993273371536409,0.9849971803959909
775,4,BNCI2014-008,10,0.5,1,0.7994446266041042,0.7665306122448979,0.9906341761573355,0.9814562959159373
776,4,BNCI2014-008,10,0.6,1,0.7892932330827067,0.7585306122448979,0.9860995655629973,0.9757371017719153
777,4,BNCI2014-008,10,0.7,1,0.7807369551698795,0.7449795918367348,0.9807957937231891,0.9694583672713198
778,4,BNCI2014-008,10,0.8,1,0.7511447792413365,0.7046530612244898,0.9630530246626008,0.9495418312095104
779,4,BNCI2014-008,10,0.9,1,0.7346364407258749,0.6937142857142857,0.9391597892108461,0.9255599203906368
780,4,BNCI2014-008,10,1.0,1,0.8257561196223642,0.7998367346938775,7.7422066318949495e-31,7.775612499498123e-31
781,4,BNCI2014-008,11,0.0,1,0.8162265814913222,0.8357551020408163,0.9969647706433012,0.9364490168207744
782,4,BNCI2014-008,11,0.1,1,0.8159692464243316,0.8375510204081631,0.996857807374694,0.9363989517994312
783,4,BNCI2014-008,11,0.2,1,0.8135148397309062,0.8427755102040816,0.9962929248509063,0.9361375619174168
784,4,BNCI2014-008,11,0.3,1,0.8081822601616825,0.8437551020408163,0.9952868703119288,0.935428916013263
785,4,BNCI2014-008,11,0.4,1,0.8025222454632823,0.8437551020408163,0.9934742716113543,0.9338684651281434
786,4,BNCI2014-008,11,0.5,1,0.7958129911244276,0.8426122448979592,0.9907766407280808,0.9317189989789668
787,4,BNCI2014-008,11,0.6,1,0.7860681779637061,0.8341224489795918,0.9862225830455978,0.9278396846596517
788,4,BNCI2014-008,11,0.7,1,0.7784919441460794,0.8246530612244898,0.980962272319231,0.9228441198370574
789,4,BNCI2014-008,11,0.8,1,0.7483746961388433,0.7848163265306122,0.9631786704865418,0.904661404549585
790,4,BNCI2014-008,11,0.9,1,0.7320133416247385,0.7670204081632653,0.9391945953404571,0.8823045742079944
791,4,BNCI2014-008,11,1.0,1,0.8312515122392448,0.8679183673469388,6.759370522647598e-31,6.446798115299952e-31
792,4,BNCI2014-008,12,0.0,1,0.8186475210582848,0.7812244897959184,0.996606113904412,0.9553640523964926
793,4,BNCI2014-008,12,0.1,1,0.8185172706201596,0.7818775510204081,0.9965014075970708,0.9551988334233381
794,4,BNCI2014-008,12,0.2,1,0.8162582395839222,0.779265306122449,0.9959191273176587,0.9548144340205377
795,4,BNCI2014-008,12,0.3,1,0.8113530442647974,0.7720816326530613,0.994918991282367,0.9539978078957636
796,4,BNCI2014-008,12,0.4,1,0.8055519249250946,0.7684897959183673,0.9931406216734647,0.9527265425940493
797,4,BNCI2014-008,12,0.5,1,0.7986699078523377,0.7595102040816326,0.9905159741272199,0.9501492401052674
798,4,BNCI2014-008,12,0.6,1,0.7891435355305557,0.7497142857142857,0.9860248903236402,0.9458961658086634
799,4,BNCI2014-008,12,0.7,1,0.7804782633274916,0.7288163265306122,0.9807663955798641,0.9409510432888168
800,4,BNCI2014-008,12,0.8,1,0.7501199615580305,0.6953469387755102,0.962753352029376,0.9217347853817162
801,4,BNCI2014-008,12,0.9,1,0.733469613884335,0.6907755102040817,0.9386124742421796,0.8979573918013207
802,4,BNCI2014-008,12,1.0,1,0.8249619537565718,0.7484081632653061,9.3237154657931e-31,9.05976887436896e-31
803,4,BNCI2014-008,13,0.0,1,0.8176891853694387,0.7748571428571428,0.9967557636349551,0.985747612965081
804,4,BNCI2014-008,13,0.1,1,0.8175553168635875,0.7738775510204081,0.9966369200056968,0.985808977436158
805,4,BNCI2014-008,13,0.2,1,0.8154098027022444,0.7789387755102041,0.9960484945491231,0.9851140067758728
806,4,BNCI2014-008,13,0.3,1,0.8106280739442591,0.7805714285714287,0.9950258400864264,0.983983423112402
807,4,BNCI2014-008,13,0.4,1,0.8052593136977783,0.777469387755102,0.9932173928435944,0.9822892749678086
808,4,BNCI2014-008,13,0.5,1,0.7983424727231614,0.7750204081632653,0.9905394012532547,0.9794945603635539
809,4,BNCI2014-008,13,0.6,1,0.788247611509978,0.7662040816326531,0.9860084228068113,0.9747586035303848
810,4,BNCI2014-008,13,0.7,1,0.7792214370512748,0.7554285714285714,0.9806765741479939,0.9694534224918234
811,4,BNCI2014-008,13,0.8,1,0.7489341398609306,0.7203265306122448,0.9624944316126807,0.9519834598695268
812,4,BNCI2014-008,13,0.9,1,0.7364418565210018,0.6979591836734693,0.9385361471006545,0.9276964786222827
813,4,BNCI2014-008,13,1.0,1,0.830664480750749,0.7609795918367347,1.0595398967236665e-30,1.0584880222584896e-30
814,4,BNCI2014-008,14,0.0,1,0.816449544914919,0.8088163265306122,0.9967971536062522,0.9616174920939455
815,4,BNCI2014-008,14,0.1,1,0.816365877098762,0.8102857142857142,0.9966964202585534,0.9614181252609777
816,4,BNCI2014-008,14,0.2,1,0.8143438294985584,0.8124081632653061,0.996111139274076,0.9611688178829966
817,4,BNCI2014-008,14,0.3,1,0.8095105432754819,0.8153469387755101,0.9950631017044794,0.9608621806861242
818,4,BNCI2014-008,14,0.4,1,0.8040070100062187,0.8111020408163265,0.9931981854736921,0.9593697700639106
819,4,BNCI2014-008,14,0.5,1,0.796805698456668,0.8042448979591836,0.9904111490024701,0.9576774995266792
820,4,BNCI2014-008,14,0.6,1,0.786404206003731,0.792,0.9857635759400224,0.9539883776397936
821,4,BNCI2014-008,14,0.7,1,0.7778063203120583,0.7745306122448979,0.9804178115868175,0.9489432372252073
822,4,BNCI2014-008,14,0.8,1,0.7474484708010627,0.7337142857142858,0.962444977755358,0.9306932231227298
823,4,BNCI2014-008,14,0.9,1,0.7320671603821584,0.7057959183673469,0.9383817703820012,0.9075478055110475
824,4,BNCI2014-008,14,1.0,1,0.8303121714059585,0.846204081632653,6.556235531449335e-31,6.231606164690852e-31
825,4,BNCI2014-008,15,0.0,1,0.8149914636214597,0.8380408163265306,0.9967000368403899,0.97609728712003
826,4,BNCI2014-008,15,0.1,1,0.8149616145627226,0.8372244897959183,0.9965904565052079,0.976073813080342
827,4,BNCI2014-008,15,0.2,1,0.8128179094352422,0.8287346938775509,0.9960580572951108,0.9755097021899402
828,4,BNCI2014-008,15,0.3,1,0.8085598959805528,0.8150204081632653,0.9951211588693846,0.9745151307726625
829,4,BNCI2014-008,15,0.4,1,0.803323647464526,0.8106122448979592,0.9934068688576172,0.9724201893937281
830,4,BNCI2014-008,15,0.5,1,0.7966944428741026,0.8060408163265306,0.9909103745026979,0.9692554251549158
831,4,BNCI2014-008,15,0.6,1,0.7871422918197749,0.8063673469387755,0.9865423882691716,0.9642178588218852
832,4,BNCI2014-008,15,0.7,1,0.7787705353609589,0.8081632653061225,0.981372395221459,0.9589438386086119
833,4,BNCI2014-008,15,0.8,1,0.7495921759285432,0.801469387755102,0.9634126282378952,0.9401928487565874
834,4,BNCI2014-008,15,0.9,1,0.7336156933687603,0.7848163265306122,0.9393450546798395,0.91533393261657
835,4,BNCI2014-008,15,1.0,1,0.8322772344394821,0.8181224489795917,6.115902251212869e-31,5.98960654647573e-31
836,4,BNCI2014-008,16,0.0,1,0.8152632709593534,0.8427755102040817,0.9968281893347785,0.9454676441173857
837,4,BNCI2014-008,16,0.1,1,0.815195884447962,0.8416326530612245,0.9967184912559036,0.9453618245591328
838,4,BNCI2014-008,16,0.2,1,0.8131905704109899,0.8344489795918367,0.996205002372755,0.9447757886469752
839,4,BNCI2014-008,16,0.3,1,0.8086005992424671,0.8329795918367346,0.995264741941735,0.9439602123011961
840,4,BNCI2014-008,16,0.4,1,0.8030473175419752,0.8326530612244898,0.993549768750247,0.9421621164476709
841,4,BNCI2014-008,16,0.5,1,0.7964583639550005,0.8347755102040817,0.9909968595340267,0.9393249957728923
842,4,BNCI2014-008,16,0.6,1,0.7871409350443779,0.8344489795918368,0.9866123039761345,0.9348910567448141
843,4,BNCI2014-008,16,0.7,1,0.7788302334784329,0.835265306122449,0.9814171657718432,0.9292096335335761
844,4,BNCI2014-008,16,0.8,1,0.749176098140087,0.8194285714285714,0.9634821429551967,0.911510678694905
845,4,BNCI2014-008,16,0.9,1,0.7321282152750297,0.8042448979591836,0.9393712616090659,0.8876084766372473
846,4,BNCI2014-008,16,1.0,1,0.825868279721861,0.8274285714285715,6.525788133996059e-31,6.502142777245394e-31
847,4,BNCI2014-008,17,0.0,1,0.8217608683362543,0.7216326530612245,0.9968660584354557,1.0008328976534557
848,4,BNCI2014-008,17,0.1,1,0.8215039855277291,0.7242448979591837,0.9967459097287332,1.0006462157056586
849,4,BNCI2014-008,17,0.2,1,0.8189749561874611,0.7317551020408163,0.9961764331803269,0.9997085796050945
850,4,BNCI2014-008,17,0.3,1,0.8135284074848776,0.7353469387755103,0.9951721682156602,0.9981988011710156
851,4,BNCI2014-008,17,0.4,1,0.8076146757872125,0.7382857142857143,0.9933944437090824,0.9960073019061492
852,4,BNCI2014-008,17,0.5,1,0.8001872350048053,0.7399183673469388,0.9907277004857545,0.9923696704039613
853,4,BNCI2014-008,17,0.6,1,0.7895659449375317,0.7399183673469388,0.9861564443408053,0.9874344013356073
854,4,BNCI2014-008,17,0.7,1,0.780173441121601,0.7369795918367347,0.9807978405692153,0.9812566718001732
855,4,BNCI2014-008,17,0.8,1,0.7478062072474418,0.7136326530612245,0.9626262818141715,0.9628231938452565
856,4,BNCI2014-008,17,0.9,1,0.7309880716829668,0.6963265306122448,0.9384966057271775,0.9382665117136894
857,4,BNCI2014-008,17,1.0,1,0.829414438351518,0.7484081632653061,9.237167726866664e-31,9.289430916544125e-31
858,4,BNCI2014-008,18,0.0,1,0.8187587766408503,0.7604897959183674,0.9967780974585974,1.2022093239174163
859,4,BNCI2014-008,18,0.1,1,0.8186249081349991,0.7598367346938775,0.9966745766355695,1.2021001074669302
860,4,BNCI2014-008,18,0.2,1,0.8163663293572276,0.7645714285714286,0.9961216838109507,1.2015048554336796
861,4,BNCI2014-008,18,0.3,1,0.8116917858556164,0.7666938775510205,0.995130259136087,1.2004529252287992
862,4,BNCI2014-008,18,0.4,1,0.8063497088586127,0.7629387755102042,0.9933614723998215,1.1983939594450463
863,4,BNCI2014-008,18,0.5,1,0.7995599525128612,0.7577142857142857,0.99073776483805,1.1954946941372226
864,4,BNCI2014-008,18,0.6,1,0.7896980044095201,0.748734693877551,0.9862505317387,1.1907886650158277
865,4,BNCI2014-008,18,0.7,1,0.7813818757419866,0.7430204081632654,0.9809865152124023,1.184542491054752
866,4,BNCI2014-008,18,0.8,1,0.7508521680140201,0.7281632653061224,0.9626468999303945,1.1661877638097007
867,4,BNCI2014-008,18,0.9,1,0.7337029792526429,0.7092244897959183,0.9382324409446506,1.1412652171233493
868,4,BNCI2014-008,18,1.0,1,0.8315581434789983,0.7880816326530612,8.362609474706725e-31,9.972872394496004e-31
869,4,BNCI2014-008,19,0.0,1,0.8146070439256035,0.8656326530612245,0.9970466354009812,0.9881222721609086
870,4,BNCI2014-008,19,0.1,1,0.8145202103001866,0.8630204081632653,0.9969306075042819,0.9882580575616334
871,4,BNCI2014-008,19,0.2,1,0.8122399231160609,0.8703673469387756,0.996400315398276,0.9871404780353777
872,4,BNCI2014-008,19,0.3,1,0.8071018146870936,0.8816326530612244,0.9954493740407258,0.9854303801950036
873,4,BNCI2014-008,19,0.4,1,0.800949290519532,0.8909387755102041,0.9937007154231937,0.9834951832844793
874,4,BNCI2014-008,19,0.5,1,0.7935928543162418,0.8976326530612244,0.9910578096789594,0.9801664470801509
875,4,BNCI2014-008,19,0.6,1,0.7837195997512578,0.8973061224489796,0.9865811189793001,0.9756171183608952
876,4,BNCI2014-008,19,0.7,1,0.775520606026344,0.888,0.9813667923169874,0.9701601632852553
877,4,BNCI2014-008,19,0.8,1,0.744610096670247,0.8561632653061225,0.9631462848821282,0.9521349301366911
878,4,BNCI2014-008,19,0.9,1,0.7280773361976369,0.8156734693877552,0.9388165435204487,0.9281322425807046
879,4,BNCI2014-008,19,1.0,1,0.823014528803211,0.8530612244897959,1.0178472433509475e-30,1.0204812053675184e-30
880,5,BNCI2014-008,0,0.0,1,0.8620037311323422,0.8259591836734694,0.9924253405331485,1.0162358263898692
881,5,BNCI2014-008,0,0.1,1,0.8616961953756571,0.8264489795918368,0.9915997125166102,1.0157961639880435
882,5,BNCI2014-008,0,0.2,1,0.8561754762846966,0.8231836734693878,0.9882831775531017,1.014882713897357
883,5,BNCI2014-008,0,0.3,1,0.8485409011249929,0.8238367346938775,0.9840327122316259,1.0120077972098882
884,5,BNCI2014-008,0,0.4,1,0.8254056193114364,0.8246530612244899,0.9727054981145118,1.002131620098858
885,5,BNCI2014-008,0,0.5,1,0.7820584544066934,0.806204081632653,0.959319963429207,0.9885700867296845
886,5,BNCI2014-008,0,0.6,1,0.7300803889422804,0.7748571428571429,0.9464790170194357,0.9737730419205545
887,5,BNCI2014-008,0,0.7,1,0.6933045395443497,0.7412244897959184,0.9354930384754786,0.9653252094772018
888,5,BNCI2014-008,0,0.8,1,0.6772792130702696,0.7350204081632653,0.9251096583476328,0.9576602131446921
889,5,BNCI2014-008,0,0.9,1,0.6694438351517893,0.7441632653061224,0.8634793322731185,0.8962207901503487
890,5,BNCI2014-008,0,1.0,1,0.8648674317372379,0.8075102040816327,7.289711865390982e-31,7.49973413879957e-31
891,5,BNCI2014-008,1,0.0,1,0.8572251681836169,0.9030204081632653,0.9921617580461651,0.9600762321525638
892,5,BNCI2014-008,1,0.1,1,0.8569954208830347,0.9044897959183673,0.9913270516856281,0.9596972368235887
893,5,BNCI2014-008,1,0.2,1,0.8514430436994742,0.9054693877551021,0.9875799832278127,0.9571503062482298
894,5,BNCI2014-008,1,0.3,1,0.8432092260727005,0.8999183673469388,0.9828808550567467,0.9537415739845915
895,5,BNCI2014-008,1,0.4,1,0.8178384306631239,0.8737959183673469,0.9708262393184809,0.9436765493917677
896,5,BNCI2014-008,1,0.5,1,0.7739304652608966,0.8212244897959184,0.9575474993315101,0.9306887394801514
897,5,BNCI2014-008,1,0.6,1,0.7251552942506642,0.7551020408163265,0.9453341260714957,0.9200137260305797
898,5,BNCI2014-008,1,0.7,1,0.6905823958392222,0.7141224489795919,0.9347819443021758,0.9095349912441695
899,5,BNCI2014-008,1,0.8,1,0.676846853977048,0.7030204081632653,0.9244466991765198,0.9029403630691178
900,5,BNCI2014-008,1,0.9,1,0.668955396008819,0.6922448979591836,0.8643424822020392,0.8445447528136111
901,5,BNCI2014-008,1,1.0,1,0.8588971677313585,0.8930612244897959,6.130918037247524e-31,5.993025196108587e-31
902,5,BNCI2014-008,2,0.0,1,0.8576973260218216,0.901061224489796,0.99167995221792,0.9924160996490391
903,5,BNCI2014-008,2,0.1,1,0.8574567245180621,0.900734693877551,0.9908714360525976,0.9914987349226511
904,5,BNCI2014-008,2,0.2,1,0.8519857538583301,0.892734693877551,0.9869703908574379,0.9900202288929019
905,5,BNCI2014-008,2,0.3,1,0.8437510317146248,0.8803265306122449,0.9819347365856207,0.9885899154605224
906,5,BNCI2014-008,2,0.4,1,0.8172794391995026,0.8453877551020408,0.9690806921562852,0.9793159917325558
907,5,BNCI2014-008,2,0.5,1,0.7711952060602635,0.7869387755102042,0.9552063052463976,0.967426472338578
908,5,BNCI2014-008,2,0.6,1,0.7211546158629656,0.7144489795918367,0.9430818999487341,0.9549278233070168
909,5,BNCI2014-008,2,0.7,1,0.688417886822319,0.6514285714285714,0.9328540885982805,0.9390477048649319
910,5,BNCI2014-008,2,0.8,1,0.6764728362259032,0.6119183673469387,0.9225738737100719,0.9289979210659082
911,5,BNCI2014-008,2,0.9,1,0.6711452314998022,0.561795918367347,0.8652960430784927,0.8634993153888506
912,5,BNCI2014-008,2,1.0,1,0.8577307931482843,0.8462040816326531,5.530089320047637e-31,5.5192207490017185e-31
913,5,BNCI2014-008,3,0.0,1,0.860454293628809,0.8362448979591837,0.9925489636446129,1.0115540503926026
914,5,BNCI2014-008,3,0.1,1,0.8602856012210978,0.84,0.9916246598799118,1.0123895589152279
915,5,BNCI2014-008,3,0.2,1,0.8551144779241336,0.841469387755102,0.9882995238794309,1.007682428911144
916,5,BNCI2014-008,3,0.3,1,0.8477906043303748,0.8354285714285714,0.9840399173935332,1.0020095372468392
917,5,BNCI2014-008,3,0.4,1,0.8248384871954322,0.8163265306122449,0.9726398051992462,0.9881480909549174
918,5,BNCI2014-008,3,0.5,1,0.7820209169540393,0.7869387755102041,0.9593135780389446,0.9743436115308678
919,5,BNCI2014-008,3,0.6,1,0.7309930465260898,0.7461224489795918,0.9468888475869048,0.9632106805174901
920,5,BNCI2014-008,3,0.7,1,0.6934497145118435,0.7087346938775511,0.9365119487463701,0.9567622395959403
921,5,BNCI2014-008,3,0.8,1,0.6785025722200237,0.6891428571428572,0.9266511411681142,0.9487841672353733
922,5,BNCI2014-008,3,0.9,1,0.6653513482955509,0.6883265306122449,0.8687781958512992,0.8943613923950338
923,5,BNCI2014-008,3,1.0,1,0.8674566114534457,0.8143673469387755,8.374981477451796e-31,8.515618221752602e-31
924,5,BNCI2014-008,4,0.0,1,0.8580301882525864,0.8866938775510205,0.9925728679639358,1.010007307555041
925,5,BNCI2014-008,4,0.1,1,0.8579551133472779,0.8862040816326531,0.9917299492533221,1.008941360681918
926,5,BNCI2014-008,4,0.2,1,0.8528206229860364,0.8930612244897959,0.9881810845285911,1.0049723269655864
927,5,BNCI2014-008,4,0.3,1,0.8447848945672451,0.8901224489795918,0.9835648604761343,1.0009882462103368
928,5,BNCI2014-008,4,0.4,1,0.819846910509356,0.8659591836734695,0.9716168568981486,0.9885734282479992
929,5,BNCI2014-008,4,0.5,1,0.774664480750749,0.8097959183673469,0.9579672247275326,0.9779120906897528
930,5,BNCI2014-008,4,0.6,1,0.7239029905591046,0.7621224489795917,0.9457156699254121,0.9675778575436343
931,5,BNCI2014-008,4,0.7,1,0.6881822601616824,0.7129795918367346,0.9356273275536072,0.9531908407995793
932,5,BNCI2014-008,4,0.8,1,0.6750595285205494,0.6955102040816327,0.9252151190538525,0.9429709509872503
933,5,BNCI2014-008,4,0.9,1,0.6653156198767596,0.6591020408163265,0.8660885693088486,0.8778234625961813
934,5,BNCI2014-008,4,1.0,1,0.8598161569336875,0.8414693877551019,9.192240940905904e-31,9.272511922490624e-31
935,5,BNCI2014-008,5,0.0,1,0.8638421617954661,0.763265306122449,0.9924470338641664,1.0291796362350576
936,5,BNCI2014-008,5,0.1,1,0.8637521623607893,0.7644081632653061,0.9916068484196636,1.028885982737458
937,5,BNCI2014-008,5,0.2,1,0.8587348069421675,0.7544489795918368,0.9881101678206863,1.0279007682936772
938,5,BNCI2014-008,5,0.3,1,0.8510305839787438,0.748734693877551,0.9835887500055113,1.0248910787931058
939,5,BNCI2014-008,5,0.4,1,0.8262906891288372,0.7394285714285713,0.9718454698069267,1.0140907917777549
940,5,BNCI2014-008,5,0.5,1,0.7829091525806997,0.710204081632653,0.9584833643673565,1.0008705584597293
941,5,BNCI2014-008,5,0.6,1,0.7317600768839392,0.6809795918367346,0.9456836842457197,0.9865398509811514
942,5,BNCI2014-008,5,0.7,1,0.6951615128045678,0.6587755102040816,0.935074594918029,0.9747412496650086
943,5,BNCI2014-008,5,0.8,1,0.6806096444117813,0.6483265306122449,0.9245567965395397,0.967163046711278
944,5,BNCI2014-008,5,0.9,1,0.6672978687319804,0.637061224489796,0.864705871311549,0.8988426901102357
945,5,BNCI2014-008,5,1.0,1,0.864671603821584,0.7529795918367347,5.718456167432309e-31,5.96985827829908e-31
946,5,BNCI2014-008,6,0.0,1,0.8612584091808468,0.8349387755102041,0.9922156762074757,1.0091234543045773
947,5,BNCI2014-008,6,0.1,1,0.860850019786308,0.8378775510204082,0.9913820261044916,1.0090443495770336
948,5,BNCI2014-008,6,0.2,1,0.8554482446718299,0.8243265306122448,0.9879596697947114,1.005290313803492
949,5,BNCI2014-008,6,0.3,1,0.8476811577816723,0.8107755102040816,0.9834261061542525,1.0020271971837842
950,5,BNCI2014-008,6,0.4,1,0.8230660862683024,0.7812244897959183,0.9716632313612912,0.992018997157628
951,5,BNCI2014-008,6,0.5,1,0.7793810842896716,0.7332244897959184,0.9585548604868408,0.9779751931747385
952,5,BNCI2014-008,6,0.6,1,0.730487873819888,0.6767346938775511,0.9465607125136714,0.9654511254416386
953,5,BNCI2014-008,6,0.7,1,0.6950244784894567,0.6522448979591837,0.9362645369343359,0.9569583274604527
954,5,BNCI2014-008,6,0.8,1,0.6806458250890384,0.647673469387755,0.9264319958914758,0.9470283595647898
955,5,BNCI2014-008,6,0.9,1,0.6707020182034032,0.6698775510204081,0.8683742718802936,0.8903215682487674
956,5,BNCI2014-008,6,1.0,1,0.8624736276782182,0.8168163265306123,7.020148684962716e-31,7.150490485136438e-31
957,5,BNCI2014-008,7,0.0,1,0.8617861948103341,0.8132244897959184,0.9921278587836402,0.9864824884002779
958,5,BNCI2014-008,7,0.1,1,0.8615890101192831,0.8135510204081633,0.991296880886997,0.9857670173192696
959,5,BNCI2014-008,7,0.2,1,0.8561216575272768,0.8177959183673469,0.9877988334345374,0.9826234715374169
960,5,BNCI2014-008,7,0.3,1,0.8482243201989939,0.8142040816326531,0.9832443723971935,0.9784989047221675
961,5,BNCI2014-008,7,0.4,1,0.8233302052122787,0.7960816326530612,0.9712209495856547,0.9678277991742711
962,5,BNCI2014-008,7,0.5,1,0.7780333540618464,0.7684897959183674,0.9574665080206204,0.9560553796321416
963,5,BNCI2014-008,7,0.6,1,0.7253710215388094,0.7377959183673469,0.9449005004308083,0.9462476663405941
964,5,BNCI2014-008,7,0.7,1,0.6890989880716829,0.7139591836734693,0.9339925637164169,0.9404644108350317
965,5,BNCI2014-008,7,0.8,1,0.6752472157838204,0.7033469387755101,0.9235539548643449,0.9327232743495594
966,5,BNCI2014-008,7,0.9,1,0.6687102719204024,0.686204081632653,0.8636908726175725,0.8755075208223154
967,5,BNCI2014-008,7,1.0,1,0.8652220023743568,0.8496326530612245,9.938479489062118e-31,9.825032829140731e-31
968,5,BNCI2014-008,8,0.0,1,0.8600002261292329,0.8527346938775511,0.9923254786060187,1.003509065811541
969,5,BNCI2014-008,8,0.1,1,0.8597501271976935,0.8494693877551021,0.9914907821190428,1.0030538749722966
970,5,BNCI2014-008,8,0.2,1,0.85491231838996,0.8329795918367346,0.9881397307990916,1.00019788344735
971,5,BNCI2014-008,8,0.3,1,0.8478204533891118,0.8199183673469388,0.9837791986471613,0.9959360273642588
972,5,BNCI2014-008,8,0.4,1,0.8267632992255074,0.8009795918367347,0.972389517015987,0.9850521994578535
973,5,BNCI2014-008,8,0.5,1,0.7872445022330261,0.7808979591836734,0.9590762341948188,0.9750209568972107
974,5,BNCI2014-008,8,0.6,1,0.7392616880547234,0.7595102040816326,0.9460996398721011,0.9628023930779569
975,5,BNCI2014-008,8,0.7,1,0.7021733280569846,0.7363265306122448,0.9344494479945656,0.9541066348235353
976,5,BNCI2014-008,8,0.8,1,0.6847432867883995,0.7240816326530612,0.9237912866114628,0.94420366347557
977,5,BNCI2014-008,8,0.9,1,0.6693054440612811,0.7190204081632653,0.8615224573698473,0.8836767137904725
978,5,BNCI2014-008,8,1.0,1,0.8616025778732544,0.8710204081632653,6.814015945488282e-31,6.975119972484789e-31
979,5,BNCI2014-008,9,0.0,1,0.858577873254565,0.8755918367346939,0.9922145669840061,1.0098513614487588
980,5,BNCI2014-008,9,0.1,1,0.8584747583243824,0.8760816326530612,0.9913358272918334,1.0096203821243057
981,5,BNCI2014-008,9,0.2,1,0.8527179603143198,0.8904489795918368,0.9876866169633964,1.0076863806932415
982,5,BNCI2014-008,9,0.3,1,0.8443855503420205,0.891265306122449,0.9830443559089104,1.0028475782939832
983,5,BNCI2014-008,9,0.4,1,0.8187271185482503,0.8533877551020408,0.9709429440461765,0.9910735661343032
984,5,BNCI2014-008,9,0.5,1,0.774041720843462,0.7808979591836736,0.9576603923578882,0.9776790724974604
985,5,BNCI2014-008,9,0.6,1,0.7242666063655379,0.7289795918367347,0.9456392213356771,0.9653789272119792
986,5,BNCI2014-008,9,0.7,1,0.6899555656057437,0.694530612244898,0.9353050226919427,0.9573329995729108
987,5,BNCI2014-008,9,0.8,1,0.676766351970151,0.6848979591836735,0.9250483704521965,0.9507442057298864
988,5,BNCI2014-008,9,0.9,1,0.6666226468426706,0.6605714285714286,0.8660140583238679,0.8971058927523823
989,5,BNCI2014-008,9,1.0,1,0.8599780654644127,0.880326530612245,6.9379482997600536e-31,7.1155605933408515e-31
990,5,BNCI2014-008,10,0.0,1,0.8595131437616597,0.8548571428571429,0.9918365520613613,1.0661362247218715
991,5,BNCI2014-008,10,0.1,1,0.8592616880547234,0.8538775510204082,0.9910310611257201,1.064891690612405
992,5,BNCI2014-008,10,0.2,1,0.8542027248572559,0.8422857142857143,0.9874260851142607,1.060101928988268
993,5,BNCI2014-008,10,0.3,1,0.84631940754141,0.8244897959183675,0.982741294144563,1.0550287930226976
994,5,BNCI2014-008,10,0.4,1,0.8213298660184297,0.7689795918367346,0.9709034778270796,1.0404775501966697
995,5,BNCI2014-008,10,0.5,1,0.7766562270337498,0.7115102040816327,0.958032353905475,1.0258489732680862
996,5,BNCI2014-008,10,0.6,1,0.7278245237153033,0.6520816326530612,0.9463080873595614,1.01245789566256
997,5,BNCI2014-008,10,0.7,1,0.6938906665159138,0.6124081632653061,0.9364578546454083,1.0037603918926223
998,5,BNCI2014-008,10,0.8,1,0.680807281361298,0.6050612244897959,0.9266984585201374,0.9933222074155541
999,5,BNCI2014-008,10,0.9,1,0.6745643055005937,0.5856326530612246,0.8663962733199183,0.9217144874844597
1000,5,BNCI2014-008,10,1.0,1,0.8619666459381535,0.8037551020408163,1.508470889235622e-30,1.5720903026472596e-30
1001,5,BNCI2014-008,11,0.0,1,0.8618106167674826,0.8148571428571428,0.992349595464056,0.9633947191719594
1002,5,BNCI2014-008,11,0.1,1,0.8616885069817402,0.8173061224489796,0.991531125054573,0.9634658851818405
1003,5,BNCI2014-008,11,0.2,1,0.8565354740234046,0.8070204081632653,0.9881750426947232,0.9606008189584733
1004,5,BNCI2014-008,11,0.3,1,0.8491564248968285,0.8031020408163265,0.983616278419636,0.9576060072121662
1005,5,BNCI2014-008,11,0.4,1,0.8258578777771497,0.8019591836734694,0.9718538403729656,0.945660553751841
1006,5,BNCI2014-008,11,0.5,1,0.7841270846288653,0.7843265306122449,0.9582603686899486,0.9280446672269932
1007,5,BNCI2014-008,11,0.6,1,0.7337952399796484,0.7497142857142858,0.9453138852077784,0.9131943796061158
1008,5,BNCI2014-008,11,0.7,1,0.6969795918367346,0.7180408163265306,0.93392420627561,0.9032598348356047
1009,5,BNCI2014-008,11,0.8,1,0.6809637627904348,0.7067755102040817,0.9233565147978501,0.8964060317845843
1010,5,BNCI2014-008,11,0.9,1,0.6725947198824128,0.6873469387755101,0.8627190550673446,0.8416708549655805
1011,5,BNCI2014-008,11,1.0,1,0.8649153711346034,0.8406530612244898,1.0900191359951868e-30,1.0662481438886022e-30
1012,5,BNCI2014-008,12,0.0,1,0.8593874159081916,0.8537142857142858,0.991530180551709,0.9624684168686487
1013,5,BNCI2014-008,12,0.1,1,0.85941183786534,0.8540408163265306,0.9908474227163591,0.9611182646123836
1014,5,BNCI2014-008,12,0.2,1,0.8536468992028944,0.8626938775510203,0.9870470431908356,0.9581839601561749
1015,5,BNCI2014-008,12,0.3,1,0.8452480072361355,0.8579591836734693,0.9823116728691369,0.9551939693312234
1016,5,BNCI2014-008,12,0.4,1,0.8188297812199673,0.8191020408163266,0.9701356759908426,0.9456573475369879
1017,5,BNCI2014-008,12,0.5,1,0.7762582395839221,0.755265306122449,0.9568424222067283,0.933307810017874
1018,5,BNCI2014-008,12,0.6,1,0.7293866244558765,0.6853877551020408,0.9446786078016919,0.9218327386174303
1019,5,BNCI2014-008,12,0.7,1,0.6950882469331222,0.6486530612244897,0.9343048064278161,0.9151394197543768
1020,5,BNCI2014-008,12,0.8,1,0.681751597037707,0.6334693877551021,0.924173665470494,0.9065092186016269
1021,5,BNCI2014-008,12,0.9,1,0.6711176437333937,0.6048979591836734,0.8649755217123808,0.8515457578927603
1022,5,BNCI2014-008,12,1.0,1,0.8610585109390015,0.8383673469387755,8.640954028916072e-31,8.405836849251215e-31
1023,5,BNCI2014-008,13,0.0,1,0.8597998756289218,0.8489795918367348,0.9919220218457677,0.9227596441808293
1024,5,BNCI2014-008,13,0.1,1,0.8594887218045114,0.8463673469387756,0.9911145610232008,0.9217334449433683
1025,5,BNCI2014-008,13,0.2,1,0.8546581491322292,0.8222040816326531,0.9875118066132776,0.9192314832477735
1026,5,BNCI2014-008,13,0.3,1,0.846822318955283,0.8075102040816327,0.9829132588807152,0.9159080359120513
1027,5,BNCI2014-008,13,0.4,1,0.8206008253716999,0.7693061224489798,0.9709497910380427,0.908433856950063
1028,5,BNCI2014-008,13,0.5,1,0.7758512069647804,0.7307755102040817,0.9578879677784211,0.8991089545565892
1029,5,BNCI2014-008,13,0.6,1,0.7276056306178982,0.6685714285714286,0.9459489833111767,0.8931767605225585
1030,5,BNCI2014-008,13,0.7,1,0.6946192549041778,0.6266122448979593,0.9358898334219539,0.8851598447183262
1031,5,BNCI2014-008,13,0.8,1,0.6813187856860196,0.6119183673469388,0.9258235326192165,0.8812611601646593
1032,5,BNCI2014-008,13,0.9,1,0.6740044095200406,0.5871020408163264,0.8666985284231802,0.8266676336638248
1033,5,BNCI2014-008,13,1.0,1,0.8595154050539884,0.8282448979591837,8.111215338072531e-31,7.661526409815346e-31
1034,5,BNCI2014-008,14,0.0,1,0.8587727966532873,0.8700408163265306,0.9924365335123405,1.0662719388605064
1035,5,BNCI2014-008,14,0.1,1,0.858527672564871,0.8697142857142858,0.9916306430768478,1.065332067033993
1036,5,BNCI2014-008,14,0.2,1,0.8531616258691841,0.8685714285714285,0.9881695027252141,1.061799196135511
1037,5,BNCI2014-008,14,0.3,1,0.8454470009610493,0.8631836734693877,0.9836571480064427,1.056654233994269
1038,5,BNCI2014-008,14,0.4,1,0.8214849906721692,0.8457142857142858,0.9718159439054936,1.045969477073545
1039,5,BNCI2014-008,14,0.5,1,0.7779637062581265,0.8070204081632654,0.958323757551723,1.033604767537986
1040,5,BNCI2014-008,14,0.6,1,0.7275689976821753,0.7420408163265305,0.9455770150743843,1.0210447786954573
1041,5,BNCI2014-008,14,0.7,1,0.6919649499689072,0.6950204081632654,0.9348217917249054,1.011795599066083
1042,5,BNCI2014-008,14,0.8,1,0.6778734806942166,0.6724897959183673,0.9242375170147124,0.9999013308580952
1043,5,BNCI2014-008,14,0.9,1,0.6678346995307818,0.6475102040816326,0.8639465630452776,0.9359774595683042
1044,5,BNCI2014-008,14,1.0,1,0.8687636384193566,0.7991836734693878,7.926906172833107e-31,8.604151687913479e-31
1045,5,BNCI2014-008,15,0.0,1,0.8594986714907569,0.8576326530612245,0.9921230158680423,0.9514046073686436
1046,5,BNCI2014-008,15,0.1,1,0.8595357566849455,0.8595918367346939,0.9913091914513918,0.9516216372843145
1047,5,BNCI2014-008,15,0.2,1,0.8544645825089038,0.864326530612245,0.9877597127535545,0.9488563143510743
1048,5,BNCI2014-008,15,0.3,1,0.8467897563457516,0.8648163265306122,0.9831812407912084,0.9463221795791655
1049,5,BNCI2014-008,15,0.4,1,0.8233695516987958,0.864326530612245,0.9711006023079765,0.9401310361587003
1050,5,BNCI2014-008,15,0.5,1,0.7801621346599583,0.8349387755102041,0.9568160432423324,0.9336219126412465
1051,5,BNCI2014-008,15,0.6,1,0.7285544688789644,0.7952653061224491,0.9435057607830583,0.9230667114398102
1052,5,BNCI2014-008,15,0.7,1,0.690811238622873,0.7751836734693878,0.9317505359722094,0.9107302493723297
1053,5,BNCI2014-008,15,0.8,1,0.6752019899372491,0.7626122448979592,0.9207321201305698,0.9052259428400237
1054,5,BNCI2014-008,15,0.9,1,0.6671694273277178,0.7444897959183674,0.859597006673626,0.8466050376103955
1055,5,BNCI2014-008,15,1.0,1,0.8637693481824863,0.860734693877551,7.725691049703454e-31,7.448668123920676e-31
1056,5,BNCI2014-008,16,0.0,1,0.8591825428232234,0.8625306122448979,0.9921535064490024,0.9564114473752912
1057,5,BNCI2014-008,16,0.1,1,0.8591558595737464,0.8631836734693877,0.9913236935304768,0.9560985418258356
1058,5,BNCI2014-008,16,0.2,1,0.8537486573576799,0.8646530612244897,0.9878589640882193,0.9526627215962563
1059,5,BNCI2014-008,16,0.3,1,0.8461290067273446,0.8543673469387755,0.9834738726073536,0.9478945496954658
1060,5,BNCI2014-008,16,0.4,1,0.8219670981966194,0.8284081632653061,0.9718283620521333,0.9360216084198297
1061,5,BNCI2014-008,16,0.5,1,0.7793629939510429,0.7861224489795918,0.9586040834148957,0.9238212436572024
1062,5,BNCI2014-008,16,0.6,1,0.7302124484142687,0.7343673469387755,0.9461003163118036,0.9167192613965598
1063,5,BNCI2014-008,16,0.7,1,0.6943035784951099,0.6976326530612245,0.9357615264620579,0.9106866094286779
1064,5,BNCI2014-008,16,0.8,1,0.6790208604217309,0.6826122448979592,0.9257616626449343,0.9033540860561194
1065,5,BNCI2014-008,16,0.9,1,0.6708906099836056,0.6759183673469389,0.8670607291388525,0.8457468319684741
1066,5,BNCI2014-008,16,1.0,1,0.8644065803606761,0.8594285714285715,6.424756260804779e-31,6.281177044583754e-31
1067,5,BNCI2014-008,17,0.0,1,0.8622515687715531,0.8189387755102041,0.9920052031456054,0.9682399039381882
1068,5,BNCI2014-008,17,0.1,1,0.8621783029001074,0.8182857142857143,0.991207420674655,0.9679300167749741
1069,5,BNCI2014-008,17,0.2,1,0.8566137147379729,0.8236734693877551,0.9878018600055937,0.9667041984254475
1070,5,BNCI2014-008,17,0.3,1,0.8484490926564532,0.8284081632653061,0.9832432724611849,0.9639504656727754
1071,5,BNCI2014-008,17,0.4,1,0.8233288484368816,0.8262857142857143,0.9712164935853728,0.955726415990102
1072,5,BNCI2014-008,17,0.5,1,0.7780790321668833,0.7877551020408162,0.9574164362364619,0.9442625773183931
1073,5,BNCI2014-008,17,0.6,1,0.7272234722143704,0.7423673469387756,0.9449747834616374,0.9326134994212519
1074,5,BNCI2014-008,17,0.7,1,0.6913580191079203,0.7012244897959183,0.9344603221312482,0.9247008124179974
1075,5,BNCI2014-008,17,0.8,1,0.6774926790660862,0.6884897959183673,0.9241924359228401,0.9152108900869024
1076,5,BNCI2014-008,17,0.9,1,0.6643134151167392,0.6791836734693877,0.8705539734412507,0.8637820855791641
1077,5,BNCI2014-008,17,1.0,1,0.8603584148340777,0.8718367346938776,6.245856642688532e-31,6.00469723360874e-31
1078,5,BNCI2014-008,18,0.0,1,0.860394143252869,0.8362448979591837,0.9926623339254406,0.9836122364622572
1079,5,BNCI2014-008,18,0.1,1,0.8601969585618181,0.8370612244897959,0.9918038753948186,0.982938347042037
1080,5,BNCI2014-008,18,0.2,1,0.8553094013228559,0.8331428571428572,0.9882808694937105,0.9809091992418352
1081,5,BNCI2014-008,18,0.3,1,0.8473116626151845,0.8316734693877551,0.9837120677032846,0.9768134519243757
1082,5,BNCI2014-008,18,0.4,1,0.821740516705297,0.8063673469387754,0.9716760973221876,0.9654861436533622
1083,5,BNCI2014-008,18,0.5,1,0.7751560857029792,0.7657142857142857,0.9582441176912675,0.953566123641328
1084,5,BNCI2014-008,18,0.6,1,0.7240273616371756,0.7004081632653061,0.9463522929342292,0.9427199534837323
1085,5,BNCI2014-008,18,0.7,1,0.689354514104811,0.6643265306122449,0.9361879423604619,0.9377662462970965
1086,5,BNCI2014-008,18,0.8,1,0.6765180620724743,0.6507755102040816,0.9262157417681816,0.9300994278415816
1087,5,BNCI2014-008,18,0.9,1,0.670125388659619,0.6695510204081632,0.8677859583823392,0.873329589027576
1088,5,BNCI2014-008,18,1.0,1,0.8658302900107412,0.8063673469387755,8.40538096113871e-31,8.263985106393385e-31
1089,5,BNCI2014-008,19,0.0,1,0.8623601108033241,0.8003265306122448,0.9914435398088594,0.9841635384716759
1090,5,BNCI2014-008,19,0.1,1,0.8621163434903047,0.802122448979592,0.9905416433487365,0.9837395741749971
1091,5,BNCI2014-008,19,0.2,1,0.8562021595341739,0.790204081632653,0.9867809248753278,0.9803359979648506
1092,5,BNCI2014-008,19,0.3,1,0.8476155803041439,0.7732244897959184,0.9821087232084019,0.9750287258726494
1093,5,BNCI2014-008,19,0.4,1,0.8209314263101363,0.7314285714285714,0.9701941343963018,0.9626274727783797
1094,5,BNCI2014-008,19,0.5,1,0.7781825993555318,0.6811428571428572,0.9573530534558995,0.9498980933744381
1095,5,BNCI2014-008,19,0.6,1,0.7314851037367855,0.6354285714285715,0.9453735174575234,0.943274044610679
1096,5,BNCI2014-008,19,0.7,1,0.6986592797783934,0.6120816326530611,0.9346329909399015,0.9372497963844297
1097,5,BNCI2014-008,19,0.8,1,0.6845094691616258,0.6039183673469388,0.924335985991005,0.9306306284101372
1098,5,BNCI2014-008,19,0.9,1,0.6745710893775794,0.6215510204081632,0.8640088300862299,0.876174303437813
1099,5,BNCI2014-008,19,1.0,1,0.8622140313188986,0.8427755102040817,8.055585455439514e-31,8.01666259091071e-31
1100,6,BNCI2014-008,0,0.0,1,0.8660939566962518,0.8391836734693878,0.9957478742442812,0.9995860026651638
1101,6,BNCI2014-008,0,0.1,1,0.8661527502967945,0.838857142857143,0.9954507563075887,0.9992293196409747
1102,6,BNCI2014-008,0,0.2,1,0.8586647068799819,0.8257959183673469,0.9924999771287596,0.9960890041249033
1103,6,BNCI2014-008,0,0.3,1,0.7821443835151789,0.7622857142857142,0.9775349900864803,0.9774540783571201
1104,6,BNCI2014-008,0,0.4,1,0.7708799819096613,0.7374693877551021,0.9726403358391662,0.9739723006245797
1105,6,BNCI2014-008,0,0.5,1,0.7664044321329639,0.7231020408163265,0.9678070322365793,0.9688067019736574
1106,6,BNCI2014-008,0,0.6,1,0.7645103736785573,0.7151020408163266,0.960865185270804,0.9639214721949467
1107,6,BNCI2014-008,0,0.7,1,0.761031149301826,0.7069387755102041,0.9523078738422261,0.9567417386042585
1108,6,BNCI2014-008,0,0.8,1,0.7582325739159931,0.7053061224489795,0.9255872427208229,0.9312298633529948
1109,6,BNCI2014-008,0,0.9,1,0.7643982135790603,0.6968163265306122,0.8720304498492715,0.8839411828589882
1110,6,BNCI2014-008,0,1.0,1,0.8966580360676125,0.8556734693877551,8.622731964781728e-31,8.731286553445957e-31
1111,6,BNCI2014-008,1,0.0,1,0.8639348747809373,0.8631836734693877,0.9962423244406663,1.006327835740763
1112,6,BNCI2014-008,1,0.1,1,0.8640275877664085,0.865469387755102,0.9959510440928715,1.0060768656504089
1113,6,BNCI2014-008,1,0.2,1,0.8564328113516876,0.869061224489796,0.9933300194881666,1.0032343459753608
1114,6,BNCI2014-008,1,0.3,1,0.7828508112386229,0.7781224489795918,0.9770626364184496,0.9931273459192815
1115,6,BNCI2014-008,1,0.4,1,0.7716135451410482,0.7624489795918367,0.9723598598257702,0.9888470416950769
1116,6,BNCI2014-008,1,0.5,1,0.767121714059585,0.7568979591836734,0.9676941240620887,0.9837637138215386
1117,6,BNCI2014-008,1,0.6,1,0.76395726157499,0.7529795918367347,0.960822538733774,0.9757673224743015
1118,6,BNCI2014-008,1,0.7,1,0.7628447057493357,0.7551020408163266,0.9523646488069614,0.967073340343799
1119,6,BNCI2014-008,1,0.8,1,0.7553403810277574,0.7407346938775511,0.9267281299715463,0.940198879452781
1120,6,BNCI2014-008,1,0.9,1,0.7747486008253718,0.7874285714285715,0.8752024351367708,0.8859109942540678
1121,6,BNCI2014-008,1,1.0,1,0.8983060659166713,0.8997551020408163,8.00348288419695e-31,8.184706999795266e-31
1122,6,BNCI2014-008,2,0.0,1,0.8661134038102777,0.8182857142857143,0.99574069962749,1.001403469826429
1123,6,BNCI2014-008,2,0.1,1,0.8662581265193058,0.8200816326530612,0.9954025578403174,1.0019014649053106
1124,6,BNCI2014-008,2,0.2,1,0.8582965684888916,0.8181224489795919,0.9923054513340118,1.0006100467106622
1125,6,BNCI2014-008,2,0.3,1,0.7878785686019559,0.672,0.9773321864198824,0.9826694718669883
1126,6,BNCI2014-008,2,0.4,1,0.7758200011306461,0.6644897959183673,0.9725548364757647,0.9780848751323573
1127,6,BNCI2014-008,2,0.5,1,0.7710803324099723,0.6641632653061225,0.9677845999888972,0.973992426379385
1128,6,BNCI2014-008,2,0.6,1,0.7677797501271978,0.6599183673469387,0.9607524468647617,0.9692679243668963
1129,6,BNCI2014-008,2,0.7,1,0.7652136355927412,0.6576326530612245,0.952111475264685,0.959110966825729
1130,6,BNCI2014-008,2,0.8,1,0.7620835547515404,0.6468571428571429,0.9256088233516611,0.9321132062709832
1131,6,BNCI2014-008,2,0.9,1,0.7746495562213805,0.627265306122449,0.872869765873739,0.8775886884684383
1132,6,BNCI2014-008,2,1.0,1,0.901482277121375,0.7959183673469387,1.1395829096973248e-30,1.1482521850768202e-30
1133,6,BNCI2014-008,3,0.0,1,0.8655200407032619,0.8324897959183674,0.9958003911752356,1.0027927566510775
1134,6,BNCI2014-008,3,0.1,1,0.8656484821075244,0.8318367346938775,0.9954413521303243,1.0033269640399372
1135,6,BNCI2014-008,3,0.2,1,0.8583535530555714,0.8329795918367348,0.9924348369587185,1.00126232359681
1136,6,BNCI2014-008,3,0.3,1,0.784171858216971,0.7957551020408163,0.9786570049367657,0.9882568850520594
1137,6,BNCI2014-008,3,0.4,1,0.770312849793657,0.7957551020408163,0.9736155332044645,0.9830346507724655
1138,6,BNCI2014-008,3,0.5,1,0.7653868505851094,0.7960816326530612,0.9690532301396865,0.978038842620998
1139,6,BNCI2014-008,3,0.6,1,0.7619388320425123,0.7959183673469388,0.9625014098810396,0.9724651987357317
1140,6,BNCI2014-008,3,0.7,1,0.7588395047769801,0.7936326530612245,0.9543388074085991,0.9649235568521055
1141,6,BNCI2014-008,3,0.8,1,0.7530379331788117,0.8044081632653062,0.9281658942337541,0.9366195040942858
1142,6,BNCI2014-008,3,0.9,1,0.7678154785459891,0.8213877551020408,0.8749033643142254,0.8822033070172629
1143,6,BNCI2014-008,3,1.0,1,0.8974309457855164,0.8796734693877551,8.064161623515952e-31,8.094647910425187e-31
1144,6,BNCI2014-008,4,0.0,1,0.8637625643055007,0.8728163265306123,0.9958058242763222,1.0074646195752248
1145,6,BNCI2014-008,4,0.1,1,0.8638285940414947,0.8729795918367346,0.9955103367658236,1.0068858775303333
1146,6,BNCI2014-008,4,0.2,1,0.8562039685680367,0.8563265306122448,0.9926930176193389,1.005345144598717
1147,6,BNCI2014-008,4,0.3,1,0.7847163774096897,0.7614693877551021,0.9785746102950179,0.991092675975571
1148,6,BNCI2014-008,4,0.4,1,0.7725117304539545,0.7524897959183674,0.9735653762092688,0.9871955786715562
1149,6,BNCI2014-008,4,0.5,1,0.7688045678105037,0.7474285714285714,0.968847836855731,0.9836186173476726
1150,6,BNCI2014-008,4,0.6,1,0.7647261009667025,0.7376326530612245,0.9620569447698963,0.9787112263121925
1151,6,BNCI2014-008,4,0.7,1,0.7622346090790888,0.7351836734693876,0.9537842853623729,0.9714986416124677
1152,6,BNCI2014-008,4,0.8,1,0.7586680988184746,0.7281632653061225,0.9270827379256379,0.9459729049679838
1153,6,BNCI2014-008,4,0.9,1,0.7594337724009271,0.7653877551020408,0.8734969934549901,0.8940908173115787
1154,6,BNCI2014-008,4,1.0,1,0.894960710045791,0.8907755102040816,9.334764097257653e-31,9.291734460986316e-31
1155,6,BNCI2014-008,5,0.0,1,0.8659162191192267,0.8367346938775512,0.9958686971642317,0.9668094227437104
1156,6,BNCI2014-008,5,0.1,1,0.8660437560065578,0.8341224489795919,0.99556631949786,0.9667305263044818
1157,6,BNCI2014-008,5,0.2,1,0.8583526485386398,0.837061224489796,0.9926268133954601,0.9653410548725732
1158,6,BNCI2014-008,5,0.3,1,0.7814072022160665,0.8150204081632653,0.9776838580598526,0.956030049264494
1159,6,BNCI2014-008,5,0.4,1,0.7690596415851658,0.809142857142857,0.972735833849411,0.9518304560151806
1160,6,BNCI2014-008,5,0.5,1,0.7642118830911866,0.7995102040816326,0.9679434445416951,0.9468432810100977
1161,6,BNCI2014-008,5,0.6,1,0.7609985866922946,0.7900408163265306,0.9610863932932304,0.9379910593288122
1162,6,BNCI2014-008,5,0.7,1,0.7586486517044491,0.7848163265306123,0.9525133109646606,0.931102210718185
1163,6,BNCI2014-008,5,0.8,1,0.7532473288484369,0.7707755102040816,0.9254343013945896,0.9033109788708484
1164,6,BNCI2014-008,5,0.9,1,0.7607263270959352,0.7800816326530612,0.8719133335628988,0.8512544851343342
1165,6,BNCI2014-008,5,1.0,1,0.8997623381762677,0.8548571428571429,8.5845210114564e-31,8.64413162652585e-31
1166,6,BNCI2014-008,6,0.0,1,0.8672137486573578,0.8106122448979592,0.9959745061078273,0.977641551904042
1167,6,BNCI2014-008,6,0.1,1,0.8673634462095088,0.8117551020408164,0.9956289550079229,0.9772911360579019
1168,6,BNCI2014-008,6,0.2,1,0.8590961614562724,0.8078367346938775,0.9926155023906169,0.9738911752230436
1169,6,BNCI2014-008,6,0.3,1,0.7824428741025496,0.7639183673469389,0.9775269246192467,0.9515597569663795
1170,6,BNCI2014-008,6,0.4,1,0.7709301825993555,0.7488979591836734,0.9727544238123835,0.9476438339163324
1171,6,BNCI2014-008,6,0.5,1,0.7659110181468709,0.7453061224489795,0.967955732987462,0.9433295600407675
1172,6,BNCI2014-008,6,0.6,1,0.7631676182938549,0.7451428571428572,0.9609619128139884,0.937022369162284
1173,6,BNCI2014-008,6,0.7,1,0.7614983322969077,0.7408979591836735,0.952293561763231,0.9308440587258243
1174,6,BNCI2014-008,6,0.8,1,0.7594174910961616,0.7248979591836735,0.9250860322083754,0.9026435928560316
1175,6,BNCI2014-008,6,0.9,1,0.7625466674204309,0.6848979591836735,0.8707875446313199,0.8467297089951872
1176,6,BNCI2014-008,6,1.0,1,0.8965508508112385,0.8413061224489796,9.956259605365726e-31,9.935474037337353e-31
1177,6,BNCI2014-008,7,0.0,1,0.8642867318672621,0.8644897959183673,0.9956751481593402,0.9591845866156052
1178,6,BNCI2014-008,7,0.1,1,0.8643672338741591,0.8625306122448979,0.995315808302801,0.9592552669385078
1179,6,BNCI2014-008,7,0.2,1,0.8574843122844706,0.8491428571428572,0.9922739500650162,0.956632794914682
1180,6,BNCI2014-008,7,0.3,1,0.7792996777658433,0.8024489795918367,0.9772851913894478,0.9471563268045469
1181,6,BNCI2014-008,7,0.4,1,0.7693961218836565,0.7911836734693878,0.9726602221505285,0.943910786124417
1182,6,BNCI2014-008,7,0.5,1,0.764862230764882,0.7916734693877551,0.9679324544464283,0.9398863679385941
1183,6,BNCI2014-008,7,0.6,1,0.7626827972186104,0.788408163265306,0.9610813663992182,0.9344962809457507
1184,6,BNCI2014-008,7,0.7,1,0.7583099101136299,0.7973877551020409,0.9525436622487237,0.9273978954152915
1185,6,BNCI2014-008,7,0.8,1,0.7532839617841596,0.7888979591836733,0.9259463992568719,0.9020419789985565
1186,6,BNCI2014-008,7,0.9,1,0.7738404658262197,0.7471020408163265,0.8723322547708727,0.85083845337452
1187,6,BNCI2014-008,7,1.0,1,0.8960343716433943,0.8845714285714285,8.658642836936215e-31,8.330441236479208e-31
1188,6,BNCI2014-008,8,0.0,1,0.8641356775397141,0.8630204081632653,0.9955737543814311,1.0178676895913459
1189,6,BNCI2014-008,8,0.1,1,0.864310701565945,0.8633469387755102,0.995263498587581,1.017614063457408
1190,6,BNCI2014-008,8,0.2,1,0.8567638645485894,0.8566530612244898,0.9922627202471666,1.0155817743466278
1191,6,BNCI2014-008,8,0.3,1,0.7813619763694951,0.8293877551020408,0.9783637511813387,1.0043344025000145
1192,6,BNCI2014-008,8,0.4,1,0.7690234609079089,0.8244897959183674,0.9733332913237521,0.9993363440123212
1193,6,BNCI2014-008,8,0.5,1,0.7643131889875063,0.8191020408163265,0.968742624703675,0.9940777649242335
1194,6,BNCI2014-008,8,0.6,1,0.7623336536830798,0.8213877551020408,0.9620632879053472,0.9889861222513346
1195,6,BNCI2014-008,8,0.7,1,0.7589892023291313,0.8130612244897959,0.9536852186181682,0.9808527134526993
1196,6,BNCI2014-008,8,0.8,1,0.7552074170388378,0.7980408163265306,0.9269326520230909,0.9530542213706397
1197,6,BNCI2014-008,8,0.9,1,0.7703671208095426,0.7905306122448981,0.8735283436990169,0.8976981865925293
1198,6,BNCI2014-008,8,1.0,1,0.8979623494827293,0.9102040816326531,2.661904707505396e-30,2.691830863721617e-30
1199,6,BNCI2014-008,9,0.0,1,0.8677116852281078,0.7967346938775511,0.9957486883349927,0.9541079336423922
1200,6,BNCI2014-008,9,0.1,1,0.8678166091921533,0.8,0.9954433696290323,0.9540824433310517
1201,6,BNCI2014-008,9,0.2,1,0.8596275651534853,0.7957551020408162,0.9926158472288361,0.9509217808063124
1202,6,BNCI2014-008,9,0.3,1,0.7843002996212335,0.7794285714285715,0.9786368856508574,0.939571969459651
1203,6,BNCI2014-008,9,0.4,1,0.7718663576233818,0.7653877551020407,0.9735201091643393,0.9359508244246861
1204,6,BNCI2014-008,9,0.5,1,0.7671868392786476,0.76,0.968871538307369,0.9323367187623309
1205,6,BNCI2014-008,9,0.6,1,0.7654456441856521,0.7412244897959184,0.9622247902206027,0.9261268963481302
1206,6,BNCI2014-008,9,0.7,1,0.763323647464526,0.732734693877551,0.9540264208366916,0.9194579985199652
1207,6,BNCI2014-008,9,0.8,1,0.7575510204081632,0.7456326530612245,0.9276859840618006,0.8951295774275563
1208,6,BNCI2014-008,9,0.9,1,0.776308892532082,0.7286530612244898,0.8748908238652654,0.8439177730517092
1209,6,BNCI2014-008,9,1.0,1,0.9005221323986657,0.8862040816326531,5.698814246328756e-31,5.542924936736463e-31
1210,6,BNCI2014-008,10,0.0,1,0.8655720504268187,0.8398367346938775,0.9960379932237867,1.0083727576560242
1211,6,BNCI2014-008,10,0.1,1,0.8656679292215501,0.838530612244898,0.9957099859371196,1.0088262213507686
1212,6,BNCI2014-008,10,0.2,1,0.857553055571259,0.8434285714285714,0.9929308170341279,1.006880765926978
1213,6,BNCI2014-008,10,0.3,1,0.7871671660353892,0.7064489795918367,0.9786883163836516,0.9964609769254916
1214,6,BNCI2014-008,10,0.4,1,0.7758611566510261,0.7038367346938775,0.9741384728113379,0.9928664378552746
1215,6,BNCI2014-008,10,0.5,1,0.7711427440782406,0.7093877551020409,0.969618175365176,0.9910594224770565
1216,6,BNCI2014-008,10,0.6,1,0.7680981400870597,0.7100408163265306,0.9631721974074223,0.9859383364147
1217,6,BNCI2014-008,10,0.7,1,0.7649743908643791,0.7113469387755101,0.9551587463076848,0.9786169226419595
1218,6,BNCI2014-008,10,0.8,1,0.7647193170897167,0.6755918367346939,0.930088027440027,0.9525460420095768
1219,6,BNCI2014-008,10,0.9,1,0.776359545480242,0.7180408163265307,0.8796410252826561,0.8986814698505257
1220,6,BNCI2014-008,10,1.0,1,0.9002865057380294,0.8355918367346938,9.60672020970077e-31,9.797557919450424e-31
1221,6,BNCI2014-008,11,0.0,1,0.8616573011476059,0.9013877551020407,0.9959200013969194,0.9861018167589181
1222,6,BNCI2014-008,11,0.1,1,0.8618264458137825,0.9017142857142857,0.9956274758283228,0.9861199903804518
1223,6,BNCI2014-008,11,0.2,1,0.8546255865226977,0.8966530612244898,0.9926783439838514,0.9834093263945655
1224,6,BNCI2014-008,11,0.3,1,0.7857904912657585,0.7270204081632653,0.9779235789239661,0.9693973807495216
1225,6,BNCI2014-008,11,0.4,1,0.7743999095483067,0.7177142857142856,0.9732353458277396,0.9651809045253532
1226,6,BNCI2014-008,11,0.5,1,0.7695756684945446,0.7146122448979593,0.9685224529494173,0.9606546701640688
1227,6,BNCI2014-008,11,0.6,1,0.7673243258522244,0.7162448979591837,0.9617742653989015,0.9538958152152979
1228,6,BNCI2014-008,11,0.7,1,0.7634597772627056,0.7113469387755103,0.9534039160897946,0.9448169768550803
1229,6,BNCI2014-008,11,0.8,1,0.761248685623834,0.7273469387755102,0.9279050571622454,0.9203528380222996
1230,6,BNCI2014-008,11,0.9,1,0.7704734015489851,0.7224489795918368,0.8768507975291744,0.8733727552490491
1231,6,BNCI2014-008,11,1.0,1,0.8951574424783764,0.883265306122449,1.2230872707977936e-30,1.2217651144989248e-30
1232,6,BNCI2014-008,12,0.0,1,0.862677143987789,0.8973061224489797,0.9958081820024496,1.043227943541484
1233,6,BNCI2014-008,12,0.1,1,0.8627748318163833,0.8951836734693877,0.9954536235968593,1.0440641063273535
1234,6,BNCI2014-008,12,0.2,1,0.8550814630561366,0.9005714285714286,0.9925323923932522,1.0412623897163387
1235,6,BNCI2014-008,12,0.3,1,0.7787289275821133,0.843591836734694,0.9773764476890546,1.0230548697811133
1236,6,BNCI2014-008,12,0.4,1,0.7667680479393973,0.8306938775510204,0.9723271699402621,1.0175440256818278
1237,6,BNCI2014-008,12,0.5,1,0.7630550059358923,0.8223673469387754,0.9675512668739911,1.0132221519705404
1238,6,BNCI2014-008,12,0.6,1,0.7598118604782632,0.8212244897959183,0.9606062329467168,1.0046647850026038
1239,6,BNCI2014-008,12,0.7,1,0.7563887161512803,0.8218775510204082,0.9518976334523744,0.9968788333705303
1240,6,BNCI2014-008,12,0.8,1,0.7553652552433716,0.8122448979591836,0.9246814129022816,0.9672091390460112
1241,6,BNCI2014-008,12,0.9,1,0.7578540335801911,0.8031020408163265,0.8701646556762959,0.9090163049143475
1242,6,BNCI2014-008,12,1.0,1,0.8972129572050427,0.9340408163265306,8.945557956703242e-31,9.461585409315081e-31
1243,6,BNCI2014-008,13,0.0,1,0.8644970320538188,0.8628571428571429,0.995692946000263,0.9539716710664415
1244,6,BNCI2014-008,13,0.1,1,0.8647249703205381,0.8607346938775511,0.995400241568511,0.9534910814901849
1245,6,BNCI2014-008,13,0.2,1,0.8563414551416133,0.860734693877551,0.9923130352567326,0.9510210059654868
1246,6,BNCI2014-008,13,0.3,1,0.7797632426931991,0.8251428571428572,0.9775209700851824,0.9414452898282731
1247,6,BNCI2014-008,13,0.4,1,0.768093165243937,0.809469387755102,0.9726190073618228,0.9386354483760095
1248,6,BNCI2014-008,13,0.5,1,0.7635628921928883,0.7998367346938775,0.9679211761530515,0.9347810106146022
1249,6,BNCI2014-008,13,0.6,1,0.7605214540109673,0.7936326530612245,0.961003746852251,0.9302204942590063
1250,6,BNCI2014-008,13,0.7,1,0.7581480015829046,0.7898775510204081,0.9525063277788465,0.9238726180123803
1251,6,BNCI2014-008,13,0.8,1,0.7552757080671605,0.7843265306122449,0.9256924470969753,0.9004881035759932
1252,6,BNCI2014-008,13,0.9,1,0.7714100288314771,0.8195918367346939,0.8721022368916679,0.8488871566718421
1253,6,BNCI2014-008,13,1.0,1,0.8979704901351121,0.9170612244897959,7.138758108153149e-31,6.951442848154041e-31
1254,6,BNCI2014-008,14,0.0,1,0.8660012437107806,0.8261224489795919,0.9957614757233376,1.0241028705812283
1255,6,BNCI2014-008,14,0.1,1,0.8659962688676579,0.8285714285714286,0.9954271304313461,1.0241103631492634
1256,6,BNCI2014-008,14,0.2,1,0.8593073661597603,0.8140408163265306,0.9924648282669253,1.0216410410392982
1257,6,BNCI2014-008,14,0.3,1,0.7852997908304595,0.7195102040816326,0.9780443764508747,1.0001018585415915
1258,6,BNCI2014-008,14,0.4,1,0.7740394595511334,0.7123265306122448,0.9733002202138729,0.9944183577446993
1259,6,BNCI2014-008,14,0.5,1,0.7695069252077561,0.7195102040816326,0.968545040007406,0.9894486718041491
1260,6,BNCI2014-008,14,0.6,1,0.7660620724744192,0.7227755102040816,0.9615994457192111,0.9821523116988125
1261,6,BNCI2014-008,14,0.7,1,0.7621319464073717,0.7211428571428572,0.9531254221667633,0.9734430345661937
1262,6,BNCI2014-008,14,0.8,1,0.757578155916106,0.6976326530612245,0.926652506498957,0.9452201299679608
1263,6,BNCI2014-008,14,0.9,1,0.7657889083611285,0.7129795918367348,0.8732948314493814,0.8896717208426108
1264,6,BNCI2014-008,14,1.0,1,0.8974825032506077,0.8595918367346939,1.35927770825513e-30,1.3938538876511585e-30
1265,6,BNCI2014-008,15,0.0,1,0.8643681383910905,0.864,0.9956601851340461,1.0180099045588207
1266,6,BNCI2014-008,15,0.1,1,0.8644798462321216,0.8671020408163266,0.9953203721563674,1.0179185688302068
1267,6,BNCI2014-008,15,0.2,1,0.8564558765334388,0.841469387755102,0.9923319776392954,1.0163451978253755
1268,6,BNCI2014-008,15,0.3,1,0.783046186895811,0.776326530612245,0.9781639717727774,1.005367823443038
1269,6,BNCI2014-008,15,0.4,1,0.7709057606422072,0.760326530612245,0.9733261494055799,1.001388249963357
1270,6,BNCI2014-008,15,0.5,1,0.7669412629317656,0.7479183673469387,0.9686070739368433,0.9963114652875558
1271,6,BNCI2014-008,15,0.6,1,0.762612697156425,0.7451428571428572,0.9617095441355301,0.9894677197021624
1272,6,BNCI2014-008,15,0.7,1,0.7600542710158856,0.7453061224489795,0.9533044970906766,0.9815152757034947
1273,6,BNCI2014-008,15,0.8,1,0.7539370230086494,0.7544489795918367,0.925854012615148,0.9555459400775022
1274,6,BNCI2014-008,15,0.9,1,0.7770415512465374,0.7410612244897959,0.8706621482808249,0.9023230871831723
1275,6,BNCI2014-008,15,1.0,1,0.8959050257222002,0.9071020408163266,1.0175525102640791e-30,1.0365490999997294e-30
1276,6,BNCI2014-008,16,0.0,1,0.8608848436881679,0.9306122448979591,0.995972489982853,0.9942350607103293
1277,6,BNCI2014-008,16,0.1,1,0.8609440895471763,0.929795918367347,0.9956551274189808,0.99410942410882
1278,6,BNCI2014-008,16,0.2,1,0.8541027757363334,0.916734693877551,0.9929364137029609,0.9907482882382678
1279,6,BNCI2014-008,16,0.3,1,0.782634631692012,0.7804081632653062,0.9780792257768641,0.9772978684831816
1280,6,BNCI2014-008,16,0.4,1,0.7705896319746736,0.777469387755102,0.9733598943989548,0.9732788449565805
1281,6,BNCI2014-008,16,0.5,1,0.7658662445587654,0.7766530612244897,0.968687882089706,0.9698522364366691
1282,6,BNCI2014-008,16,0.6,1,0.7626294307196563,0.7763265306122449,0.9620153999471495,0.9638338657801929
1283,6,BNCI2014-008,16,0.7,1,0.7601705014415738,0.7766530612244897,0.9538644722859616,0.9547810964228584
1284,6,BNCI2014-008,16,0.8,1,0.7551721408785121,0.7934693877551021,0.9281836239748473,0.9279613199364729
1285,6,BNCI2014-008,16,0.9,1,0.7738798123127367,0.7804081632653062,0.8762123186083561,0.8739403262276411
1286,6,BNCI2014-008,16,1.0,1,0.8987547063146587,0.9239183673469387,1.1318926874729197e-30,1.1172230768996019e-30
1287,6,BNCI2014-008,17,0.0,1,0.8657714964101983,0.8288979591836735,0.9957427307598489,0.9797820047193306
1288,6,BNCI2014-008,17,0.1,1,0.8658592345525468,0.8244897959183674,0.995453932026155,0.979192896675217
1289,6,BNCI2014-008,17,0.2,1,0.8585529990389507,0.8200816326530612,0.9926383661533763,0.9768348398102946
1290,6,BNCI2014-008,17,0.3,1,0.7860057662954378,0.7714285714285714,0.9786395069232089,0.9681206066164963
1291,6,BNCI2014-008,17,0.4,1,0.7727735881056024,0.7725714285714286,0.973595888432882,0.9651307730375956
1292,6,BNCI2014-008,17,0.5,1,0.7677707049578835,0.7660408163265305,0.9689486345259465,0.9615637726432671
1293,6,BNCI2014-008,17,0.6,1,0.7653660466956864,0.7696326530612246,0.9623337612167165,0.95599308524744
1294,6,BNCI2014-008,17,0.7,1,0.7612052688111254,0.7622857142857142,0.9541496590967503,0.9497837346551067
1295,6,BNCI2014-008,17,0.8,1,0.7577640341455142,0.7639183673469389,0.9282458659692324,0.9248991625485251
1296,6,BNCI2014-008,17,0.9,1,0.7763523093447906,0.7413877551020408,0.8759514794766502,0.8781922513598598
1297,6,BNCI2014-008,17,1.0,1,0.9023090055966986,0.8574693877551021,1.4592262445928112e-30,1.4581216093778186e-30
1298,6,BNCI2014-008,18,0.0,1,0.864263214427045,0.8662857142857143,0.9955646785255454,1.0446169791741269
1299,6,BNCI2014-008,18,0.1,1,0.8643984397082932,0.8723265306122449,0.9952003063390062,1.0445779212103115
1300,6,BNCI2014-008,18,0.2,1,0.8571247668042286,0.8577959183673469,0.991945847607783,1.0425078993022066
1301,6,BNCI2014-008,18,0.3,1,0.78341658657923,0.7547755102040816,0.9780021832340843,1.0204321367244737
1302,6,BNCI2014-008,18,0.4,1,0.7716777658431794,0.7495510204081632,0.9730689500087425,1.0145835011855213
1303,6,BNCI2014-008,18,0.5,1,0.7667508621177003,0.7492244897959184,0.9682111053042193,1.0091143376203946
1304,6,BNCI2014-008,18,0.6,1,0.7629812878059811,0.7528163265306121,0.9611249916288697,0.9999383501681555
1305,6,BNCI2014-008,18,0.7,1,0.7601777375770252,0.7568979591836734,0.9525059828800593,0.9917719099124713
1306,6,BNCI2014-008,18,0.8,1,0.7581561422352876,0.7459591836734694,0.9254607633258437,0.9646046597743209
1307,6,BNCI2014-008,18,0.9,1,0.7748467409124314,0.7328979591836735,0.8714797607201632,0.9160981737849413
1308,6,BNCI2014-008,18,1.0,1,0.8974653174289107,0.8831020408163265,6.247235400299043e-31,6.518523217099344e-31
1309,6,BNCI2014-008,19,0.0,1,0.8666601842953248,0.8244897959183674,0.9953979948444333,0.979804866742681
1310,6,BNCI2014-008,19,0.1,1,0.8667081236926905,0.8243265306122449,0.9950613756265664,0.9804159740527111
1311,6,BNCI2014-008,19,0.2,1,0.859659223246085,0.8128979591836734,0.9918316625691088,0.9767760176198644
1312,6,BNCI2014-008,19,0.3,1,0.781469613884335,0.768,0.9777243169769536,0.9637935633829434
1313,6,BNCI2014-008,19,0.4,1,0.7699727514274407,0.7557551020408163,0.9728571626453725,0.9600419911383842
1314,6,BNCI2014-008,19,0.5,1,0.765272429193284,0.7554285714285714,0.9680993206287577,0.9577689244339004
1315,6,BNCI2014-008,19,0.6,1,0.7619605404488666,0.7573877551020408,0.9610764967082194,0.9513168860890431
1316,6,BNCI2014-008,19,0.7,1,0.7593885465543558,0.7555918367346939,0.9524383479017902,0.940803641238392
1317,6,BNCI2014-008,19,0.8,1,0.7589141274238227,0.7518367346938776,0.9252646499774053,0.9133328797542772
1318,6,BNCI2014-008,19,0.9,1,0.7663542314432699,0.7413877551020407,0.8709555651190422,0.8598254239722608
1319,6,BNCI2014-008,19,1.0,1,0.901302278252021,0.8269387755102041,4.354293565204272e-30,4.385967732395312e-30
1320,7,BNCI2014-008,0,0.0,1,0.8517519362315564,0.8688979591836735,0.9961152494726166,0.9388586932663047
1321,7,BNCI2014-008,0,0.1,1,0.851735202668325,0.8706938775510203,0.9956259074296914,0.9385319626436714
1322,7,BNCI2014-008,0,0.2,1,0.8379842840183165,0.8280816326530612,0.9929717110554072,0.9361361122488802
1323,7,BNCI2014-008,0,0.3,1,0.8040743965176098,0.7781224489795918,0.988977789511765,0.934026036948854
1324,7,BNCI2014-008,0,0.4,1,0.764153089490644,0.7291428571428571,0.9841602468303469,0.9323212720704308
1325,7,BNCI2014-008,0,0.5,1,0.7120827632992255,0.6697142857142858,0.9772624308514621,0.928257848729595
1326,7,BNCI2014-008,0,0.6,1,0.6953695516987959,0.6702040816326531,0.9739786757128728,0.9271178793525104
1327,7,BNCI2014-008,0,0.7,1,0.6883269828707106,0.6478367346938776,0.9697172553241807,0.9253131622785548
1328,7,BNCI2014-008,0,0.8,1,0.6843014302673978,0.6491428571428571,0.9636503119094699,0.9233011717426637
1329,7,BNCI2014-008,0,0.9,1,0.7169323308270676,0.6293877551020408,0.9439181338078291,0.9018835434656313
1330,7,BNCI2014-008,0,1.0,1,0.8837388207360507,0.8478367346938775,7.04161376695799e-31,6.847569310100492e-31
1331,7,BNCI2014-008,1,0.0,1,0.8521987675956809,0.8600816326530611,0.9960044915554148,0.915107391484854
1332,7,BNCI2014-008,1,0.1,1,0.8522141443835152,0.8617142857142858,0.9954783800326072,0.9151748500339041
1333,7,BNCI2014-008,1,0.2,1,0.8375853920515575,0.8581224489795919,0.9926287343083808,0.9130954522211394
1334,7,BNCI2014-008,1,0.3,1,0.8035864096331053,0.8212244897959184,0.9883829689924126,0.9100317399776244
1335,7,BNCI2014-008,1,0.4,1,0.7625584261405394,0.7689795918367346,0.9832569479485128,0.9037653569734899
1336,7,BNCI2014-008,1,0.5,1,0.709412629317655,0.7017142857142857,0.9760017715983886,0.8996800085770083
1337,7,BNCI2014-008,1,0.6,1,0.6956178415964724,0.675265306122449,0.9727396719700439,0.8978964842347651
1338,7,BNCI2014-008,1,0.7,1,0.6891767765277855,0.6641632653061225,0.9683404250740402,0.896019435810914
1339,7,BNCI2014-008,1,0.8,1,0.6852615749901068,0.6481632653061224,0.962172325451401,0.8911869698728999
1340,7,BNCI2014-008,1,0.9,1,0.718431115382441,0.6398367346938775,0.9412370103082577,0.8714567129048357
1341,7,BNCI2014-008,1,1.0,1,0.8890795409576573,0.8899591836734694,8.841802230935282e-31,8.204220694762544e-31
1342,7,BNCI2014-008,2,0.0,1,0.8563703996834191,0.7647346938775511,0.9959213697227446,0.960310433124779
1343,7,BNCI2014-008,2,0.1,1,0.8564029622929504,0.7652244897959184,0.9953954393572492,0.9606124710537379
1344,7,BNCI2014-008,2,0.2,1,0.8422816439595229,0.7475918367346939,0.9925688845140762,0.9587207046148336
1345,7,BNCI2014-008,2,0.3,1,0.8090216518740461,0.707265306122449,0.9883424420064021,0.957429941544621
1346,7,BNCI2014-008,2,0.4,1,0.7698497371247668,0.673795918367347,0.9833272252264972,0.9559538914958083
1347,7,BNCI2014-008,2,0.5,1,0.7169689637627905,0.6453877551020408,0.9758335978622368,0.9502871410809444
1348,7,BNCI2014-008,2,0.6,1,0.6989297303408897,0.6354285714285715,0.9723623379018428,0.950519640039286
1349,7,BNCI2014-008,2,0.7,1,0.6896552659845102,0.6372244897959184,0.9680338642516061,0.9476269987497896
1350,7,BNCI2014-008,2,0.8,1,0.6850494657696873,0.6302040816326531,0.9618730399839992,0.94377284038373
1351,7,BNCI2014-008,2,0.9,1,0.7164909265645316,0.622530612244898,0.9409010587442159,0.917402408681473
1352,7,BNCI2014-008,2,1.0,1,0.8882776866979478,0.8202448979591836,7.436073306050371e-31,7.221148502544952e-31
1353,7,BNCI2014-008,3,0.0,1,0.853973882073605,0.8248163265306122,0.9960302452329916,1.1480917100686105
1354,7,BNCI2014-008,3,0.1,1,0.8540801628130477,0.824,0.9955569450626256,1.147062973799517
1355,7,BNCI2014-008,3,0.2,1,0.8409976821753633,0.8029387755102041,0.9928418915195737,1.1445136959822022
1356,7,BNCI2014-008,3,0.3,1,0.808972807959749,0.7552653061224489,0.9888313406719265,1.1414046156230482
1357,7,BNCI2014-008,3,0.4,1,0.7696118491718017,0.7234285714285714,0.9839646487375454,1.1348293650309849
1358,7,BNCI2014-008,3,0.5,1,0.7172222285035899,0.6773877551020407,0.9764749911920741,1.1272426894771521
1359,7,BNCI2014-008,3,0.6,1,0.7007224828989768,0.6644897959183673,0.9729775391727623,1.1239364396670724
1360,7,BNCI2014-008,3,0.7,1,0.6905376222511166,0.6573061224489796,0.9684848335642094,1.1198887924025092
1361,7,BNCI2014-008,3,0.8,1,0.6867101588557861,0.6368979591836735,0.9622221231383318,1.1139541999678741
1362,7,BNCI2014-008,3,0.9,1,0.7129940641076377,0.6845714285714286,0.9409374013117262,1.0880689239148351
1363,7,BNCI2014-008,3,1.0,1,0.8937780541579513,0.8341224489795918,4.099622095964629e-31,4.761150770087044e-31
1364,7,BNCI2014-008,4,0.0,1,0.8559914070891514,0.7885714285714286,0.9958358463606342,0.9188107808325154
1365,7,BNCI2014-008,4,0.1,1,0.8561695969246426,0.7833469387755102,0.9953254909334212,0.9185180608913255
1366,7,BNCI2014-008,4,0.2,1,0.8400999491209227,0.8094693877551021,0.9923607261175544,0.9150267630109772
1367,7,BNCI2014-008,4,0.3,1,0.806730962745209,0.8063673469387755,0.987941606167941,0.9129482805522111
1368,7,BNCI2014-008,4,0.4,1,0.7664039798744984,0.7684897959183673,0.9827151772067,0.9074183297244561
1369,7,BNCI2014-008,4,0.5,1,0.7126467296059698,0.6881632653061225,0.9753272577779584,0.902244144117834
1370,7,BNCI2014-008,4,0.6,1,0.6965291424048845,0.6579591836734694,0.972283109842044,0.8999701012090168
1371,7,BNCI2014-008,4,0.7,1,0.6888280852507208,0.6623673469387754,0.9680259050402261,0.8989584069627727
1372,7,BNCI2014-008,4,0.8,1,0.6827140030527445,0.670530612244898,0.9618277337983037,0.8967296152562744
1373,7,BNCI2014-008,4,0.9,1,0.7112465373961219,0.7108571428571429,0.9406403755532642,0.8901630629584514
1374,7,BNCI2014-008,4,1.0,1,0.8874726666289784,0.7820408163265306,7.600391197400754e-31,7.060552881606799e-31
1375,7,BNCI2014-008,5,0.0,1,0.8539743343320707,0.8318367346938775,0.9959587001300846,0.9775257678993458
1376,7,BNCI2014-008,5,0.1,1,0.8540751879699248,0.8302040816326531,0.995480197269978,0.9768180533701807
1377,7,BNCI2014-008,5,0.2,1,0.8399796483690428,0.8021224489795917,0.9928082990397215,0.97475596246494
1378,7,BNCI2014-008,5,0.3,1,0.8071343772966251,0.7719183673469387,0.9889484294348222,0.9713073427951641
1379,7,BNCI2014-008,5,0.4,1,0.7681641698230538,0.7502040816326531,0.9840142348118012,0.9698153726383615
1380,7,BNCI2014-008,5,0.5,1,0.7146416416982305,0.7213061224489796,0.9760851727680976,0.9668938750927212
1381,7,BNCI2014-008,5,0.6,1,0.6967765277856295,0.697795918367347,0.9723123066251487,0.9655278057120954
1382,7,BNCI2014-008,5,0.7,1,0.687793317881169,0.6796734693877551,0.9678578270763392,0.9613699366923016
1383,7,BNCI2014-008,5,0.8,1,0.6850630335236587,0.670530612244898,0.9616266774789606,0.958228294122069
1384,7,BNCI2014-008,5,0.9,1,0.7116223641811295,0.7180408163265306,0.9399683356184184,0.9361492166275857
1385,7,BNCI2014-008,5,1.0,1,0.8910916388716152,0.8697142857142857,9.427485576187003e-31,9.313886744245299e-31
1386,7,BNCI2014-008,6,0.0,1,0.8503788795296512,0.8919183673469387,0.9960328795546302,1.0112480794724634
1387,7,BNCI2014-008,6,0.1,1,0.8505900842331393,0.889795918367347,0.995532544324828,1.0109577913892422
1388,7,BNCI2014-008,6,0.2,1,0.8354941489060999,0.8848979591836734,0.9929406188964912,1.0107396717861832
1389,7,BNCI2014-008,6,0.3,1,0.8056781050370286,0.8390204081632653,0.989257859055455,1.004794052298209
1390,7,BNCI2014-008,6,0.4,1,0.7698881790943524,0.7893877551020408,0.9845095346885411,1.0035881446159967
1391,7,BNCI2014-008,6,0.5,1,0.7176957431171915,0.7304489795918367,0.9766899357428073,1.0013933627747544
1392,7,BNCI2014-008,6,0.6,1,0.6988519418847872,0.7204897959183673,0.973101031805892,0.9979087095037783
1393,7,BNCI2014-008,6,0.7,1,0.6863415682062298,0.7023673469387756,0.9688731208882538,0.9935974263879618
1394,7,BNCI2014-008,6,0.8,1,0.6836302787042795,0.6902857142857142,0.9627075473687202,0.988350477573358
1395,7,BNCI2014-008,6,0.9,1,0.7159256034823902,0.7270204081632653,0.9418115368677669,0.9675263646476101
1396,7,BNCI2014-008,6,1.0,1,0.8798842218327774,0.9137959183673469,1.02975404495106e-30,1.0470317464083355e-30
1397,7,BNCI2014-008,7,0.0,1,0.8516537961444965,0.8643265306122448,0.9960702726148967,0.983761687204799
1398,7,BNCI2014-008,7,0.1,1,0.8518080162813048,0.8654693877551021,0.995545416942692,0.9841333844518516
1399,7,BNCI2014-008,7,0.2,1,0.8378305161399741,0.8613877551020409,0.9928251041567113,0.9826001767723638
1400,7,BNCI2014-008,7,0.3,1,0.8043462038555034,0.8409795918367347,0.9888533125732458,0.9812171044134579
1401,7,BNCI2014-008,7,0.4,1,0.7632354570637118,0.7897142857142858,0.9840158186472631,0.9791176671098166
1402,7,BNCI2014-008,7,0.5,1,0.7096654417999887,0.7430204081632653,0.976838791463837,0.9773903693629944
1403,7,BNCI2014-008,7,0.6,1,0.6919409802702243,0.7258775510204082,0.9735299809664111,0.9763166464875425
1404,7,BNCI2014-008,7,0.7,1,0.686254734580813,0.7110204081632653,0.969155458967682,0.9728708844389278
1405,7,BNCI2014-008,7,0.8,1,0.6794880434168127,0.7172244897959184,0.9630986370128305,0.9683371857195048
1406,7,BNCI2014-008,7,0.9,1,0.7138854655435583,0.7066122448979592,0.943016443834865,0.9475837150914911
1407,7,BNCI2014-008,7,1.0,1,0.8874817117982927,0.8718367346938776,7.637090021365685e-31,7.4182083930902925e-31
1408,7,BNCI2014-008,8,0.0,1,0.852476002035163,0.843265306122449,0.9961342875035188,0.9854194792418262
1409,7,BNCI2014-008,8,0.1,1,0.8525886143931257,0.8452244897959182,0.9956505575042102,0.9851063360793275
1410,7,BNCI2014-008,8,0.2,1,0.8384935270507095,0.8406530612244898,0.9928535118843591,0.9830282745840715
1411,7,BNCI2014-008,8,0.3,1,0.8046939906156368,0.8316734693877551,0.9887718349000365,0.9793360561899879
1412,7,BNCI2014-008,8,0.4,1,0.7658449884108768,0.7990204081632654,0.9839763533065866,0.9758742455255266
1413,7,BNCI2014-008,8,0.5,1,0.7124029622929504,0.7640816326530613,0.9770178715271491,0.9687048516911627
1414,7,BNCI2014-008,8,0.6,1,0.6944211656961954,0.7593469387755102,0.9737672577613379,0.9667014010595413
1415,7,BNCI2014-008,8,0.7,1,0.6866228729719035,0.7516734693877551,0.9694632473003298,0.9644464079051864
1416,7,BNCI2014-008,8,0.8,1,0.6819682288427836,0.7346938775510203,0.9633566507291255,0.9597136938717966
1417,7,BNCI2014-008,8,0.9,1,0.7162050992142008,0.7136326530612245,0.9430656017072382,0.9466537526752593
1418,7,BNCI2014-008,8,1.0,1,0.8927034880434168,0.862204081632653,5.112489203171727e-31,5.129740097692187e-31
1419,7,BNCI2014-008,9,0.0,1,0.8526284131381084,0.8564897959183673,0.9957364170545732,1.023825614412939
1420,7,BNCI2014-008,9,0.1,1,0.8527093674034711,0.8528979591836735,0.9952466862068131,1.023310715309871
1421,7,BNCI2014-008,9,0.2,1,0.8392989993781446,0.8264489795918368,0.9922902086058636,1.020848688925644
1422,7,BNCI2014-008,9,0.3,1,0.80519057041099,0.7859591836734694,0.987809555956181,1.0190235835157033
1423,7,BNCI2014-008,9,0.4,1,0.7533395895754423,0.7328979591836735,0.9804793077770629,1.013611349464668
1424,7,BNCI2014-008,9,0.5,1,0.7131279326134887,0.6871836734693878,0.9744843612064994,1.0095111849124776
1425,7,BNCI2014-008,9,0.6,1,0.696933461473232,0.6721632653061225,0.9711620524475973,1.0081627989231365
1426,7,BNCI2014-008,9,0.7,1,0.6855229803832891,0.6586122448979592,0.9668581702265854,1.0039292290260966
1427,7,BNCI2014-008,9,0.8,1,0.6833304313415118,0.6710204081632652,0.9605831119658215,1.0009708194995446
1428,7,BNCI2014-008,9,0.9,1,0.7141197354287975,0.6576326530612244,0.9390132212902728,0.9761374511810378
1429,7,BNCI2014-008,9,1.0,1,0.8899474249533609,0.8762448979591836,7.3718541426183485e-31,7.578472824723812e-31
1430,7,BNCI2014-008,10,0.0,1,0.8527903216688337,0.8347755102040817,0.9960538755358835,0.9587738476085259
1431,7,BNCI2014-008,10,0.1,1,0.8528952456328792,0.8316734693877551,0.9955590920114159,0.9580725272686328
1432,7,BNCI2014-008,10,0.2,1,0.8402813047656735,0.8124081632653061,0.9929206090621283,0.9545326926334927
1433,7,BNCI2014-008,10,0.3,1,0.8089877324891175,0.7880816326530612,0.9890060176670696,0.9521757322421922
1434,7,BNCI2014-008,10,0.4,1,0.7576912205325343,0.7307755102040816,0.9825597984446335,0.9503536182139317
1435,7,BNCI2014-008,10,0.5,1,0.7172380575498897,0.6796734693877552,0.9768848600130413,0.9471561049941069
1436,7,BNCI2014-008,10,0.6,1,0.700110124936401,0.6679183673469388,0.9733839668815172,0.9449530626474527
1437,7,BNCI2014-008,10,0.7,1,0.6933805189665895,0.6354285714285715,0.968947102738449,0.9411389061400501
1438,7,BNCI2014-008,10,0.8,1,0.688807281361298,0.6182857142857143,0.9627771521415212,0.9386816177094408
1439,7,BNCI2014-008,10,0.9,1,0.7128805472327435,0.6834285714285714,0.9422589357748209,0.9235509038834896
1440,7,BNCI2014-008,10,1.0,1,0.8928531855955678,0.8514285714285713,7.837910953358266e-31,7.473413653098617e-31
1441,7,BNCI2014-008,11,0.0,1,0.8536089094917745,0.8337959183673469,0.9959385496152866,1.027197917822405
1442,7,BNCI2014-008,11,0.1,1,0.8537798631918142,0.8375510204081632,0.9954563286305654,1.0265291800606207
1443,7,BNCI2014-008,11,0.2,1,0.8393745265419188,0.8191020408163265,0.9925348880262138,1.0255927081756386
1444,7,BNCI2014-008,11,0.3,1,0.8057224263666685,0.7546122448979591,0.9881503316098734,1.0234772450959464
1445,7,BNCI2014-008,11,0.4,1,0.7653172027813896,0.6757551020408163,0.9829243007027219,1.0241559620298475
1446,7,BNCI2014-008,11,0.5,1,0.7135476284696705,0.6022857142857142,0.9760310399782415,1.0202835375661632
1447,7,BNCI2014-008,11,0.6,1,0.7011412742382273,0.5777959183673469,0.9729815278375927,1.0201659820425453
1448,7,BNCI2014-008,11,0.7,1,0.6934099157668607,0.5800816326530612,0.9687984149416747,1.0159413556644419
1449,7,BNCI2014-008,11,0.8,1,0.6890080841200745,0.5862857142857142,0.9626413207974325,1.009308518258373
1450,7,BNCI2014-008,11,0.9,1,0.718060715699022,0.5949387755102041,0.9411612063430533,0.9925299108207833
1451,7,BNCI2014-008,11,1.0,1,0.8891310984227486,0.7859591836734694,5.628963428171055e-31,5.805123383623862e-31
1452,7,BNCI2014-008,12,0.0,1,0.8533805189665895,0.8406530612244898,0.9958608727277007,1.0430670097904162
1453,7,BNCI2014-008,12,0.1,1,0.853499462943072,0.8403265306122449,0.9953676946035522,1.0429918122071835
1454,7,BNCI2014-008,12,0.2,1,0.8388494544632258,0.8115918367346939,0.992624706660647,1.0419421012510663
1455,7,BNCI2014-008,12,0.3,1,0.8062357397252531,0.7601632653061224,0.9885554589831727,1.040492437320874
1456,7,BNCI2014-008,12,0.4,1,0.7688448188139521,0.7280000000000001,0.9837549215808545,1.0380790781589482
1457,7,BNCI2014-008,12,0.5,1,0.7186328226581492,0.6839183673469388,0.9765973309577392,1.038260946166113
1458,7,BNCI2014-008,12,0.6,1,0.6998414834077675,0.6703673469387755,0.97279168669842,1.0326661964879267
1459,7,BNCI2014-008,12,0.7,1,0.6892192888235626,0.6695510204081633,0.9686310532455781,1.0266166875159792
1460,7,BNCI2014-008,12,0.8,1,0.687331561987676,0.6553469387755102,0.9623469603972774,1.020442042923946
1461,7,BNCI2014-008,12,0.9,1,0.7159482164056759,0.7095510204081632,0.9409435341555814,0.9974023591176687
1462,7,BNCI2014-008,12,1.0,1,0.8829048561252758,0.865469387755102,7.344676283197923e-31,7.707661367654261e-31
1463,7,BNCI2014-008,13,0.0,1,0.8524452484594945,0.8538775510204082,0.9961361059788644,0.968045846808483
1464,7,BNCI2014-008,13,0.1,1,0.8525782124484143,0.8524081632653061,0.9956293081644952,0.9680226749580956
1465,7,BNCI2014-008,13,0.2,1,0.8386346316920119,0.8370612244897959,0.992994645924674,0.966816668278438
1466,7,BNCI2014-008,13,0.3,1,0.806866188026457,0.8001632653061225,0.9891890018108027,0.9646717544640369
1467,7,BNCI2014-008,13,0.4,1,0.7686878851263497,0.767673469387755,0.9844964400827805,0.9623303908273684
1468,7,BNCI2014-008,13,0.5,1,0.7130275312341002,0.7306122448979593,0.9771075126917845,0.9528656119882031
1469,7,BNCI2014-008,13,0.6,1,0.6949136751653571,0.7186938775510203,0.973748728186646,0.9491366678634763
1470,7,BNCI2014-008,13,0.7,1,0.6850245915540731,0.7257142857142858,0.9695007546911826,0.945809069592443
1471,7,BNCI2014-008,13,0.8,1,0.6800958787947311,0.7244081632653061,0.9636624026075371,0.9403107104802254
1472,7,BNCI2014-008,13,0.9,1,0.7123079880151506,0.7608163265306123,0.9433418328898417,0.9212622982072397
1473,7,BNCI2014-008,13,1.0,1,0.8895869749561873,0.910530612244898,1.0606844422614108e-30,1.037840931563744e-30
1474,7,BNCI2014-008,14,0.0,1,0.8537409689637628,0.832,0.995976332221274,0.9988256612975096
1475,7,BNCI2014-008,14,0.1,1,0.8539675504550851,0.8315102040816326,0.9954881075403449,0.9982003280378494
1476,7,BNCI2014-008,14,0.2,1,0.8404432132963989,0.826938775510204,0.9928000372303163,0.9956423492462627
1477,7,BNCI2014-008,14,0.3,1,0.8083084402736164,0.822857142857143,0.9888133294861554,0.9916239349284884
1478,7,BNCI2014-008,14,0.4,1,0.7681998982418452,0.7833469387755102,0.9836682662331532,0.9900365842030457
1479,7,BNCI2014-008,14,0.5,1,0.7118267850076319,0.7106938775510204,0.9757740272370848,0.986125065635461
1480,7,BNCI2014-008,14,0.6,1,0.693466448075075,0.7036734693877552,0.9723324419784954,0.9834788847385678
1481,7,BNCI2014-008,14,0.7,1,0.684480976878286,0.6692244897959183,0.9678849727911011,0.9804351410641502
1482,7,BNCI2014-008,14,0.8,1,0.684163943693821,0.661061224489796,0.9614349757926464,0.977096631661349
1483,7,BNCI2014-008,14,0.9,1,0.7084312284470575,0.6873469387755102,0.9400533367673716,0.951082526396958
1484,7,BNCI2014-008,14,1.0,1,0.892657357679914,0.8213877551020409,9.603891929101002e-31,9.104425082400462e-31
1485,7,BNCI2014-008,15,0.0,1,0.8534714229181978,0.8311836734693877,0.9963102357106486,1.0075653293272326
1486,7,BNCI2014-008,15,0.1,1,0.8535736333314488,0.8316734693877551,0.9957933898399115,1.0073181291787336
1487,7,BNCI2014-008,15,0.2,1,0.8409777828028718,0.8032653061224491,0.9931990561597457,1.0057520268482327
1488,7,BNCI2014-008,15,0.3,1,0.8103689298434056,0.769795918367347,0.9894497940229038,1.0049435401862823
1489,7,BNCI2014-008,15,0.4,1,0.7729332353439992,0.7118367346938775,0.9848257088935709,1.003045259348703
1490,7,BNCI2014-008,15,0.5,1,0.7185079993216124,0.6751020408163265,0.9774504352236681,0.9929107302734536
1491,7,BNCI2014-008,15,0.6,1,0.6983657640341455,0.6679183673469388,0.9740738062567976,0.9914391389741717
1492,7,BNCI2014-008,15,0.7,1,0.6896331053196902,0.6628571428571428,0.969809885789209,0.9885944007174757
1493,7,BNCI2014-008,15,0.8,1,0.6848079597489966,0.6736326530612246,0.9639720944294151,0.9842859655861445
1494,7,BNCI2014-008,15,0.9,1,0.7128194923398721,0.7123265306122448,0.943839712255308,0.9642635058207534
1495,7,BNCI2014-008,15,1.0,1,0.885959862061168,0.8747755102040816,6.441654471593956e-31,6.674589260232795e-31
1496,7,BNCI2014-008,16,0.0,1,0.8507868166657244,0.8971428571428571,0.995801819327334,1.0531122180528008
1497,7,BNCI2014-008,16,0.1,1,0.8507094804680875,0.896,0.9952821707491996,1.053147337274026
1498,7,BNCI2014-008,16,0.2,1,0.8350984227486009,0.896,0.9925058895182871,1.0505701343566325
1499,7,BNCI2014-008,16,0.3,1,0.800629091525807,0.8579591836734693,0.98840664380428,1.0466943166359024
1500,7,BNCI2014-008,16,0.4,1,0.7613757702526995,0.7890612244897959,0.9834632153803277,1.041689677025871
1501,7,BNCI2014-008,16,0.5,1,0.7117232178189836,0.705469387755102,0.9765969647568473,1.03646911496853
1502,7,BNCI2014-008,16,0.6,1,0.6980066708123692,0.6775510204081632,0.9733839967276664,1.0334190122973286
1503,7,BNCI2014-008,16,0.7,1,0.6896796879416587,0.6680816326530612,0.9690511847716868,1.0308275799525302
1504,7,BNCI2014-008,16,0.8,1,0.6863750353326925,0.6440816326530612,0.9630155042163467,1.027041464793451
1505,7,BNCI2014-008,16,0.9,1,0.7192117134942619,0.6630204081632654,0.9427837196550772,1.006202157589716
1506,7,BNCI2014-008,16,1.0,1,0.8911083724348464,0.8659591836734694,6.017133915690941e-31,6.343521859468654e-31
1507,7,BNCI2014-008,17,0.0,1,0.851774549154842,0.8618775510204082,0.9959531452133508,0.9758595401142014
1508,7,BNCI2014-008,17,0.1,1,0.8519351009101702,0.8648163265306122,0.9954474566356696,0.9757147769575899
1509,7,BNCI2014-008,17,0.2,1,0.8374307196562835,0.8739591836734694,0.9926309861245595,0.9740039063850037
1510,7,BNCI2014-008,17,0.3,1,0.8035606309005596,0.8496326530612244,0.9885220948697397,0.9729847948554008
1511,7,BNCI2014-008,17,0.4,1,0.7631517892475549,0.8186122448979591,0.9834736325913668,0.9691526392823805
1512,7,BNCI2014-008,17,0.5,1,0.7087740403640681,0.7707755102040816,0.9760590871181196,0.9626030838011821
1513,7,BNCI2014-008,17,0.6,1,0.6909098309683984,0.7568979591836734,0.9728182914247526,0.9565027135533755
1514,7,BNCI2014-008,17,0.7,1,0.6840431906834757,0.7369795918367348,0.9685102356009108,0.9552206684322921
1515,7,BNCI2014-008,17,0.8,1,0.6821776245124088,0.7088979591836735,0.9624070635424503,0.9504274278693718
1516,7,BNCI2014-008,17,0.9,1,0.7138827519927639,0.7172244897959184,0.9417505170002781,0.9352145185511351
1517,7,BNCI2014-008,17,1.0,1,0.8894001922098478,0.9235918367346939,1.2253341355017019e-30,1.1914920614462934e-30
1518,7,BNCI2014-008,18,0.0,1,0.8555355305557124,0.7848163265306123,0.9959316201576223,1.02837672832383
1519,7,BNCI2014-008,18,0.1,1,0.8556458816213467,0.7866122448979591,0.9954179097597673,1.0282636098850544
1520,7,BNCI2014-008,18,0.2,1,0.8422481768330601,0.7802448979591837,0.992639562516713,1.0277761089236193
1521,7,BNCI2014-008,18,0.3,1,0.8110812369269038,0.7582040816326531,0.9885253448660284,1.024447955560546
1522,7,BNCI2014-008,18,0.4,1,0.7725723330883599,0.7448163265306122,0.9834062634173198,1.019127187172607
1523,7,BNCI2014-008,18,0.5,1,0.7165158007801459,0.7211428571428572,0.9753614828287591,1.0084805303726254
1524,7,BNCI2014-008,18,0.6,1,0.6976688337384815,0.7005714285714285,0.9718030454253741,1.0063578410046718
1525,7,BNCI2014-008,18,0.7,1,0.6873948781728758,0.7017142857142856,0.9672884688149133,1.0043878720846486
1526,7,BNCI2014-008,18,0.8,1,0.6815001413307705,0.7129795918367348,0.9610728779929614,0.9988436947758471
1527,7,BNCI2014-008,18,0.9,1,0.711943467691786,0.7090612244897959,0.9390498577840176,0.9786284021492905
1528,7,BNCI2014-008,18,1.0,1,0.8920024874215615,0.7835102040816326,5.613745409788238e-31,5.8430542499120525e-31
1529,7,BNCI2014-008,19,0.0,1,0.8538608174571768,0.8151836734693878,0.996170558075341,1.00854827005821
1530,7,BNCI2014-008,19,0.1,1,0.8538680535926283,0.814204081632653,0.9957039596905758,1.0080996059242264
1531,7,BNCI2014-008,19,0.2,1,0.8402514557069366,0.7893877551020408,0.9931511392669446,1.0059557409728246
1532,7,BNCI2014-008,19,0.3,1,0.8097687828594041,0.7616326530612245,0.9893016863153064,1.0028823312498834
1533,7,BNCI2014-008,19,0.4,1,0.7596807055232064,0.7213061224489796,0.982877928332638,0.9979885294574284
1534,7,BNCI2014-008,19,0.5,1,0.7175148397309061,0.6835918367346938,0.9768423425133544,0.9922786626772594
1535,7,BNCI2014-008,19,0.6,1,0.6988650573802928,0.6724897959183673,0.9733093547797079,0.9894141446419891
1536,7,BNCI2014-008,19,0.7,1,0.6896222511165131,0.668734693877551,0.9689548650000902,0.9861757096738148
1537,7,BNCI2014-008,19,0.8,1,0.684832381706145,0.6635102040816326,0.9627230875401999,0.9828109675603326
1538,7,BNCI2014-008,19,0.9,1,0.7150242523602238,0.6966530612244897,0.9417965563468219,0.9563877516850761
1539,7,BNCI2014-008,19,1.0,1,0.8875979422239809,0.7937959183673469,4.982540022615513e-31,4.99148429055834e-31
1540,8,BNCI2014-008,0,0.0,1,0.9447240658036069,0.9338775510204081,0.993164597395364,0.9837264356024792
1541,8,BNCI2014-008,0,0.1,1,0.9436390977443608,0.9320816326530612,0.992386900623243,0.9831623115667149
1542,8,BNCI2014-008,0,0.2,1,0.941207756232687,0.9302857142857143,0.9912516868308286,0.9820096516386085
1543,8,BNCI2014-008,0,0.3,1,0.9375589349313133,0.9293061224489796,0.9888648309853122,0.9801143578815108
1544,8,BNCI2014-008,0,0.4,1,0.935455933065747,0.9260408163265306,0.9867429785893289,0.9777113289451446
1545,8,BNCI2014-008,0,0.5,1,0.9358498501893833,0.9311020408163266,0.9811859051239316,0.9718828479240362
1546,8,BNCI2014-008,0,0.6,1,0.9334831816383063,0.9307755102040817,0.9730945255834348,0.9635844997638657
1547,8,BNCI2014-008,0,0.7,1,0.9327346938775509,0.9311020408163264,0.9586679569561036,0.9471594739234509
1548,8,BNCI2014-008,0,0.8,1,0.9289004466052349,0.9288163265306123,0.9355412871083661,0.9229233823071109
1549,8,BNCI2014-008,0,0.9,1,0.92572966250212,0.9248979591836735,0.8991559256543168,0.8876968577331341
1550,8,BNCI2014-008,0,1.0,1,0.9567971055458194,0.9515102040816327,8.475283984966973e-31,8.500455262746713e-31
1551,8,BNCI2014-008,1,0.0,1,0.9456480298490587,0.9201632653061225,0.9933658313688178,0.9817066337334275
1552,8,BNCI2014-008,1,0.1,1,0.9443934648651704,0.9231020408163265,0.9925811128840232,0.9811174675339627
1553,8,BNCI2014-008,1,0.2,1,0.9419892588614394,0.9204897959183673,0.9914275047012722,0.9803987951425449
1554,8,BNCI2014-008,1,0.3,1,0.9385213409463509,0.9173877551020408,0.9890729915629343,0.9785642891592603
1555,8,BNCI2014-008,1,0.4,1,0.9370465260896602,0.9193469387755102,0.9869605325207134,0.9766479058415793
1556,8,BNCI2014-008,1,0.5,1,0.9374078806037651,0.9126530612244896,0.9814262356058149,0.9709464173043015
1557,8,BNCI2014-008,1,0.6,1,0.9352641754762847,0.910530612244898,0.973327545169325,0.9620754434076076
1558,8,BNCI2014-008,1,0.7,1,0.9343750353326927,0.9023673469387756,0.9591986355358861,0.9460371099453881
1559,8,BNCI2014-008,1,0.8,1,0.9304598337950138,0.9121632653061225,0.9364042558490102,0.9223852945077122
1560,8,BNCI2014-008,1,0.9,1,0.9277119113573408,0.8906122448979592,0.899735184878576,0.887088603922385
1561,8,BNCI2014-008,1,1.0,1,0.95656283566058,0.9542857142857143,9.033016135838879e-31,8.98136726705522e-31
1562,8,BNCI2014-008,2,0.0,1,0.9449931595907061,0.9276734693877551,0.9932539204958176,0.9899458936531144
1563,8,BNCI2014-008,2,0.1,1,0.9438833173158461,0.9253877551020409,0.9924787402748165,0.989056164892357
1564,8,BNCI2014-008,2,0.2,1,0.9414655435581435,0.9258775510204083,0.9913288611097083,0.9879936449332858
1565,8,BNCI2014-008,2,0.3,1,0.9378429532477811,0.9240816326530612,0.988947973074216,0.9859294390989445
1566,8,BNCI2014-008,2,0.4,1,0.9363545706371191,0.9231020408163265,0.9867735619539699,0.9832719205466101
1567,8,BNCI2014-008,2,0.5,1,0.9369307479224377,0.9271836734693878,0.9811234500505913,0.9783393520172476
1568,8,BNCI2014-008,2,0.6,1,0.9346934252925547,0.924734693877551,0.972886914427054,0.9715393937827035
1569,8,BNCI2014-008,2,0.7,1,0.933541975238849,0.9293061224489797,0.9585049542386067,0.9607946876335327
1570,8,BNCI2014-008,2,0.8,1,0.9296227033749787,0.9173877551020408,0.9354386549765887,0.9346472242725267
1571,8,BNCI2014-008,2,0.9,1,0.9262579003900728,0.9080816326530612,0.898410779842558,0.9004146013294595
1572,8,BNCI2014-008,2,1.0,1,0.9571702187800328,0.9446530612244898,1.0390407683330968e-30,1.035557511621876e-30
1573,8,BNCI2014-008,3,0.0,1,0.9454739103397591,0.9244081632653061,0.9932858958001819,1.0073109730340666
1574,8,BNCI2014-008,3,0.1,1,0.944282209282605,0.9252244897959184,0.992501141948321,1.0064120151635974
1575,8,BNCI2014-008,3,0.2,1,0.9419639323873593,0.9248979591836735,0.9913164275720902,1.005657118993527
1576,8,BNCI2014-008,3,0.3,1,0.938458024761151,0.9227755102040816,0.9888947399370351,1.0041910224983783
1577,8,BNCI2014-008,3,0.4,1,0.9385765164791681,0.9227755102040817,0.9855409232109639,1.0013431570515336
1578,8,BNCI2014-008,3,0.5,1,0.9364753236474644,0.9258775510204083,0.9810359440759054,0.9967300206044655
1579,8,BNCI2014-008,3,0.6,1,0.9342538300638816,0.9250612244897959,0.972782002687459,0.9884319347468457
1580,8,BNCI2014-008,3,0.7,1,0.9335139352139747,0.9301224489795918,0.9582201394570925,0.974079112856269
1581,8,BNCI2014-008,3,0.8,1,0.9303069704336029,0.9213061224489796,0.9347990080643185,0.9478715785769068
1582,8,BNCI2014-008,3,0.9,1,0.9275735202668325,0.9234285714285715,0.8963754580647929,0.9053839713171725
1583,8,BNCI2014-008,3,1.0,1,0.9592397535191362,0.9288163265306123,9.140326418976401e-31,9.312715697860611e-31
1584,8,BNCI2014-008,4,0.0,1,0.9460717960314321,0.9085714285714286,0.9930584129488178,0.9942929109031905
1585,8,BNCI2014-008,4,0.1,1,0.9449705466674204,0.9106938775510205,0.9922359867747411,0.993754858455361
1586,8,BNCI2014-008,4,0.2,1,0.9425930239131664,0.9123265306122449,0.9910370125333365,0.9930474250631871
1587,8,BNCI2014-008,4,0.3,1,0.9389080219345355,0.9085714285714286,0.9886023452821685,0.9909303482838534
1588,8,BNCI2014-008,4,0.4,1,0.9391431963367064,0.9038367346938776,0.9852227242414678,0.9878457184791657
1589,8,BNCI2014-008,4,0.5,1,0.9376407937136074,0.9023673469387755,0.980764228540563,0.9831525121614731
1590,8,BNCI2014-008,4,0.6,1,0.9357331675052292,0.9036734693877551,0.9724535785396319,0.9756520953753628
1591,8,BNCI2014-008,4,0.7,1,0.9349371926055741,0.8991020408163265,0.9577759680306983,0.9629996799642083
1592,8,BNCI2014-008,4,0.8,1,0.9303155633444513,0.9028571428571429,0.9341498787257547,0.9392415071041188
1593,8,BNCI2014-008,4,0.9,1,0.9264424218440839,0.9028571428571428,0.8961194831778053,0.9022952070185472
1594,8,BNCI2014-008,4,1.0,1,0.9580824241053761,0.9221224489795918,9.166612229371876e-31,9.23426436145365e-31
1595,8,BNCI2014-008,5,0.0,1,0.9453178811690881,0.9340408163265306,0.9933132860676669,1.021557293618745
1596,8,BNCI2014-008,5,0.1,1,0.9440416077788456,0.9338775510204081,0.9924931464754098,1.0215522303550113
1597,8,BNCI2014-008,5,0.2,1,0.9417830290010741,0.9309387755102041,0.991308547095252,1.0206079019267504
1598,8,BNCI2014-008,5,0.3,1,0.9381649612753687,0.9260408163265306,0.9889167999429037,1.0190578746511185
1599,8,BNCI2014-008,5,0.4,1,0.9387230482220589,0.9221224489795918,0.9856124288185864,1.0158062284043143
1600,8,BNCI2014-008,5,0.5,1,0.9374024535021765,0.9188571428571428,0.9811865555204035,1.0109189877574078
1601,8,BNCI2014-008,5,0.6,1,0.9350371417264968,0.9177142857142857,0.9730209400269273,1.003225359122755
1602,8,BNCI2014-008,5,0.7,1,0.9341832777432303,0.9151020408163265,0.9586310841821493,0.9882694865315313
1603,8,BNCI2014-008,5,0.8,1,0.9304544066934253,0.9111836734693878,0.9352910911413809,0.9620204946328931
1604,8,BNCI2014-008,5,0.9,1,0.9282107524450224,0.8943673469387754,0.8978031577413167,0.9209261862594953
1605,8,BNCI2014-008,5,1.0,1,0.9600877381423484,0.9085714285714286,7.733396903665157e-31,7.92591114295346e-31
1606,8,BNCI2014-008,6,0.0,1,0.9456995873141499,0.9198367346938776,0.9932443780575522,0.951145990703945
1607,8,BNCI2014-008,6,0.1,1,0.9445277856294874,0.9227755102040816,0.992468079555687,0.9504266213491355
1608,8,BNCI2014-008,6,0.2,1,0.9420679518344732,0.9190204081632652,0.991283241585263,0.9491931363663216
1609,8,BNCI2014-008,6,0.3,1,0.9383558143478997,0.9193469387755102,0.9888803326121877,0.9472235870712667
1610,8,BNCI2014-008,6,0.4,1,0.938529029340268,0.9219591836734694,0.9855293496147741,0.9444476692957556
1611,8,BNCI2014-008,6,0.5,1,0.9366901464186785,0.9226122448979591,0.9810820183654198,0.9395283949629357
1612,8,BNCI2014-008,6,0.6,1,0.9339263949347052,0.9196734693877552,0.9728744841949041,0.9315784072893452
1613,8,BNCI2014-008,6,0.7,1,0.9342248855220759,0.9196734693877551,0.9584510171822239,0.9178039666564917
1614,8,BNCI2014-008,6,0.8,1,0.9302798349256599,0.9136326530612245,0.9350053158125101,0.8939925397674763
1615,8,BNCI2014-008,6,0.9,1,0.9281144213918254,0.901061224489796,0.8976294209993634,0.8584801179291698
1616,8,BNCI2014-008,6,1.0,1,0.9579069478206795,0.9459591836734693,1.4117240272645294e-30,1.3502032285157442e-30
1617,8,BNCI2014-008,7,0.0,1,0.9425179490078579,0.980734693877551,0.9933476706100479,1.0261202862280066
1618,8,BNCI2014-008,7,0.1,1,0.9414157951269151,0.9797551020408164,0.9925824579270331,1.0252870474848048
1619,8,BNCI2014-008,7,0.2,1,0.9390785233761094,0.9781224489795919,0.9913999908906206,1.02435648396336
1620,8,BNCI2014-008,7,0.3,1,0.9355703544575725,0.9743673469387755,0.9889978920712534,1.021561866943338
1621,8,BNCI2014-008,7,0.4,1,0.9355952286731868,0.9782857142857143,0.985643638700567,1.0190299832571934
1622,8,BNCI2014-008,7,0.5,1,0.933321273107581,0.9773061224489796,0.9811281380615154,1.0148284884932164
1623,8,BNCI2014-008,7,0.6,1,0.931651534852168,0.9753469387755102,0.9729676271992356,1.00522879497638
1624,8,BNCI2014-008,7,0.7,1,0.930617219741082,0.9758367346938777,0.9583691826785258,0.9905248452935964
1625,8,BNCI2014-008,7,0.8,1,0.9274084459268473,0.9693061224489796,0.9345033600860694,0.9682709331631885
1626,8,BNCI2014-008,7,0.9,1,0.9236836452032336,0.974204081632653,0.8965093666969346,0.924057968868576
1627,8,BNCI2014-008,7,1.0,1,0.9579616710950308,0.9913469387755102,1.0315758869896162e-30,1.0659804334125156e-30
1628,8,BNCI2014-008,8,0.0,1,0.944860647860252,0.9343673469387755,0.9933460747841928,1.0296707303378354
1629,8,BNCI2014-008,8,0.1,1,0.943535078297247,0.9346938775510204,0.9925556272899236,1.0290515030177487
1630,8,BNCI2014-008,8,0.2,1,0.9411779071739498,0.931265306122449,0.9913885794619545,1.0276944058819995
1631,8,BNCI2014-008,8,0.3,1,0.9375349652326305,0.9296326530612244,0.9889934208647357,1.0253517591959085
1632,8,BNCI2014-008,8,0.4,1,0.9376647634122902,0.9253877551020409,0.9856976631452615,1.022454937347016
1633,8,BNCI2014-008,8,0.5,1,0.9364726100966703,0.9239183673469389,0.9813270819696824,1.018725454222285
1634,8,BNCI2014-008,8,0.6,1,0.9341986545310644,0.9191836734693878,0.9732646351175894,1.008729400304744
1635,8,BNCI2014-008,8,0.7,1,0.9336663463169201,0.9168979591836734,0.9590911210752846,0.9938918232812938
1636,8,BNCI2014-008,8,0.8,1,0.9294445135394878,0.9028571428571429,0.9361164404532797,0.9709634936615208
1637,8,BNCI2014-008,8,0.9,1,0.9267287014528804,0.9018775510204081,0.8989226841031098,0.9333486126948581
1638,8,BNCI2014-008,8,1.0,1,0.9582999604273843,0.9701224489795919,8.793211162965898e-31,9.055936880937699e-31
1639,8,BNCI2014-008,9,0.0,1,0.944464921702753,0.942204081632653,0.9932510718347414,1.0140875643749856
1640,8,BNCI2014-008,9,0.1,1,0.9433039742212674,0.9417142857142857,0.9924838373295591,1.0136698108103879
1641,8,BNCI2014-008,9,0.2,1,0.9409314263101363,0.9364897959183673,0.9913188676548859,1.012435667293492
1642,8,BNCI2014-008,9,0.3,1,0.9373472779693596,0.9320816326530612,0.9889488394460609,1.0102636130471776
1643,8,BNCI2014-008,9,0.4,1,0.9374092373791622,0.9343673469387755,0.9856435986913024,1.0079800703971198
1644,8,BNCI2014-008,9,0.5,1,0.9356445248459494,0.9322448979591836,0.9812585329757746,1.003367022288503
1645,8,BNCI2014-008,9,0.6,1,0.9333411724800724,0.9288163265306123,0.9731477358847228,0.9966171154476342
1646,8,BNCI2014-008,9,0.7,1,0.9324135903668946,0.9276734693877551,0.9588800297179549,0.9844950781404611
1647,8,BNCI2014-008,9,0.8,1,0.9293088359997739,0.9231020408163265,0.936148498081771,0.9618612826611669
1648,8,BNCI2014-008,9,0.9,1,0.9261344338289332,0.9226122448979592,0.8996552727725938,0.9213837581966519
1649,8,BNCI2014-008,9,1.0,1,0.9526729605969811,0.9639183673469388,1.0820244236220614e-30,1.103788474050308e-30
1650,8,BNCI2014-008,10,0.0,1,0.9441058284809769,0.9609795918367348,0.9932659275781909,1.0012875821664982
1651,8,BNCI2014-008,10,0.1,1,0.9429091525806998,0.9626122448979592,0.9924475526840872,1.0005927238847732
1652,8,BNCI2014-008,10,0.2,1,0.9404547458872745,0.9626122448979593,0.9912434530633473,0.9994198655023595
1653,8,BNCI2014-008,10,0.3,1,0.9369339137316975,0.9604897959183674,0.9888060425769655,0.9972123475232387
1654,8,BNCI2014-008,10,0.4,1,0.9374503928995421,0.9595102040816326,0.985425312805505,0.9944459201881227
1655,8,BNCI2014-008,10,0.5,1,0.9363830629204591,0.9583673469387756,0.9809418124284115,0.9911618761782055
1656,8,BNCI2014-008,10,0.6,1,0.9341489060998359,0.9557551020408164,0.9726562189817756,0.9819818624071892
1657,8,BNCI2014-008,10,0.7,1,0.9333063485782125,0.953469387755102,0.9580046843937303,0.969842470772653
1658,8,BNCI2014-008,10,0.8,1,0.9277399513822149,0.9593469387755101,0.9337710446009754,0.9420923660864473
1659,8,BNCI2014-008,10,0.9,1,0.924368816778789,0.9554285714285714,0.8962038286759256,0.9034278170013903
1660,8,BNCI2014-008,10,1.0,1,0.9578042851489625,0.9634285714285714,1.0492979313584947e-30,1.0740439902320021e-30
1661,8,BNCI2014-008,11,0.0,1,0.9458474758324381,0.9165714285714286,0.9931748372866888,0.9342930355194301
1662,8,BNCI2014-008,11,0.1,1,0.9445155746509131,0.9178775510204081,0.992317771893354,0.9338449908846764
1663,8,BNCI2014-008,11,0.2,1,0.9421177002657019,0.9173877551020407,0.9910978178969252,0.9328708178087918
1664,8,BNCI2014-008,11,0.3,1,0.9384666176719995,0.9154285714285714,0.9886498035375421,0.9298842617242656
1665,8,BNCI2014-008,11,0.4,1,0.9362595963593193,0.9136326530612245,0.9864359600590618,0.9281899187391233
1666,8,BNCI2014-008,11,0.5,1,0.9371826558878399,0.9178775510204081,0.9806565378920831,0.9221970527354043
1667,8,BNCI2014-008,11,0.6,1,0.9351294024535022,0.9180408163265307,0.9723396503138436,0.9134954578451712
1668,8,BNCI2014-008,11,0.7,1,0.9344383515178925,0.9126530612244897,0.9576505258787543,0.9013808393650188
1669,8,BNCI2014-008,11,0.8,1,0.9304033014867997,0.9098775510204081,0.9334901314910192,0.878637838919041
1670,8,BNCI2014-008,11,0.9,1,0.9282017072757079,0.9048163265306122,0.8952466150652142,0.8440204809631007
1671,8,BNCI2014-008,11,1.0,1,0.9587436259822489,0.9364897959183673,7.032821767134366e-31,6.814363164497241e-31
1672,8,BNCI2014-008,12,0.0,1,0.944690598677144,0.9448163265306122,0.9932502052534558,0.946177602937788
1673,8,BNCI2014-008,12,0.1,1,0.9436938210187122,0.9420408163265306,0.9924027336431959,0.9457889665351112
1674,8,BNCI2014-008,12,0.2,1,0.941516648764769,0.9373061224489796,0.9912180498360125,0.9447094046539563
1675,8,BNCI2014-008,12,0.3,1,0.9379166713776924,0.9346938775510204,0.9887943709162939,0.9430923399155606
1676,8,BNCI2014-008,12,0.4,1,0.9356576403414552,0.9302857142857144,0.986593114155062,0.9411227726647542
1677,8,BNCI2014-008,12,0.5,1,0.9363333144892305,0.9404081632653061,0.9809056874052786,0.9353816860773436
1678,8,BNCI2014-008,12,0.6,1,0.9336686076092487,0.9328979591836735,0.9727305548492198,0.9266490534103028
1679,8,BNCI2014-008,12,0.7,1,0.9326989654587596,0.9346938775510204,0.958156025118311,0.9132691747071786
1680,8,BNCI2014-008,12,0.8,1,0.9289958731415005,0.9355102040816327,0.9346298782597551,0.8877887353170297
1681,8,BNCI2014-008,12,0.9,1,0.9258341342076998,0.9240816326530612,0.8972437829100869,0.8525829052983681
1682,8,BNCI2014-008,12,1.0,1,0.9586662897846118,0.9384489795918367,8.903135555973641e-31,8.53268024779397e-31
1683,8,BNCI2014-008,13,0.0,1,0.9428218666968171,0.9773061224489796,0.9932702454512723,1.0010363301066463
1684,8,BNCI2014-008,13,0.1,1,0.9415171010232348,0.977795918367347,0.9924688867011893,1.0005081097015045
1685,8,BNCI2014-008,13,0.2,1,0.9390301317202782,0.9769795918367348,0.9912859763650301,0.9996961852951274
1686,8,BNCI2014-008,13,0.3,1,0.9353234213352931,0.9738775510204081,0.9889023282877786,0.9972517146575808
1687,8,BNCI2014-008,13,0.4,1,0.9353008084120075,0.9720816326530612,0.9855684781167906,0.9949351650594795
1688,8,BNCI2014-008,13,0.5,1,0.9343239301260671,0.9696326530612245,0.9810957656100633,0.9903247799642446
1689,8,BNCI2014-008,13,0.6,1,0.931683192944768,0.9675102040816327,0.9729630524405269,0.9813011515828852
1690,8,BNCI2014-008,13,0.7,1,0.9308361128384871,0.9655510204081632,0.9588675454211516,0.9676264511818036
1691,8,BNCI2014-008,13,0.8,1,0.9273080445474589,0.9660408163265306,0.9357720774885023,0.9415736241773236
1692,8,BNCI2014-008,13,0.9,1,0.9233227429475945,0.9648979591836735,0.8991269331568297,0.9015583702330034
1693,8,BNCI2014-008,13,1.0,1,0.9563850980835548,0.9818775510204082,1.0040165722215337e-30,1.013874341435639e-30
1694,8,BNCI2014-008,14,0.0,1,0.9445146701339816,0.9446530612244899,0.9931034859149999,1.0087639692749857
1695,8,BNCI2014-008,14,0.1,1,0.9434450788625699,0.9435102040816327,0.9922956038739202,1.0084502997817775
1696,8,BNCI2014-008,14,0.2,1,0.9410508225450844,0.9395918367346938,0.9911268429668199,1.0073368239239702
1697,8,BNCI2014-008,14,0.3,1,0.9375747639776132,0.9346938775510204,0.9886949862760014,1.0057376854094866
1698,8,BNCI2014-008,14,0.4,1,0.9376982305387529,0.9227755102040817,0.98530978167872,1.002545443828813
1699,8,BNCI2014-008,14,0.5,1,0.9364147210130591,0.9172244897959183,0.9807537367943331,0.9983540132035866
1700,8,BNCI2014-008,14,0.6,1,0.9338119735428797,0.9126530612244897,0.972508914216998,0.9890528454368638
1701,8,BNCI2014-008,14,0.7,1,0.9332348917406298,0.9118367346938775,0.9579554218155524,0.9733275092235482
1702,8,BNCI2014-008,14,0.8,1,0.9295978291593646,0.913795918367347,0.933785576841018,0.9453760684517369
1703,8,BNCI2014-008,14,0.9,1,0.9258657923002995,0.9023673469387755,0.8973480965347347,0.9121585343679436
1704,8,BNCI2014-008,14,1.0,1,0.9574171519023121,0.9488979591836735,8.49780440420432e-31,8.711701454234563e-31
1705,8,BNCI2014-008,15,0.0,1,0.9440768839391713,0.9524897959183674,0.9932704327713407,0.990264951486904
1706,8,BNCI2014-008,15,0.1,1,0.9428467409124316,0.9524897959183674,0.9924827519674473,0.9895801709353134
1707,8,BNCI2014-008,15,0.2,1,0.9404276103793318,0.9505306122448979,0.9912938359841675,0.9888664151152006
1708,8,BNCI2014-008,15,0.3,1,0.9369895415229804,0.9475918367346938,0.9888885018696916,0.9864603247221917
1709,8,BNCI2014-008,15,0.4,1,0.9346477471875174,0.9469387755102041,0.9867235269143518,0.9841500094701848
1710,8,BNCI2014-008,15,0.5,1,0.935744473966872,0.9508571428571428,0.9810702874280498,0.9785106471291966
1711,8,BNCI2014-008,15,0.6,1,0.9324945446322573,0.9436734693877551,0.9728857421266597,0.969060269459135
1712,8,BNCI2014-008,15,0.7,1,0.9322846967041664,0.9461224489795919,0.9587111143074089,0.9510757135139255
1713,8,BNCI2014-008,15,0.8,1,0.9292866753349539,0.940734693877551,0.9354965989394861,0.9279416784505806
1714,8,BNCI2014-008,15,0.9,1,0.9270317146249082,0.9356734693877552,0.8971059253484708,0.8870217380045464
1715,8,BNCI2014-008,15,1.0,1,0.956695347391034,0.9590204081632653,5.424641930272731e-31,5.412728946165809e-31
1716,8,BNCI2014-008,16,0.0,1,0.9457543105885013,0.924734693877551,0.9933965727666368,1.0071134073584815
1717,8,BNCI2014-008,16,0.1,1,0.944638588953587,0.9248979591836735,0.9925985619633575,1.0060710754866786
1718,8,BNCI2014-008,16,0.2,1,0.9421855390355588,0.9239183673469388,0.991436803297042,1.0052792170204503
1719,8,BNCI2014-008,16,0.3,1,0.9385376222511164,0.923265306122449,0.9890739312089646,1.0028535977928592
1720,8,BNCI2014-008,16,0.4,1,0.9386479733167504,0.9229387755102041,0.9857411111739411,0.9990268666515439
1721,8,BNCI2014-008,16,0.5,1,0.937903103623721,0.9255510204081633,0.981289069988041,0.9959538245883698
1722,8,BNCI2014-008,16,0.6,1,0.9344704618689581,0.9231020408163266,0.9731337171185459,0.9879262395436753
1723,8,BNCI2014-008,16,0.7,1,0.9335166487647691,0.9193469387755102,0.9587193837592557,0.9728066616648254
1724,8,BNCI2014-008,16,0.8,1,0.9303635027418169,0.912,0.9356696249251972,0.9517327991793955
1725,8,BNCI2014-008,16,0.9,1,0.9277408558991463,0.9139591836734694,0.8976006728287593,0.9182062865504343
1726,8,BNCI2014-008,16,1.0,1,0.9601985414664481,0.901061224489796,6.161946195664342e-31,6.271978033138568e-31
1727,8,BNCI2014-008,17,0.0,1,0.945508734241619,0.9252244897959184,0.993161218695138,1.0254636819067056
1728,8,BNCI2014-008,17,0.1,1,0.9442541692577308,0.925061224489796,0.9923260002853673,1.0253786273937722
1729,8,BNCI2014-008,17,0.2,1,0.9419399626886765,0.9216326530612245,0.9911392500696904,1.0244800351223624
1730,8,BNCI2014-008,17,0.3,1,0.9383870201820341,0.918204081632653,0.9886771811128782,1.0226617348779492
1731,8,BNCI2014-008,17,0.4,1,0.9384697834812596,0.9160816326530612,0.9852956183523452,1.019881192394626
1732,8,BNCI2014-008,17,0.5,1,0.9374512974164734,0.913795918367347,0.9807728429717342,1.01574139819861
1733,8,BNCI2014-008,17,0.6,1,0.9348205099214202,0.9121632653061225,0.972501681500691,1.0085498789408558
1734,8,BNCI2014-008,17,0.7,1,0.9343370456215727,0.9146122448979592,0.9578836385443585,0.9933398984349014
1735,8,BNCI2014-008,17,0.8,1,0.9310287749448809,0.9121632653061225,0.9336413941935505,0.9686119564860831
1736,8,BNCI2014-008,17,0.9,1,0.9264754367120811,0.9118367346938775,0.8960971799594596,0.9345640380512065
1737,8,BNCI2014-008,17,1.0,1,0.9583791056588841,0.955265306122449,1.2273215169795184e-30,1.2415044683433509e-30
1738,8,BNCI2014-008,18,0.0,1,0.9445752727683873,0.9433469387755101,0.9933119150779186,0.9665805265967276
1739,8,BNCI2014-008,18,0.1,1,0.94344507886257,0.9413877551020408,0.9925421575096841,0.9662576346802731
1740,8,BNCI2014-008,18,0.2,1,0.9411598168353215,0.9399183673469388,0.9913692679085346,0.9653403804060317
1741,8,BNCI2014-008,18,0.3,1,0.9374910961614563,0.937469387755102,0.9889927745348716,0.9637002797536222
1742,8,BNCI2014-008,18,0.4,1,0.9351289501950365,0.9369795918367347,0.9868258534143695,0.9616972513770211
1743,8,BNCI2014-008,18,0.5,1,0.9363495957939962,0.9417142857142857,0.9812234922635509,0.9565137205137346
1744,8,BNCI2014-008,18,0.6,1,0.9336061959409803,0.9412244897959184,0.9730520101853546,0.9473628055753244
1745,8,BNCI2014-008,18,0.7,1,0.932827859121488,0.9443265306122448,0.9586044236889515,0.9341279795323301
1746,8,BNCI2014-008,18,0.8,1,0.9286313528181356,0.9296326530612244,0.9351138270327694,0.9141709028536833
1747,8,BNCI2014-008,18,0.9,1,0.9261972977556674,0.9260408163265306,0.898492742199354,0.8780929193621277
1748,8,BNCI2014-008,18,1.0,1,0.959410707219176,0.9195102040816326,9.628438972636318e-31,9.400340419681619e-31
1749,8,BNCI2014-008,19,0.0,1,0.944092712985471,0.9528163265306123,0.9933157423189083,0.9894279316866643
1750,8,BNCI2014-008,19,0.1,1,0.94289965515292,0.9520000000000001,0.9925518413210872,0.988307444626818
1751,8,BNCI2014-008,19,0.2,1,0.9406505738029285,0.9479183673469388,0.9913757979548612,0.9874307014527243
1752,8,BNCI2014-008,19,0.3,1,0.9371238622872972,0.9417142857142857,0.9890280038423187,0.9846426114673361
1753,8,BNCI2014-008,19,0.4,1,0.9349091525806998,0.9381224489795918,0.9868650549883525,0.9817695619579624
1754,8,BNCI2014-008,19,0.5,1,0.9357453784838036,0.9356734693877551,0.9812419158780225,0.976317788834989
1755,8,BNCI2014-008,19,0.6,1,0.9334718751766634,0.9314285714285714,0.9730481446660864,0.9680751790074225
1756,8,BNCI2014-008,19,0.7,1,0.9326867544801853,0.9343673469387755,0.958719168774718,0.9539743939494358
1757,8,BNCI2014-008,19,0.8,1,0.9289877324891175,0.9257142857142856,0.9361972313913688,0.9308781711755403
1758,8,BNCI2014-008,19,0.9,1,0.9262963423596585,0.9072653061224489,0.9002624192169876,0.8927784406315171
1759,8,BNCI2014-008,19,1.0,1,0.9580507660127763,0.8976326530612244,1.0228749449779638e-30,1.0106322893663876e-30
