,dataset,subject,session,run,fold,n_blocks,roc_auc_score
0,008-2014,1,session_0,run_0,0,1,0.8120510204081632
1,008-2014,1,session_0,run_0,0,2,0.8056326530612246
2,008-2014,1,session_0,run_0,0,3,0.8132857142857143
3,008-2014,1,session_0,run_0,0,4,0.8081224489795918
4,008-2014,1,session_0,run_0,0,5,0.8105714285714287
5,008-2014,1,session_0,run_0,0,6,0.8098673469387755
6,008-2014,1,session_0,run_0,0,7,0.8100816326530612
7,008-2014,1,session_0,run_0,0,8,0.8095408163265306
8,008-2014,1,session_0,run_0,0,9,0.8097040816326531
9,008-2014,1,session_0,run_0,0,10,0.8098061224489796
10,008-2014,1,session_0,run_0,0,11,0.8100714285714287
11,008-2014,1,session_0,run_0,0,12,0.8127653061224489
12,008-2014,1,session_0,run_0,0,13,0.8131938775510203
13,008-2014,1,session_0,run_0,0,14,0.8129489795918368
14,008-2014,1,session_0,run_0,0,15,0.8129489795918367
15,008-2014,1,session_0,run_0,0,16,0.8134285714285714
16,008-2014,1,session_0,run_0,1,1,0.8221734693877552
17,008-2014,1,session_0,run_0,1,2,0.8597551020408164
18,008-2014,1,session_0,run_0,1,3,0.8613979591836735
19,008-2014,1,session_0,run_0,1,4,0.8652653061224489
20,008-2014,1,session_0,run_0,1,5,0.8627142857142858
21,008-2014,1,session_0,run_0,1,6,0.8626530612244898
22,008-2014,1,session_0,run_0,1,7,0.8636020408163265
23,008-2014,1,session_0,run_0,1,8,0.8640612244897958
24,008-2014,1,session_0,run_0,1,9,0.8641224489795918
25,008-2014,1,session_0,run_0,1,10,0.8641530612244898
26,008-2014,1,session_0,run_0,1,11,0.8639183673469386
27,008-2014,1,session_0,run_0,1,12,0.8638469387755102
28,008-2014,1,session_0,run_0,1,13,0.8635204081632654
29,008-2014,1,session_0,run_0,1,14,0.8634795918367347
30,008-2014,1,session_0,run_0,1,15,0.8634795918367346
31,008-2014,1,session_0,run_0,1,16,0.8634081632653061
32,008-2014,1,session_0,run_0,2,1,0.8051632653061225
33,008-2014,1,session_0,run_0,2,2,0.8443163265306122
34,008-2014,1,session_0,run_0,2,3,0.8447448979591836
35,008-2014,1,session_0,run_0,2,4,0.8389897959183673
36,008-2014,1,session_0,run_0,2,5,0.8469183673469388
37,008-2014,1,session_0,run_0,2,6,0.8471020408163266
38,008-2014,1,session_0,run_0,2,7,0.8476224489795919
39,008-2014,1,session_0,run_0,2,8,0.8476632653061223
40,008-2014,1,session_0,run_0,2,9,0.8495714285714286
41,008-2014,1,session_0,run_0,2,10,0.8494693877551021
42,008-2014,1,session_0,run_0,2,11,0.8495204081632652
43,008-2014,1,session_0,run_0,2,12,0.8495816326530613
44,008-2014,1,session_0,run_0,2,13,0.8494897959183674
45,008-2014,1,session_0,run_0,2,14,0.8498265306122449
46,008-2014,1,session_0,run_0,2,15,0.8501938775510204
47,008-2014,1,session_0,run_0,2,16,0.8501428571428572
48,008-2014,1,session_0,run_0,3,1,0.7597551020408163
49,008-2014,1,session_0,run_0,3,2,0.8014489795918368
50,008-2014,1,session_0,run_0,3,3,0.8053163265306121
51,008-2014,1,session_0,run_0,3,4,0.8052857142857143
52,008-2014,1,session_0,run_0,3,5,0.8018367346938775
53,008-2014,1,session_0,run_0,3,6,0.801908163265306
54,008-2014,1,session_0,run_0,3,7,0.8016326530612244
55,008-2014,1,session_0,run_0,3,8,0.8014081632653061
56,008-2014,1,session_0,run_0,3,9,0.8011020408163266
57,008-2014,1,session_0,run_0,3,10,0.8009795918367346
58,008-2014,1,session_0,run_0,3,11,0.8009795918367346
59,008-2014,1,session_0,run_0,3,12,0.8009285714285713
60,008-2014,1,session_0,run_0,3,13,0.8008877551020409
61,008-2014,1,session_0,run_0,3,14,0.8009489795918368
62,008-2014,1,session_0,run_0,3,15,0.8009897959183674
63,008-2014,1,session_0,run_0,3,16,0.8009999999999999
64,008-2014,1,session_0,run_0,4,1,0.8350816326530613
65,008-2014,1,session_0,run_0,4,2,0.8370408163265306
66,008-2014,1,session_0,run_0,4,3,0.8422551020408163
67,008-2014,1,session_0,run_0,4,4,0.8407142857142857
68,008-2014,1,session_0,run_0,4,5,0.8404897959183674
69,008-2014,1,session_0,run_0,4,6,0.8405510204081632
70,008-2014,1,session_0,run_0,4,7,0.8407040816326531
71,008-2014,1,session_0,run_0,4,8,0.8408877551020408
72,008-2014,1,session_0,run_0,4,9,0.8411632653061224
73,008-2014,1,session_0,run_0,4,10,0.8412755102040815
74,008-2014,1,session_0,run_0,4,11,0.8414591836734694
75,008-2014,1,session_0,run_0,4,12,0.8416020408163265
76,008-2014,1,session_0,run_0,4,13,0.8417551020408164
77,008-2014,1,session_0,run_0,4,14,0.841908163265306
78,008-2014,1,session_0,run_0,4,15,0.8420000000000001
79,008-2014,1,session_0,run_0,4,16,0.8421122448979592
80,008-2014,2,session_0,run_0,0,1,0.6684591836734695
81,008-2014,2,session_0,run_0,0,2,0.7593877551020407
82,008-2014,2,session_0,run_0,0,3,0.7947448979591836
83,008-2014,2,session_0,run_0,0,4,0.7972040816326531
84,008-2014,2,session_0,run_0,0,5,0.7904387755102041
85,008-2014,2,session_0,run_0,0,6,0.7911632653061225
86,008-2014,2,session_0,run_0,0,7,0.8016632653061226
87,008-2014,2,session_0,run_0,0,8,0.8018061224489796
88,008-2014,2,session_0,run_0,0,9,0.8021020408163264
89,008-2014,2,session_0,run_0,0,10,0.802295918367347
90,008-2014,2,session_0,run_0,0,11,0.8023061224489796
91,008-2014,2,session_0,run_0,0,12,0.8028979591836735
92,008-2014,2,session_0,run_0,0,13,0.8028163265306123
93,008-2014,2,session_0,run_0,0,14,0.8038673469387754
94,008-2014,2,session_0,run_0,0,15,0.804
95,008-2014,2,session_0,run_0,0,16,0.8041020408163266
96,008-2014,2,session_0,run_0,1,1,0.5856938775510203
97,008-2014,2,session_0,run_0,1,2,0.7449489795918367
98,008-2014,2,session_0,run_0,1,3,0.7880306122448979
99,008-2014,2,session_0,run_0,1,4,0.8179285714285716
100,008-2014,2,session_0,run_0,1,5,0.8168673469387756
101,008-2014,2,session_0,run_0,1,6,0.8102857142857143
102,008-2014,2,session_0,run_0,1,7,0.8112857142857143
103,008-2014,2,session_0,run_0,1,8,0.8130918367346939
104,008-2014,2,session_0,run_0,1,9,0.8133367346938776
105,008-2014,2,session_0,run_0,1,10,0.8134285714285714
106,008-2014,2,session_0,run_0,1,11,0.8137755102040817
107,008-2014,2,session_0,run_0,1,12,0.8147755102040817
108,008-2014,2,session_0,run_0,1,13,0.814704081632653
109,008-2014,2,session_0,run_0,1,14,0.8143367346938776
110,008-2014,2,session_0,run_0,1,15,0.8142448979591838
111,008-2014,2,session_0,run_0,1,16,0.8131938775510205
112,008-2014,2,session_0,run_0,2,1,0.7323265306122448
113,008-2014,2,session_0,run_0,2,2,0.8229183673469387
114,008-2014,2,session_0,run_0,2,3,0.8323673469387756
115,008-2014,2,session_0,run_0,2,4,0.8217857142857143
116,008-2014,2,session_0,run_0,2,5,0.8200000000000001
117,008-2014,2,session_0,run_0,2,6,0.8176428571428571
118,008-2014,2,session_0,run_0,2,7,0.8231632653061224
119,008-2014,2,session_0,run_0,2,8,0.8224081632653061
120,008-2014,2,session_0,run_0,2,9,0.825826530612245
121,008-2014,2,session_0,run_0,2,10,0.8265714285714286
122,008-2014,2,session_0,run_0,2,11,0.8271836734693877
123,008-2014,2,session_0,run_0,2,12,0.8272448979591838
124,008-2014,2,session_0,run_0,2,13,0.8275918367346939
125,008-2014,2,session_0,run_0,2,14,0.8254489795918367
126,008-2014,2,session_0,run_0,2,15,0.8253877551020409
127,008-2014,2,session_0,run_0,2,16,0.8256530612244898
128,008-2014,2,session_0,run_0,3,1,0.751918367346939
129,008-2014,2,session_0,run_0,3,2,0.8030306122448979
130,008-2014,2,session_0,run_0,3,3,0.8197244897959185
131,008-2014,2,session_0,run_0,3,4,0.8084795918367348
132,008-2014,2,session_0,run_0,3,5,0.8111530612244898
133,008-2014,2,session_0,run_0,3,6,0.8140612244897959
134,008-2014,2,session_0,run_0,3,7,0.8125510204081633
135,008-2014,2,session_0,run_0,3,8,0.8126836734693877
136,008-2014,2,session_0,run_0,3,9,0.8129795918367346
137,008-2014,2,session_0,run_0,3,10,0.8147040816326532
138,008-2014,2,session_0,run_0,3,11,0.8145408163265305
139,008-2014,2,session_0,run_0,3,12,0.8146122448979594
140,008-2014,2,session_0,run_0,3,13,0.8141632653061225
141,008-2014,2,session_0,run_0,3,14,0.8136530612244898
142,008-2014,2,session_0,run_0,3,15,0.8145
143,008-2014,2,session_0,run_0,3,16,0.8147448979591837
144,008-2014,2,session_0,run_0,4,1,0.7247040816326531
145,008-2014,2,session_0,run_0,4,2,0.8042959183673469
146,008-2014,2,session_0,run_0,4,3,0.8109081632653061
147,008-2014,2,session_0,run_0,4,4,0.8099285714285716
148,008-2014,2,session_0,run_0,4,5,0.8088673469387755
149,008-2014,2,session_0,run_0,4,6,0.8078265306122449
150,008-2014,2,session_0,run_0,4,7,0.8074591836734694
151,008-2014,2,session_0,run_0,4,8,0.8075510204081633
152,008-2014,2,session_0,run_0,4,9,0.8079285714285716
153,008-2014,2,session_0,run_0,4,10,0.8128469387755103
154,008-2014,2,session_0,run_0,4,11,0.8134285714285714
155,008-2014,2,session_0,run_0,4,12,0.8133775510204081
156,008-2014,2,session_0,run_0,4,13,0.8134489795918367
157,008-2014,2,session_0,run_0,4,14,0.8133163265306123
158,008-2014,2,session_0,run_0,4,15,0.8133265306122449
159,008-2014,2,session_0,run_0,4,16,0.813265306122449
160,008-2014,3,session_0,run_0,0,1,0.8369285714285715
161,008-2014,3,session_0,run_0,0,2,0.8588673469387755
162,008-2014,3,session_0,run_0,0,3,0.8557653061224489
163,008-2014,3,session_0,run_0,0,4,0.8606020408163266
164,008-2014,3,session_0,run_0,0,5,0.8612040816326532
165,008-2014,3,session_0,run_0,0,6,0.8624081632653061
166,008-2014,3,session_0,run_0,0,7,0.864561224489796
167,008-2014,3,session_0,run_0,0,8,0.8641530612244898
168,008-2014,3,session_0,run_0,0,9,0.8642244897959184
169,008-2014,3,session_0,run_0,0,10,0.8642244897959184
170,008-2014,3,session_0,run_0,0,11,0.8641224489795918
171,008-2014,3,session_0,run_0,0,12,0.8639285714285715
172,008-2014,3,session_0,run_0,0,13,0.8638877551020409
173,008-2014,3,session_0,run_0,0,14,0.8637857142857144
174,008-2014,3,session_0,run_0,0,15,0.863765306122449
175,008-2014,3,session_0,run_0,0,16,0.8637653061224488
176,008-2014,3,session_0,run_0,1,1,0.8633367346938776
177,008-2014,3,session_0,run_0,1,2,0.8863265306122448
178,008-2014,3,session_0,run_0,1,3,0.8784897959183674
179,008-2014,3,session_0,run_0,1,4,0.8729897959183675
180,008-2014,3,session_0,run_0,1,5,0.869765306122449
181,008-2014,3,session_0,run_0,1,6,0.8720510204081634
182,008-2014,3,session_0,run_0,1,7,0.8705408163265306
183,008-2014,3,session_0,run_0,1,8,0.8720408163265306
184,008-2014,3,session_0,run_0,1,9,0.8711632653061224
185,008-2014,3,session_0,run_0,1,10,0.8695612244897959
186,008-2014,3,session_0,run_0,1,11,0.8695408163265306
187,008-2014,3,session_0,run_0,1,12,0.8678775510204082
188,008-2014,3,session_0,run_0,1,13,0.8686632653061225
189,008-2014,3,session_0,run_0,1,14,0.868561224489796
190,008-2014,3,session_0,run_0,1,15,0.8691938775510204
191,008-2014,3,session_0,run_0,1,16,0.869030612244898
192,008-2014,3,session_0,run_0,2,1,0.8795102040816327
193,008-2014,3,session_0,run_0,2,2,0.8930714285714285
194,008-2014,3,session_0,run_0,2,3,0.8875918367346939
195,008-2014,3,session_0,run_0,2,4,0.8871530612244898
196,008-2014,3,session_0,run_0,2,5,0.8877857142857143
197,008-2014,3,session_0,run_0,2,6,0.8868163265306123
198,008-2014,3,session_0,run_0,2,7,0.8851530612244898
199,008-2014,3,session_0,run_0,2,8,0.8842448979591837
200,008-2014,3,session_0,run_0,2,9,0.884061224489796
201,008-2014,3,session_0,run_0,2,10,0.8855102040816326
202,008-2014,3,session_0,run_0,2,11,0.8853673469387755
203,008-2014,3,session_0,run_0,2,12,0.8854183673469388
204,008-2014,3,session_0,run_0,2,13,0.8855612244897959
205,008-2014,3,session_0,run_0,2,14,0.8855816326530612
206,008-2014,3,session_0,run_0,2,15,0.8856326530612245
207,008-2014,3,session_0,run_0,2,16,0.8856632653061225
208,008-2014,3,session_0,run_0,3,1,0.8384693877551019
209,008-2014,3,session_0,run_0,3,2,0.8591122448979591
210,008-2014,3,session_0,run_0,3,3,0.864173469387755
211,008-2014,3,session_0,run_0,3,4,0.8609183673469388
212,008-2014,3,session_0,run_0,3,5,0.861295918367347
213,008-2014,3,session_0,run_0,3,6,0.862234693877551
214,008-2014,3,session_0,run_0,3,7,0.8622142857142857
215,008-2014,3,session_0,run_0,3,8,0.8620918367346939
216,008-2014,3,session_0,run_0,3,9,0.8620612244897958
217,008-2014,3,session_0,run_0,3,10,0.862
218,008-2014,3,session_0,run_0,3,11,0.8619795918367347
219,008-2014,3,session_0,run_0,3,12,0.861591836734694
220,008-2014,3,session_0,run_0,3,13,0.8616122448979592
221,008-2014,3,session_0,run_0,3,14,0.8615306122448979
222,008-2014,3,session_0,run_0,3,15,0.8614897959183673
223,008-2014,3,session_0,run_0,3,16,0.8615510204081633
224,008-2014,3,session_0,run_0,4,1,0.8703979591836735
225,008-2014,3,session_0,run_0,4,2,0.8995714285714286
226,008-2014,3,session_0,run_0,4,3,0.8982142857142857
227,008-2014,3,session_0,run_0,4,4,0.8981326530612245
228,008-2014,3,session_0,run_0,4,5,0.9028775510204082
229,008-2014,3,session_0,run_0,4,6,0.8996122448979592
230,008-2014,3,session_0,run_0,4,7,0.9011428571428571
231,008-2014,3,session_0,run_0,4,8,0.9014489795918368
232,008-2014,3,session_0,run_0,4,9,0.9017857142857144
233,008-2014,3,session_0,run_0,4,10,0.9018469387755101
234,008-2014,3,session_0,run_0,4,11,0.9004999999999999
235,008-2014,3,session_0,run_0,4,12,0.9003265306122449
236,008-2014,3,session_0,run_0,4,13,0.9003163265306123
237,008-2014,3,session_0,run_0,4,14,0.9003469387755102
238,008-2014,3,session_0,run_0,4,15,0.9003163265306122
239,008-2014,3,session_0,run_0,4,16,0.9002244897959183
240,008-2014,4,session_0,run_0,0,1,0.5670000000000001
241,008-2014,4,session_0,run_0,0,2,0.5926428571428571
242,008-2014,4,session_0,run_0,0,3,0.5855102040816327
243,008-2014,4,session_0,run_0,0,4,0.5738061224489797
244,008-2014,4,session_0,run_0,0,5,0.5688979591836736
245,008-2014,4,session_0,run_0,0,6,0.5689897959183673
246,008-2014,4,session_0,run_0,0,7,0.5691224489795919
247,008-2014,4,session_0,run_0,0,8,0.5687244897959184
248,008-2014,4,session_0,run_0,0,9,0.5688979591836735
249,008-2014,4,session_0,run_0,0,10,0.5696326530612245
250,008-2014,4,session_0,run_0,0,11,0.5697142857142856
251,008-2014,4,session_0,run_0,0,12,0.5699795918367347
252,008-2014,4,session_0,run_0,0,13,0.5700510204081632
253,008-2014,4,session_0,run_0,0,14,0.5701428571428571
254,008-2014,4,session_0,run_0,0,15,0.5699183673469388
255,008-2014,4,session_0,run_0,0,16,0.5704183673469387
256,008-2014,4,session_0,run_0,1,1,0.8146122448979592
257,008-2014,4,session_0,run_0,1,2,0.8350918367346938
258,008-2014,4,session_0,run_0,1,3,0.8378979591836735
259,008-2014,4,session_0,run_0,1,4,0.8415000000000001
260,008-2014,4,session_0,run_0,1,5,0.8350102040816327
261,008-2014,4,session_0,run_0,1,6,0.8313367346938776
262,008-2014,4,session_0,run_0,1,7,0.8269081632653061
263,008-2014,4,session_0,run_0,1,8,0.8263775510204081
264,008-2014,4,session_0,run_0,1,9,0.8248163265306122
265,008-2014,4,session_0,run_0,1,10,0.8249285714285715
266,008-2014,4,session_0,run_0,1,11,0.8260408163265305
267,008-2014,4,session_0,run_0,1,12,0.8371632653061225
268,008-2014,4,session_0,run_0,1,13,0.8415816326530613
269,008-2014,4,session_0,run_0,1,14,0.8427142857142857
270,008-2014,4,session_0,run_0,1,15,0.8448367346938774
271,008-2014,4,session_0,run_0,1,16,0.8457040816326531
272,008-2014,4,session_0,run_0,2,1,0.8394591836734693
273,008-2014,4,session_0,run_0,2,2,0.8391224489795919
274,008-2014,4,session_0,run_0,2,3,0.8380408163265307
275,008-2014,4,session_0,run_0,2,4,0.8374285714285715
276,008-2014,4,session_0,run_0,2,5,0.8335816326530613
277,008-2014,4,session_0,run_0,2,6,0.8334489795918366
278,008-2014,4,session_0,run_0,2,7,0.8333163265306123
279,008-2014,4,session_0,run_0,2,8,0.8323367346938776
280,008-2014,4,session_0,run_0,2,9,0.8329183673469388
281,008-2014,4,session_0,run_0,2,10,0.8329489795918367
282,008-2014,4,session_0,run_0,2,11,0.8330816326530613
283,008-2014,4,session_0,run_0,2,12,0.8331326530612244
284,008-2014,4,session_0,run_0,2,13,0.8331734693877552
285,008-2014,4,session_0,run_0,2,14,0.8332244897959183
286,008-2014,4,session_0,run_0,2,15,0.8331938775510204
287,008-2014,4,session_0,run_0,2,16,0.833265306122449
288,008-2014,4,session_0,run_0,3,1,0.880030612244898
289,008-2014,4,session_0,run_0,3,2,0.8842448979591837
290,008-2014,4,session_0,run_0,3,3,0.8845000000000001
291,008-2014,4,session_0,run_0,3,4,0.8841020408163265
292,008-2014,4,session_0,run_0,3,5,0.8787244897959183
293,008-2014,4,session_0,run_0,3,6,0.8815408163265306
294,008-2014,4,session_0,run_0,3,7,0.8815102040816327
295,008-2014,4,session_0,run_0,3,8,0.8815714285714286
296,008-2014,4,session_0,run_0,3,9,0.8817755102040816
297,008-2014,4,session_0,run_0,3,10,0.8816938775510204
298,008-2014,4,session_0,run_0,3,11,0.8816224489795919
299,008-2014,4,session_0,run_0,3,12,0.881673469387755
300,008-2014,4,session_0,run_0,3,13,0.8818775510204082
301,008-2014,4,session_0,run_0,3,14,0.8823163265306123
302,008-2014,4,session_0,run_0,3,15,0.8822755102040817
303,008-2014,4,session_0,run_0,3,16,0.8817857142857143
304,008-2014,4,session_0,run_0,4,1,0.820204081632653
305,008-2014,4,session_0,run_0,4,2,0.8244081632653061
306,008-2014,4,session_0,run_0,4,3,0.8317755102040816
307,008-2014,4,session_0,run_0,4,4,0.8315102040816327
308,008-2014,4,session_0,run_0,4,5,0.8311020408163267
309,008-2014,4,session_0,run_0,4,6,0.8336122448979592
310,008-2014,4,session_0,run_0,4,7,0.8369081632653061
311,008-2014,4,session_0,run_0,4,8,0.8377448979591835
312,008-2014,4,session_0,run_0,4,9,0.8382551020408163
313,008-2014,4,session_0,run_0,4,10,0.838030612244898
314,008-2014,4,session_0,run_0,4,11,0.838530612244898
315,008-2014,4,session_0,run_0,4,12,0.837469387755102
316,008-2014,4,session_0,run_0,4,13,0.8375816326530613
317,008-2014,4,session_0,run_0,4,14,0.8376632653061225
318,008-2014,4,session_0,run_0,4,15,0.8372755102040818
319,008-2014,4,session_0,run_0,4,16,0.8372142857142857
320,008-2014,5,session_0,run_0,0,1,0.831765306122449
321,008-2014,5,session_0,run_0,0,2,0.834234693877551
322,008-2014,5,session_0,run_0,0,3,0.8401224489795919
323,008-2014,5,session_0,run_0,0,4,0.8452448979591836
324,008-2014,5,session_0,run_0,0,5,0.8533673469387756
325,008-2014,5,session_0,run_0,0,6,0.8523979591836734
326,008-2014,5,session_0,run_0,0,7,0.8536836734693878
327,008-2014,5,session_0,run_0,0,8,0.853642857142857
328,008-2014,5,session_0,run_0,0,9,0.8540816326530613
329,008-2014,5,session_0,run_0,0,10,0.8554897959183674
330,008-2014,5,session_0,run_0,0,11,0.855765306122449
331,008-2014,5,session_0,run_0,0,12,0.8555102040816326
332,008-2014,5,session_0,run_0,0,13,0.8554081632653062
333,008-2014,5,session_0,run_0,0,14,0.8548265306122448
334,008-2014,5,session_0,run_0,0,15,0.8579183673469388
335,008-2014,5,session_0,run_0,0,16,0.8578367346938776
336,008-2014,5,session_0,run_0,1,1,0.8370102040816327
337,008-2014,5,session_0,run_0,1,2,0.8382857142857142
338,008-2014,5,session_0,run_0,1,3,0.8471428571428571
339,008-2014,5,session_0,run_0,1,4,0.8559183673469388
340,008-2014,5,session_0,run_0,1,5,0.8573571428571428
341,008-2014,5,session_0,run_0,1,6,0.8551428571428571
342,008-2014,5,session_0,run_0,1,7,0.855561224489796
343,008-2014,5,session_0,run_0,1,8,0.8559183673469388
344,008-2014,5,session_0,run_0,1,9,0.855969387755102
345,008-2014,5,session_0,run_0,1,10,0.8562142857142857
346,008-2014,5,session_0,run_0,1,11,0.8552448979591836
347,008-2014,5,session_0,run_0,1,12,0.8551836734693878
348,008-2014,5,session_0,run_0,1,13,0.8567755102040817
349,008-2014,5,session_0,run_0,1,14,0.8572755102040817
350,008-2014,5,session_0,run_0,1,15,0.8570612244897958
351,008-2014,5,session_0,run_0,1,16,0.857204081632653
352,008-2014,5,session_0,run_0,2,1,0.8615510204081633
353,008-2014,5,session_0,run_0,2,2,0.854826530612245
354,008-2014,5,session_0,run_0,2,3,0.8665612244897959
355,008-2014,5,session_0,run_0,2,4,0.8684285714285714
356,008-2014,5,session_0,run_0,2,5,0.862265306122449
357,008-2014,5,session_0,run_0,2,6,0.8617244897959184
358,008-2014,5,session_0,run_0,2,7,0.8592551020408163
359,008-2014,5,session_0,run_0,2,8,0.8602551020408163
360,008-2014,5,session_0,run_0,2,9,0.8602142857142856
361,008-2014,5,session_0,run_0,2,10,0.8613775510204082
362,008-2014,5,session_0,run_0,2,11,0.8613469387755102
363,008-2014,5,session_0,run_0,2,12,0.860704081632653
364,008-2014,5,session_0,run_0,2,13,0.8608571428571428
365,008-2014,5,session_0,run_0,2,14,0.8619081632653062
366,008-2014,5,session_0,run_0,2,15,0.862
367,008-2014,5,session_0,run_0,2,16,0.8620204081632653
368,008-2014,5,session_0,run_0,3,1,0.8584897959183673
369,008-2014,5,session_0,run_0,3,2,0.8703571428571428
370,008-2014,5,session_0,run_0,3,3,0.8843163265306122
371,008-2014,5,session_0,run_0,3,4,0.889030612244898
372,008-2014,5,session_0,run_0,3,5,0.891469387755102
373,008-2014,5,session_0,run_0,3,6,0.8907142857142857
374,008-2014,5,session_0,run_0,3,7,0.891357142857143
375,008-2014,5,session_0,run_0,3,8,0.8915816326530612
376,008-2014,5,session_0,run_0,3,9,0.8916734693877552
377,008-2014,5,session_0,run_0,3,10,0.8917040816326531
378,008-2014,5,session_0,run_0,3,11,0.8894591836734693
379,008-2014,5,session_0,run_0,3,12,0.8901020408163265
380,008-2014,5,session_0,run_0,3,13,0.8901326530612244
381,008-2014,5,session_0,run_0,3,14,0.8901428571428571
382,008-2014,5,session_0,run_0,3,15,0.8901428571428571
383,008-2014,5,session_0,run_0,3,16,0.8906836734693877
384,008-2014,5,session_0,run_0,4,1,0.8566224489795918
385,008-2014,5,session_0,run_0,4,2,0.8346836734693877
386,008-2014,5,session_0,run_0,4,3,0.849530612244898
387,008-2014,5,session_0,run_0,4,4,0.8493877551020407
388,008-2014,5,session_0,run_0,4,5,0.8522244897959182
389,008-2014,5,session_0,run_0,4,6,0.8497755102040818
390,008-2014,5,session_0,run_0,4,7,0.8505510204081633
391,008-2014,5,session_0,run_0,4,8,0.8501530612244899
392,008-2014,5,session_0,run_0,4,9,0.8500612244897958
393,008-2014,5,session_0,run_0,4,10,0.8499387755102041
394,008-2014,5,session_0,run_0,4,11,0.8500102040816326
395,008-2014,5,session_0,run_0,4,12,0.8510102040816326
396,008-2014,5,session_0,run_0,4,13,0.8511020408163266
397,008-2014,5,session_0,run_0,4,14,0.8518367346938774
398,008-2014,5,session_0,run_0,4,15,0.8515204081632652
399,008-2014,5,session_0,run_0,4,16,0.8521020408163266
400,008-2014,6,session_0,run_0,0,1,0.8260408163265306
401,008-2014,6,session_0,run_0,0,2,0.8548775510204081
402,008-2014,6,session_0,run_0,0,3,0.8669489795918366
403,008-2014,6,session_0,run_0,0,4,0.867765306122449
404,008-2014,6,session_0,run_0,0,5,0.8672857142857143
405,008-2014,6,session_0,run_0,0,6,0.8677142857142858
406,008-2014,6,session_0,run_0,0,7,0.8678163265306122
407,008-2014,6,session_0,run_0,0,8,0.8682755102040816
408,008-2014,6,session_0,run_0,0,9,0.8682551020408162
409,008-2014,6,session_0,run_0,0,10,0.868295918367347
410,008-2014,6,session_0,run_0,0,11,0.8682551020408164
411,008-2014,6,session_0,run_0,0,12,0.8681938775510204
412,008-2014,6,session_0,run_0,0,13,0.868234693877551
413,008-2014,6,session_0,run_0,0,14,0.8682040816326531
414,008-2014,6,session_0,run_0,0,15,0.8682142857142858
415,008-2014,6,session_0,run_0,0,16,0.8682448979591837
416,008-2014,6,session_0,run_0,1,1,0.8592142857142857
417,008-2014,6,session_0,run_0,1,2,0.8780102040816327
418,008-2014,6,session_0,run_0,1,3,0.8775714285714286
419,008-2014,6,session_0,run_0,1,4,0.879704081632653
420,008-2014,6,session_0,run_0,1,5,0.8770306122448981
421,008-2014,6,session_0,run_0,1,6,0.8775306122448979
422,008-2014,6,session_0,run_0,1,7,0.8822040816326531
423,008-2014,6,session_0,run_0,1,8,0.8819897959183673
424,008-2014,6,session_0,run_0,1,9,0.8818877551020408
425,008-2014,6,session_0,run_0,1,10,0.8817448979591838
426,008-2014,6,session_0,run_0,1,11,0.8817244897959182
427,008-2014,6,session_0,run_0,1,12,0.881704081632653
428,008-2014,6,session_0,run_0,1,13,0.8816632653061225
429,008-2014,6,session_0,run_0,1,14,0.8816530612244897
430,008-2014,6,session_0,run_0,1,15,0.8816530612244897
431,008-2014,6,session_0,run_0,1,16,0.8816836734693877
432,008-2014,6,session_0,run_0,2,1,0.8677448979591837
433,008-2014,6,session_0,run_0,2,2,0.9127448979591837
434,008-2014,6,session_0,run_0,2,3,0.9144591836734693
435,008-2014,6,session_0,run_0,2,4,0.9110714285714285
436,008-2014,6,session_0,run_0,2,5,0.9101428571428573
437,008-2014,6,session_0,run_0,2,6,0.9067857142857142
438,008-2014,6,session_0,run_0,2,7,0.9066326530612244
439,008-2014,6,session_0,run_0,2,8,0.909234693877551
440,008-2014,6,session_0,run_0,2,9,0.909
441,008-2014,6,session_0,run_0,2,10,0.9088775510204081
442,008-2014,6,session_0,run_0,2,11,0.9087448979591837
443,008-2014,6,session_0,run_0,2,12,0.9081734693877551
444,008-2014,6,session_0,run_0,2,13,0.9081734693877551
445,008-2014,6,session_0,run_0,2,14,0.9086428571428572
446,008-2014,6,session_0,run_0,2,15,0.9087551020408163
447,008-2014,6,session_0,run_0,2,16,0.9117244897959184
448,008-2014,6,session_0,run_0,3,1,0.8201530612244898
449,008-2014,6,session_0,run_0,3,2,0.8511326530612245
450,008-2014,6,session_0,run_0,3,3,0.8468469387755102
451,008-2014,6,session_0,run_0,3,4,0.8439795918367349
452,008-2014,6,session_0,run_0,3,5,0.8496224489795918
453,008-2014,6,session_0,run_0,3,6,0.8495816326530613
454,008-2014,6,session_0,run_0,3,7,0.8539795918367347
455,008-2014,6,session_0,run_0,3,8,0.8541632653061224
456,008-2014,6,session_0,run_0,3,9,0.8540000000000001
457,008-2014,6,session_0,run_0,3,10,0.8539897959183673
458,008-2014,6,session_0,run_0,3,11,0.8539897959183674
459,008-2014,6,session_0,run_0,3,12,0.8539591836734693
460,008-2014,6,session_0,run_0,3,13,0.8537755102040817
461,008-2014,6,session_0,run_0,3,14,0.8536020408163265
462,008-2014,6,session_0,run_0,3,15,0.8534795918367345
463,008-2014,6,session_0,run_0,3,16,0.8543367346938776
464,008-2014,6,session_0,run_0,4,1,0.8686122448979592
465,008-2014,6,session_0,run_0,4,2,0.9011326530612246
466,008-2014,6,session_0,run_0,4,3,0.9042244897959184
467,008-2014,6,session_0,run_0,4,4,0.9037857142857143
468,008-2014,6,session_0,run_0,4,5,0.9075
469,008-2014,6,session_0,run_0,4,6,0.908438775510204
470,008-2014,6,session_0,run_0,4,7,0.9088163265306123
471,008-2014,6,session_0,run_0,4,8,0.9059795918367347
472,008-2014,6,session_0,run_0,4,9,0.9058877551020408
473,008-2014,6,session_0,run_0,4,10,0.9062244897959184
474,008-2014,6,session_0,run_0,4,11,0.906204081632653
475,008-2014,6,session_0,run_0,4,12,0.9061224489795917
476,008-2014,6,session_0,run_0,4,13,0.9053979591836734
477,008-2014,6,session_0,run_0,4,14,0.9056326530612246
478,008-2014,6,session_0,run_0,4,15,0.9056632653061225
479,008-2014,6,session_0,run_0,4,16,0.9056326530612245
480,008-2014,7,session_0,run_0,0,1,0.8514489795918366
481,008-2014,7,session_0,run_0,0,2,0.8611326530612246
482,008-2014,7,session_0,run_0,0,3,0.8733979591836734
483,008-2014,7,session_0,run_0,0,4,0.871969387755102
484,008-2014,7,session_0,run_0,0,5,0.8783265306122447
485,008-2014,7,session_0,run_0,0,6,0.8789285714285714
486,008-2014,7,session_0,run_0,0,7,0.878234693877551
487,008-2014,7,session_0,run_0,0,8,0.8783775510204083
488,008-2014,7,session_0,run_0,0,9,0.8783775510204082
489,008-2014,7,session_0,run_0,0,10,0.8784693877551021
490,008-2014,7,session_0,run_0,0,11,0.8781530612244898
491,008-2014,7,session_0,run_0,0,12,0.8781326530612245
492,008-2014,7,session_0,run_0,0,13,0.8782142857142856
493,008-2014,7,session_0,run_0,0,14,0.8801734693877551
494,008-2014,7,session_0,run_0,0,15,0.8805
495,008-2014,7,session_0,run_0,0,16,0.8804897959183673
496,008-2014,7,session_0,run_0,1,1,0.7498469387755101
497,008-2014,7,session_0,run_0,1,2,0.7783673469387755
498,008-2014,7,session_0,run_0,1,3,0.7929489795918369
499,008-2014,7,session_0,run_0,1,4,0.7824489795918367
500,008-2014,7,session_0,run_0,1,5,0.7845408163265307
501,008-2014,7,session_0,run_0,1,6,0.7843163265306122
502,008-2014,7,session_0,run_0,1,7,0.7844489795918367
503,008-2014,7,session_0,run_0,1,8,0.7844183673469386
504,008-2014,7,session_0,run_0,1,9,0.7842142857142858
505,008-2014,7,session_0,run_0,1,10,0.7849897959183674
506,008-2014,7,session_0,run_0,1,11,0.7851122448979592
507,008-2014,7,session_0,run_0,1,12,0.785234693877551
508,008-2014,7,session_0,run_0,1,13,0.7851734693877552
509,008-2014,7,session_0,run_0,1,14,0.7851326530612245
510,008-2014,7,session_0,run_0,1,15,0.7869795918367347
511,008-2014,7,session_0,run_0,1,16,0.7895000000000001
512,008-2014,7,session_0,run_0,2,1,0.8398367346938775
513,008-2014,7,session_0,run_0,2,2,0.8595918367346939
514,008-2014,7,session_0,run_0,2,3,0.8666836734693877
515,008-2014,7,session_0,run_0,2,4,0.8611428571428571
516,008-2014,7,session_0,run_0,2,5,0.8549897959183673
517,008-2014,7,session_0,run_0,2,6,0.8557142857142858
518,008-2014,7,session_0,run_0,2,7,0.8560204081632652
519,008-2014,7,session_0,run_0,2,8,0.855938775510204
520,008-2014,7,session_0,run_0,2,9,0.8556224489795918
521,008-2014,7,session_0,run_0,2,10,0.8552448979591838
522,008-2014,7,session_0,run_0,2,11,0.8550306122448981
523,008-2014,7,session_0,run_0,2,12,0.8548469387755102
524,008-2014,7,session_0,run_0,2,13,0.8546020408163264
525,008-2014,7,session_0,run_0,2,14,0.8545408163265305
526,008-2014,7,session_0,run_0,2,15,0.8545102040816326
527,008-2014,7,session_0,run_0,2,16,0.8544285714285715
528,008-2014,7,session_0,run_0,3,1,0.8791836734693877
529,008-2014,7,session_0,run_0,3,2,0.8775204081632654
530,008-2014,7,session_0,run_0,3,3,0.9012142857142857
531,008-2014,7,session_0,run_0,3,4,0.9059387755102041
532,008-2014,7,session_0,run_0,3,5,0.9067551020408163
533,008-2014,7,session_0,run_0,3,6,0.907
534,008-2014,7,session_0,run_0,3,7,0.9069897959183674
535,008-2014,7,session_0,run_0,3,8,0.907061224489796
536,008-2014,7,session_0,run_0,3,9,0.9068163265306123
537,008-2014,7,session_0,run_0,3,10,0.9067346938775509
538,008-2014,7,session_0,run_0,3,11,0.9066734693877552
539,008-2014,7,session_0,run_0,3,12,0.9064795918367347
540,008-2014,7,session_0,run_0,3,13,0.9063979591836735
541,008-2014,7,session_0,run_0,3,14,0.9063673469387755
542,008-2014,7,session_0,run_0,3,15,0.9063469387755101
543,008-2014,7,session_0,run_0,3,16,0.9063367346938775
544,008-2014,7,session_0,run_0,4,1,0.8626530612244897
545,008-2014,7,session_0,run_0,4,2,0.8771530612244899
546,008-2014,7,session_0,run_0,4,3,0.8982653061224489
547,008-2014,7,session_0,run_0,4,4,0.8986632653061224
548,008-2014,7,session_0,run_0,4,5,0.8988265306122448
549,008-2014,7,session_0,run_0,4,6,0.8990510204081633
550,008-2014,7,session_0,run_0,4,7,0.8988877551020408
551,008-2014,7,session_0,run_0,4,8,0.8991836734693878
552,008-2014,7,session_0,run_0,4,9,0.8991428571428571
553,008-2014,7,session_0,run_0,4,10,0.9016938775510204
554,008-2014,7,session_0,run_0,4,11,0.9020000000000001
555,008-2014,7,session_0,run_0,4,12,0.9020714285714286
556,008-2014,7,session_0,run_0,4,13,0.9021836734693878
557,008-2014,7,session_0,run_0,4,14,0.9022142857142857
558,008-2014,7,session_0,run_0,4,15,0.9022346938775511
559,008-2014,7,session_0,run_0,4,16,0.9021836734693878
560,008-2014,8,session_0,run_0,0,1,0.924234693877551
561,008-2014,8,session_0,run_0,0,2,0.9383877551020409
562,008-2014,8,session_0,run_0,0,3,0.9446122448979591
563,008-2014,8,session_0,run_0,0,4,0.9450510204081632
564,008-2014,8,session_0,run_0,0,5,0.9453367346938776
565,008-2014,8,session_0,run_0,0,6,0.9435714285714286
566,008-2014,8,session_0,run_0,0,7,0.9437142857142857
567,008-2014,8,session_0,run_0,0,8,0.9431326530612245
568,008-2014,8,session_0,run_0,0,9,0.9430612244897959
569,008-2014,8,session_0,run_0,0,10,0.9430714285714286
570,008-2014,8,session_0,run_0,0,11,0.9432142857142857
571,008-2014,8,session_0,run_0,0,12,0.9432857142857143
572,008-2014,8,session_0,run_0,0,13,0.9433775510204081
573,008-2014,8,session_0,run_0,0,14,0.9435816326530613
574,008-2014,8,session_0,run_0,0,15,0.9435714285714286
575,008-2014,8,session_0,run_0,0,16,0.9436122448979591
576,008-2014,8,session_0,run_0,1,1,0.9440102040816326
577,008-2014,8,session_0,run_0,1,2,0.9467857142857142
578,008-2014,8,session_0,run_0,1,3,0.9470714285714286
579,008-2014,8,session_0,run_0,1,4,0.9459897959183673
580,008-2014,8,session_0,run_0,1,5,0.9471428571428572
581,008-2014,8,session_0,run_0,1,6,0.9468979591836735
582,008-2014,8,session_0,run_0,1,7,0.9456836734693878
583,008-2014,8,session_0,run_0,1,8,0.9455408163265306
584,008-2014,8,session_0,run_0,1,9,0.945561224489796
585,008-2014,8,session_0,run_0,1,10,0.9455918367346938
586,008-2014,8,session_0,run_0,1,11,0.9456938775510205
587,008-2014,8,session_0,run_0,1,12,0.9454489795918367
588,008-2014,8,session_0,run_0,1,13,0.9455204081632653
589,008-2014,8,session_0,run_0,1,14,0.9455816326530612
590,008-2014,8,session_0,run_0,1,15,0.9456224489795918
591,008-2014,8,session_0,run_0,1,16,0.9457244897959184
592,008-2014,8,session_0,run_0,2,1,0.942969387755102
593,008-2014,8,session_0,run_0,2,2,0.9538775510204082
594,008-2014,8,session_0,run_0,2,3,0.9572857142857143
595,008-2014,8,session_0,run_0,2,4,0.9581224489795919
596,008-2014,8,session_0,run_0,2,5,0.9580816326530612
597,008-2014,8,session_0,run_0,2,6,0.9579183673469388
598,008-2014,8,session_0,run_0,2,7,0.9578673469387754
599,008-2014,8,session_0,run_0,2,8,0.9578979591836734
600,008-2014,8,session_0,run_0,2,9,0.9579285714285715
601,008-2014,8,session_0,run_0,2,10,0.9579489795918367
602,008-2014,8,session_0,run_0,2,11,0.9579591836734693
603,008-2014,8,session_0,run_0,2,12,0.9579591836734693
604,008-2014,8,session_0,run_0,2,13,0.9580918367346938
605,008-2014,8,session_0,run_0,2,14,0.9581326530612244
606,008-2014,8,session_0,run_0,2,15,0.9583673469387756
607,008-2014,8,session_0,run_0,2,16,0.9584489795918368
608,008-2014,8,session_0,run_0,3,1,0.9446122448979591
609,008-2014,8,session_0,run_0,3,2,0.9568673469387754
610,008-2014,8,session_0,run_0,3,3,0.9535510204081633
611,008-2014,8,session_0,run_0,3,4,0.9520714285714287
612,008-2014,8,session_0,run_0,3,5,0.9493265306122449
613,008-2014,8,session_0,run_0,3,6,0.9492857142857143
614,008-2014,8,session_0,run_0,3,7,0.9495408163265306
615,008-2014,8,session_0,run_0,3,8,0.9482040816326531
616,008-2014,8,session_0,run_0,3,9,0.9486530612244898
617,008-2014,8,session_0,run_0,3,10,0.9484795918367346
618,008-2014,8,session_0,run_0,3,11,0.9487244897959184
619,008-2014,8,session_0,run_0,3,12,0.9487755102040817
620,008-2014,8,session_0,run_0,3,13,0.9487857142857143
621,008-2014,8,session_0,run_0,3,14,0.9487755102040816
622,008-2014,8,session_0,run_0,3,15,0.9487551020408163
623,008-2014,8,session_0,run_0,3,16,0.9488061224489795
624,008-2014,8,session_0,run_0,4,1,0.9576122448979592
625,008-2014,8,session_0,run_0,4,2,0.9590918367346939
626,008-2014,8,session_0,run_0,4,3,0.9624285714285714
627,008-2014,8,session_0,run_0,4,4,0.9640306122448979
628,008-2014,8,session_0,run_0,4,5,0.9620816326530612
629,008-2014,8,session_0,run_0,4,6,0.961938775510204
630,008-2014,8,session_0,run_0,4,7,0.9624795918367346
631,008-2014,8,session_0,run_0,4,8,0.9628979591836735
632,008-2014,8,session_0,run_0,4,9,0.9624897959183674
633,008-2014,8,session_0,run_0,4,10,0.9619183673469388
634,008-2014,8,session_0,run_0,4,11,0.9618979591836735
635,008-2014,8,session_0,run_0,4,12,0.9618775510204082
636,008-2014,8,session_0,run_0,4,13,0.9618877551020407
637,008-2014,8,session_0,run_0,4,14,0.9619591836734694
638,008-2014,8,session_0,run_0,4,15,0.9619591836734693
639,008-2014,8,session_0,run_0,4,16,0.961938775510204
640,009-2014,1,session_0,run_0,0,1,0.8833333333333333
641,009-2014,1,session_0,run_0,0,2,0.9317708333333334
642,009-2014,1,session_0,run_0,0,3,0.9161458333333332
643,009-2014,1,session_0,run_0,0,4,0.9036458333333333
644,009-2014,1,session_0,run_0,0,5,0.8885416666666667
645,009-2014,1,session_0,run_0,0,6,0.8854166666666666
646,009-2014,1,session_0,run_0,0,7,0.8864583333333333
647,009-2014,1,session_0,run_0,0,8,0.8901041666666666
648,009-2014,1,session_0,run_0,0,9,0.8854166666666666
649,009-2014,1,session_0,run_0,0,10,0.8859375
650,009-2014,1,session_0,run_0,0,11,0.8864583333333333
651,009-2014,1,session_0,run_0,0,12,0.8901041666666667
652,009-2014,1,session_0,run_0,0,13,0.8890625
653,009-2014,1,session_0,run_0,0,14,0.8901041666666667
654,009-2014,1,session_0,run_0,0,15,0.8911458333333333
655,009-2014,1,session_0,run_0,0,16,0.8921875
656,009-2014,1,session_0,run_0,1,1,0.9506578947368421
657,009-2014,1,session_0,run_0,1,2,0.9802631578947368
658,009-2014,1,session_0,run_0,1,3,0.9660087719298245
659,009-2014,1,session_0,run_0,1,4,0.9577850877192982
660,009-2014,1,session_0,run_0,1,5,0.950109649122807
661,009-2014,1,session_0,run_0,1,6,0.950657894736842
662,009-2014,1,session_0,run_0,1,7,0.9517543859649122
663,009-2014,1,session_0,run_0,1,8,0.9523026315789473
664,009-2014,1,session_0,run_0,1,9,0.9490131578947367
665,009-2014,1,session_0,run_0,1,10,0.9479166666666666
666,009-2014,1,session_0,run_0,1,11,0.9506578947368421
667,009-2014,1,session_0,run_0,1,12,0.949561403508772
668,009-2014,1,session_0,run_0,1,13,0.950109649122807
669,009-2014,1,session_0,run_0,1,14,0.9490131578947367
670,009-2014,1,session_0,run_0,1,15,0.9495614035087718
671,009-2014,1,session_0,run_0,1,16,0.9512061403508771
672,009-2014,1,session_0,run_0,2,1,0.96875
673,009-2014,1,session_0,run_0,2,2,0.9671052631578947
674,009-2014,1,session_0,run_0,2,3,0.956140350877193
675,009-2014,1,session_0,run_0,2,4,0.9588815789473685
676,009-2014,1,session_0,run_0,2,5,0.9665570175438596
677,009-2014,1,session_0,run_0,2,6,0.9599780701754386
678,009-2014,1,session_0,run_0,2,7,0.9588815789473684
679,009-2014,1,session_0,run_0,2,8,0.9599780701754386
680,009-2014,1,session_0,run_0,2,9,0.9605263157894737
681,009-2014,1,session_0,run_0,2,10,0.9605263157894737
682,009-2014,1,session_0,run_0,2,11,0.9599780701754386
683,009-2014,1,session_0,run_0,2,12,0.9599780701754386
684,009-2014,1,session_0,run_0,2,13,0.9577850877192983
685,009-2014,1,session_0,run_0,2,14,0.9588815789473685
686,009-2014,1,session_0,run_0,2,15,0.9594298245614036
687,009-2014,1,session_0,run_0,2,16,0.9594298245614036
688,009-2014,1,session_0,run_0,3,1,0.9446271929824561
689,009-2014,1,session_0,run_0,3,2,0.9725877192982457
690,009-2014,1,session_0,run_0,3,3,0.9714912280701755
691,009-2014,1,session_0,run_0,3,4,0.9747807017543859
692,009-2014,1,session_0,run_0,3,5,0.9605263157894737
693,009-2014,1,session_0,run_0,3,6,0.9594298245614035
694,009-2014,1,session_0,run_0,3,7,0.9539473684210527
695,009-2014,1,session_0,run_0,3,8,0.956140350877193
696,009-2014,1,session_0,run_0,3,9,0.9555921052631579
697,009-2014,1,session_0,run_0,3,10,0.9506578947368421
698,009-2014,1,session_0,run_0,3,11,0.9512061403508772
699,009-2014,1,session_0,run_0,3,12,0.9490131578947368
700,009-2014,1,session_0,run_0,3,13,0.950657894736842
701,009-2014,1,session_0,run_0,3,14,0.950657894736842
702,009-2014,1,session_0,run_0,3,15,0.950657894736842
703,009-2014,1,session_0,run_0,3,16,0.950657894736842
704,009-2014,1,session_0,run_0,4,1,0.8865131578947368
705,009-2014,1,session_0,run_0,4,2,0.950657894736842
706,009-2014,1,session_0,run_0,4,3,0.9517543859649122
707,009-2014,1,session_0,run_0,4,4,0.9703947368421052
708,009-2014,1,session_0,run_0,4,5,0.96875
709,009-2014,1,session_0,run_0,4,6,0.9561403508771931
710,009-2014,1,session_0,run_0,4,7,0.9424342105263158
711,009-2014,1,session_0,run_0,4,8,0.9374999999999999
712,009-2014,1,session_0,run_0,4,9,0.9342105263157894
713,009-2014,1,session_0,run_0,4,10,0.931469298245614
714,009-2014,1,session_0,run_0,4,11,0.9314692982456141
715,009-2014,1,session_0,run_0,4,12,0.9292763157894737
716,009-2014,1,session_0,run_0,4,13,0.9287280701754386
717,009-2014,1,session_0,run_0,4,14,0.925986842105263
718,009-2014,1,session_0,run_0,4,15,0.9265350877192983
719,009-2014,1,session_0,run_0,4,16,0.9265350877192982
720,009-2014,1,session_1,run_0,0,1,0.8958333333333333
721,009-2014,1,session_1,run_0,0,2,0.9072916666666666
722,009-2014,1,session_1,run_0,0,3,0.9307291666666666
723,009-2014,1,session_1,run_0,0,4,0.9208333333333334
724,009-2014,1,session_1,run_0,0,5,0.9192708333333334
725,009-2014,1,session_1,run_0,0,6,0.9177083333333333
726,009-2014,1,session_1,run_0,0,7,0.9187500000000001
727,009-2014,1,session_1,run_0,0,8,0.9135416666666667
728,009-2014,1,session_1,run_0,0,9,0.9114583333333334
729,009-2014,1,session_1,run_0,0,10,0.9140625
730,009-2014,1,session_1,run_0,0,11,0.9135416666666667
731,009-2014,1,session_1,run_0,0,12,0.9171875
732,009-2014,1,session_1,run_0,0,13,0.9125
733,009-2014,1,session_1,run_0,0,14,0.9098958333333332
734,009-2014,1,session_1,run_0,0,15,0.9114583333333333
735,009-2014,1,session_1,run_0,0,16,0.9125
736,009-2014,1,session_1,run_0,1,1,0.930921052631579
737,009-2014,1,session_1,run_0,1,2,0.9775219298245614
738,009-2014,1,session_1,run_0,1,3,0.9769736842105263
739,009-2014,1,session_1,run_0,1,4,0.9665570175438596
740,009-2014,1,session_1,run_0,1,5,0.96875
741,009-2014,1,session_1,run_0,1,6,0.9588815789473684
742,009-2014,1,session_1,run_0,1,7,0.9588815789473684
743,009-2014,1,session_1,run_0,1,8,0.9577850877192982
744,009-2014,1,session_1,run_0,1,9,0.9572368421052632
745,009-2014,1,session_1,run_0,1,10,0.9577850877192983
746,009-2014,1,session_1,run_0,1,11,0.9566885964912281
747,009-2014,1,session_1,run_0,1,12,0.9566885964912281
748,009-2014,1,session_1,run_0,1,13,0.956688596491228
749,009-2014,1,session_1,run_0,1,14,0.957236842105263
750,009-2014,1,session_1,run_0,1,15,0.957236842105263
751,009-2014,1,session_1,run_0,1,16,0.957236842105263
752,009-2014,1,session_1,run_0,2,1,0.8914473684210527
753,009-2014,1,session_1,run_0,2,2,0.8925438596491229
754,009-2014,1,session_1,run_0,2,3,0.9791666666666666
755,009-2014,1,session_1,run_0,2,4,0.981907894736842
756,009-2014,1,session_1,run_0,2,5,0.9851973684210527
757,009-2014,1,session_1,run_0,2,6,0.9862938596491229
758,009-2014,1,session_1,run_0,2,7,0.986842105263158
759,009-2014,1,session_1,run_0,2,8,0.9846491228070176
760,009-2014,1,session_1,run_0,2,9,0.9747807017543859
761,009-2014,1,session_1,run_0,2,10,0.9786184210526315
762,009-2014,1,session_1,run_0,2,11,0.9758771929824562
763,009-2014,1,session_1,run_0,2,12,0.974780701754386
764,009-2014,1,session_1,run_0,2,13,0.974780701754386
765,009-2014,1,session_1,run_0,2,14,0.9758771929824561
766,009-2014,1,session_1,run_0,2,15,0.975328947368421
767,009-2014,1,session_1,run_0,2,16,0.9747807017543859
768,009-2014,1,session_1,run_0,3,1,0.8739035087719298
769,009-2014,1,session_1,run_0,3,2,0.9638157894736843
770,009-2014,1,session_1,run_0,3,3,0.9638157894736843
771,009-2014,1,session_1,run_0,3,4,0.9786184210526315
772,009-2014,1,session_1,run_0,3,5,0.9736842105263157
773,009-2014,1,session_1,run_0,3,6,0.9714912280701755
774,009-2014,1,session_1,run_0,3,7,0.9725877192982455
775,009-2014,1,session_1,run_0,3,8,0.9714912280701755
776,009-2014,1,session_1,run_0,3,9,0.9709429824561403
777,009-2014,1,session_1,run_0,3,10,0.9703947368421053
778,009-2014,1,session_1,run_0,3,11,0.9725877192982455
779,009-2014,1,session_1,run_0,3,12,0.9725877192982456
780,009-2014,1,session_1,run_0,3,13,0.9725877192982456
781,009-2014,1,session_1,run_0,3,14,0.9709429824561403
782,009-2014,1,session_1,run_0,3,15,0.9676535087719298
783,009-2014,1,session_1,run_0,3,16,0.9676535087719298
784,009-2014,1,session_1,run_0,4,1,0.9320175438596492
785,009-2014,1,session_1,run_0,4,2,0.9457236842105262
786,009-2014,1,session_1,run_0,4,3,0.9676535087719298
787,009-2014,1,session_1,run_0,4,4,0.9375
788,009-2014,1,session_1,run_0,4,5,0.9468201754385964
789,009-2014,1,session_1,run_0,4,6,0.956688596491228
790,009-2014,1,session_1,run_0,4,7,0.9605263157894736
791,009-2014,1,session_1,run_0,4,8,0.9649122807017543
792,009-2014,1,session_1,run_0,4,9,0.9654605263157894
793,009-2014,1,session_1,run_0,4,10,0.9660087719298245
794,009-2014,1,session_1,run_0,4,11,0.9660087719298246
795,009-2014,1,session_1,run_0,4,12,0.9682017543859649
796,009-2014,1,session_1,run_0,4,13,0.9671052631578947
797,009-2014,1,session_1,run_0,4,14,0.96875
798,009-2014,1,session_1,run_0,4,15,0.9682017543859649
799,009-2014,1,session_1,run_0,4,16,0.96875
800,009-2014,1,session_2,run_0,0,1,0.9765625
801,009-2014,1,session_2,run_0,0,2,0.9640625
802,009-2014,1,session_2,run_0,0,3,0.9625
803,009-2014,1,session_2,run_0,0,4,0.9458333333333333
804,009-2014,1,session_2,run_0,0,5,0.9463541666666666
805,009-2014,1,session_2,run_0,0,6,0.9411458333333333
806,009-2014,1,session_2,run_0,0,7,0.9416666666666667
807,009-2014,1,session_2,run_0,0,8,0.9390625
808,009-2014,1,session_2,run_0,0,9,0.9390624999999999
809,009-2014,1,session_2,run_0,0,10,0.940625
810,009-2014,1,session_2,run_0,0,11,0.9354166666666667
811,009-2014,1,session_2,run_0,0,12,0.9338541666666667
812,009-2014,1,session_2,run_0,0,13,0.9291666666666667
813,009-2014,1,session_2,run_0,0,14,0.9296875
814,009-2014,1,session_2,run_0,0,15,0.9302083333333333
815,009-2014,1,session_2,run_0,0,16,0.9296875
816,009-2014,1,session_2,run_0,1,1,0.962171052631579
817,009-2014,1,session_2,run_0,1,2,0.9632675438596491
818,009-2014,1,session_2,run_0,1,3,0.9676535087719298
819,009-2014,1,session_2,run_0,1,4,0.9660087719298245
820,009-2014,1,session_2,run_0,1,5,0.9638157894736843
821,009-2014,1,session_2,run_0,1,6,0.9588815789473684
822,009-2014,1,session_2,run_0,1,7,0.9588815789473684
823,009-2014,1,session_2,run_0,1,8,0.9599780701754386
824,009-2014,1,session_2,run_0,1,9,0.962171052631579
825,009-2014,1,session_2,run_0,1,10,0.962719298245614
826,009-2014,1,session_2,run_0,1,11,0.9632675438596491
827,009-2014,1,session_2,run_0,1,12,0.962171052631579
828,009-2014,1,session_2,run_0,1,13,0.9632675438596492
829,009-2014,1,session_2,run_0,1,14,0.9643640350877194
830,009-2014,1,session_2,run_0,1,15,0.9649122807017544
831,009-2014,1,session_2,run_0,1,16,0.9665570175438596
832,009-2014,1,session_2,run_0,2,1,0.9846491228070176
833,009-2014,1,session_2,run_0,2,2,0.9720394736842106
834,009-2014,1,session_2,run_0,2,3,0.9736842105263158
835,009-2014,1,session_2,run_0,2,4,0.9720394736842105
836,009-2014,1,session_2,run_0,2,5,0.9830043859649122
837,009-2014,1,session_2,run_0,2,6,0.9791666666666666
838,009-2014,1,session_2,run_0,2,7,0.9797149122807017
839,009-2014,1,session_2,run_0,2,8,0.9808114035087719
840,009-2014,1,session_2,run_0,2,9,0.9808114035087719
841,009-2014,1,session_2,run_0,2,10,0.9802631578947368
842,009-2014,1,session_2,run_0,2,11,0.9791666666666667
843,009-2014,1,session_2,run_0,2,12,0.9775219298245614
844,009-2014,1,session_2,run_0,2,13,0.9786184210526316
845,009-2014,1,session_2,run_0,2,14,0.9797149122807018
846,009-2014,1,session_2,run_0,2,15,0.9797149122807017
847,009-2014,1,session_2,run_0,2,16,0.9808114035087719
848,009-2014,1,session_2,run_0,3,1,0.8898026315789473
849,009-2014,1,session_2,run_0,3,2,0.9424342105263158
850,009-2014,1,session_2,run_0,3,3,0.9451754385964912
851,009-2014,1,session_2,run_0,3,4,0.9479166666666666
852,009-2014,1,session_2,run_0,3,5,0.9495614035087719
853,009-2014,1,session_2,run_0,3,6,0.9484649122807017
854,009-2014,1,session_2,run_0,3,7,0.9457236842105263
855,009-2014,1,session_2,run_0,3,8,0.938048245614035
856,009-2014,1,session_2,run_0,3,9,0.9375
857,009-2014,1,session_2,run_0,3,10,0.9385964912280701
858,009-2014,1,session_2,run_0,3,11,0.9402412280701754
859,009-2014,1,session_2,run_0,3,12,0.9407894736842105
860,009-2014,1,session_2,run_0,3,13,0.9369517543859649
861,009-2014,1,session_2,run_0,3,14,0.9407894736842104
862,009-2014,1,session_2,run_0,3,15,0.9402412280701754
863,009-2014,1,session_2,run_0,3,16,0.9396929824561403
864,009-2014,1,session_2,run_0,4,1,0.9610745614035088
865,009-2014,1,session_2,run_0,4,2,0.9841008771929824
866,009-2014,1,session_2,run_0,4,3,0.9862938596491229
867,009-2014,1,session_2,run_0,4,4,0.9851973684210525
868,009-2014,1,session_2,run_0,4,5,0.9665570175438596
869,009-2014,1,session_2,run_0,4,6,0.9698464912280702
870,009-2014,1,session_2,run_0,4,7,0.9682017543859649
871,009-2014,1,session_2,run_0,4,8,0.9665570175438596
872,009-2014,1,session_2,run_0,4,9,0.9649122807017544
873,009-2014,1,session_2,run_0,4,10,0.9654605263157895
874,009-2014,1,session_2,run_0,4,11,0.9660087719298246
875,009-2014,1,session_2,run_0,4,12,0.962719298245614
876,009-2014,1,session_2,run_0,4,13,0.962171052631579
877,009-2014,1,session_2,run_0,4,14,0.9632675438596491
878,009-2014,1,session_2,run_0,4,15,0.9692982456140351
879,009-2014,1,session_2,run_0,4,16,0.9682017543859649
880,009-2014,2,session_0,run_0,0,1,0.9911458333333334
881,009-2014,2,session_0,run_0,0,2,0.9770833333333333
882,009-2014,2,session_0,run_0,0,3,0.9583333333333333
883,009-2014,2,session_0,run_0,0,4,0.9583333333333333
884,009-2014,2,session_0,run_0,0,5,0.9598958333333333
885,009-2014,2,session_0,run_0,0,6,0.9604166666666666
886,009-2014,2,session_0,run_0,0,7,0.9625
887,009-2014,2,session_0,run_0,0,8,0.9619791666666667
888,009-2014,2,session_0,run_0,0,9,0.9609375
889,009-2014,2,session_0,run_0,0,10,0.9625
890,009-2014,2,session_0,run_0,0,11,0.9619791666666667
891,009-2014,2,session_0,run_0,0,12,0.9598958333333333
892,009-2014,2,session_0,run_0,0,13,0.959375
893,009-2014,2,session_0,run_0,0,14,0.9598958333333333
894,009-2014,2,session_0,run_0,0,15,0.9583333333333334
895,009-2014,2,session_0,run_0,0,16,0.9578125000000001
896,009-2014,2,session_0,run_0,1,1,0.8810307017543859
897,009-2014,2,session_0,run_0,1,2,0.9309210526315789
898,009-2014,2,session_0,run_0,1,3,0.9385964912280702
899,009-2014,2,session_0,run_0,1,4,0.9457236842105262
900,009-2014,2,session_0,run_0,1,5,0.9407894736842106
901,009-2014,2,session_0,run_0,1,6,0.9292763157894737
902,009-2014,2,session_0,run_0,1,7,0.9396929824561404
903,009-2014,2,session_0,run_0,1,8,0.9353070175438597
904,009-2014,2,session_0,run_0,1,9,0.9320175438596492
905,009-2014,2,session_0,run_0,1,10,0.930921052631579
906,009-2014,2,session_0,run_0,1,11,0.9402412280701754
907,009-2014,2,session_0,run_0,1,12,0.9396929824561403
908,009-2014,2,session_0,run_0,1,13,0.9402412280701755
909,009-2014,2,session_0,run_0,1,14,0.9407894736842106
910,009-2014,2,session_0,run_0,1,15,0.9429824561403508
911,009-2014,2,session_0,run_0,1,16,0.9402412280701754
912,009-2014,2,session_0,run_0,2,1,0.9572368421052632
913,009-2014,2,session_0,run_0,2,2,0.9577850877192982
914,009-2014,2,session_0,run_0,2,3,0.9572368421052632
915,009-2014,2,session_0,run_0,2,4,0.9583333333333334
916,009-2014,2,session_0,run_0,2,5,0.9566885964912281
917,009-2014,2,session_0,run_0,2,6,0.9588815789473685
918,009-2014,2,session_0,run_0,2,7,0.9566885964912281
919,009-2014,2,session_0,run_0,2,8,0.9544956140350878
920,009-2014,2,session_0,run_0,2,9,0.9539473684210527
921,009-2014,2,session_0,run_0,2,10,0.9512061403508771
922,009-2014,2,session_0,run_0,2,11,0.950109649122807
923,009-2014,2,session_0,run_0,2,12,0.9506578947368421
924,009-2014,2,session_0,run_0,2,13,0.9523026315789473
925,009-2014,2,session_0,run_0,2,14,0.9550438596491228
926,009-2014,2,session_0,run_0,2,15,0.9495614035087719
927,009-2014,2,session_0,run_0,2,16,0.9490131578947368
928,009-2014,2,session_0,run_0,3,1,0.9616228070175439
929,009-2014,2,session_0,run_0,3,2,0.9347587719298246
930,009-2014,2,session_0,run_0,3,3,0.9605263157894737
931,009-2014,2,session_0,run_0,3,4,0.9533991228070176
932,009-2014,2,session_0,run_0,3,5,0.9512061403508772
933,009-2014,2,session_0,run_0,3,6,0.9539473684210527
934,009-2014,2,session_0,run_0,3,7,0.9517543859649122
935,009-2014,2,session_0,run_0,3,8,0.9533991228070176
936,009-2014,2,session_0,run_0,3,9,0.9523026315789473
937,009-2014,2,session_0,run_0,3,10,0.9523026315789473
938,009-2014,2,session_0,run_0,3,11,0.9517543859649122
939,009-2014,2,session_0,run_0,3,12,0.9517543859649122
940,009-2014,2,session_0,run_0,3,13,0.9528508771929824
941,009-2014,2,session_0,run_0,3,14,0.9555921052631579
942,009-2014,2,session_0,run_0,3,15,0.9544956140350878
943,009-2014,2,session_0,run_0,3,16,0.956140350877193
944,009-2014,2,session_0,run_0,4,1,0.9407894736842106
945,009-2014,2,session_0,run_0,4,2,0.9435307017543859
946,009-2014,2,session_0,run_0,4,3,0.9446271929824561
947,009-2014,2,session_0,run_0,4,4,0.9424342105263157
948,009-2014,2,session_0,run_0,4,5,0.9555921052631579
949,009-2014,2,session_0,run_0,4,6,0.9501096491228069
950,009-2014,2,session_0,run_0,4,7,0.9375
951,009-2014,2,session_0,run_0,4,8,0.9375
952,009-2014,2,session_0,run_0,4,9,0.9424342105263159
953,009-2014,2,session_0,run_0,4,10,0.9424342105263159
954,009-2014,2,session_0,run_0,4,11,0.9440789473684211
955,009-2014,2,session_0,run_0,4,12,0.9435307017543859
956,009-2014,2,session_0,run_0,4,13,0.9479166666666665
957,009-2014,2,session_0,run_0,4,14,0.9501096491228069
958,009-2014,2,session_0,run_0,4,15,0.9495614035087718
959,009-2014,2,session_0,run_0,4,16,0.9490131578947368
960,009-2014,2,session_1,run_0,0,1,0.9088541666666666
961,009-2014,2,session_1,run_0,0,2,0.9619791666666666
962,009-2014,2,session_1,run_0,0,3,0.9640625
963,009-2014,2,session_1,run_0,0,4,0.9666666666666666
964,009-2014,2,session_1,run_0,0,5,0.9682291666666667
965,009-2014,2,session_1,run_0,0,6,0.9651041666666667
966,009-2014,2,session_1,run_0,0,7,0.9635416666666666
967,009-2014,2,session_1,run_0,0,8,0.9619791666666666
968,009-2014,2,session_1,run_0,0,9,0.9593750000000001
969,009-2014,2,session_1,run_0,0,10,0.9578125
970,009-2014,2,session_1,run_0,0,11,0.9578125
971,009-2014,2,session_1,run_0,0,12,0.9557291666666667
972,009-2014,2,session_1,run_0,0,13,0.9593750000000001
973,009-2014,2,session_1,run_0,0,14,0.9567708333333332
974,009-2014,2,session_1,run_0,0,15,0.9572916666666667
975,009-2014,2,session_1,run_0,0,16,0.9572916666666667
976,009-2014,2,session_1,run_0,1,1,0.9682017543859649
977,009-2014,2,session_1,run_0,1,2,0.9857456140350878
978,009-2014,2,session_1,run_0,1,3,0.9857456140350878
979,009-2014,2,session_1,run_0,1,4,0.9862938596491228
980,009-2014,2,session_1,run_0,1,5,0.9851973684210527
981,009-2014,2,session_1,run_0,1,6,0.9758771929824561
982,009-2014,2,session_1,run_0,1,7,0.974780701754386
983,009-2014,2,session_1,run_0,1,8,0.9764254385964912
984,009-2014,2,session_1,run_0,1,9,0.9758771929824561
985,009-2014,2,session_1,run_0,1,10,0.975328947368421
986,009-2014,2,session_1,run_0,1,11,0.9742324561403508
987,009-2014,2,session_1,run_0,1,12,0.9736842105263158
988,009-2014,2,session_1,run_0,1,13,0.9736842105263158
989,009-2014,2,session_1,run_0,1,14,0.9731359649122806
990,009-2014,2,session_1,run_0,1,15,0.974780701754386
991,009-2014,2,session_1,run_0,1,16,0.974780701754386
992,009-2014,2,session_1,run_0,2,1,0.9336622807017544
993,009-2014,2,session_1,run_0,2,2,0.9802631578947368
994,009-2014,2,session_1,run_0,2,3,0.9720394736842105
995,009-2014,2,session_1,run_0,2,4,0.9643640350877192
996,009-2014,2,session_1,run_0,2,5,0.9654605263157895
997,009-2014,2,session_1,run_0,2,6,0.9720394736842105
998,009-2014,2,session_1,run_0,2,7,0.9676535087719298
999,009-2014,2,session_1,run_0,2,8,0.9665570175438597
1000,009-2014,2,session_1,run_0,2,9,0.9682017543859649
1001,009-2014,2,session_1,run_0,2,10,0.9671052631578947
1002,009-2014,2,session_1,run_0,2,11,0.9665570175438596
1003,009-2014,2,session_1,run_0,2,12,0.9660087719298245
1004,009-2014,2,session_1,run_0,2,13,0.9665570175438596
1005,009-2014,2,session_1,run_0,2,14,0.9649122807017544
1006,009-2014,2,session_1,run_0,2,15,0.9643640350877193
1007,009-2014,2,session_1,run_0,2,16,0.9632675438596491
1008,009-2014,2,session_1,run_0,3,1,0.9758771929824561
1009,009-2014,2,session_1,run_0,3,2,0.9819078947368421
1010,009-2014,2,session_1,run_0,3,3,0.9808114035087719
1011,009-2014,2,session_1,run_0,3,4,0.9824561403508771
1012,009-2014,2,session_1,run_0,3,5,0.981907894736842
1013,009-2014,2,session_1,run_0,3,6,0.981359649122807
1014,009-2014,2,session_1,run_0,3,7,0.9797149122807016
1015,009-2014,2,session_1,run_0,3,8,0.9813596491228069
1016,009-2014,2,session_1,run_0,3,9,0.9780701754385964
1017,009-2014,2,session_1,run_0,3,10,0.9769736842105263
1018,009-2014,2,session_1,run_0,3,11,0.9747807017543859
1019,009-2014,2,session_1,run_0,3,12,0.9791666666666667
1020,009-2014,2,session_1,run_0,3,13,0.9786184210526316
1021,009-2014,2,session_1,run_0,3,14,0.9780701754385964
1022,009-2014,2,session_1,run_0,3,15,0.9780701754385964
1023,009-2014,2,session_1,run_0,3,16,0.9764254385964912
1024,009-2014,2,session_1,run_0,4,1,0.9588815789473685
1025,009-2014,2,session_1,run_0,4,2,0.962171052631579
1026,009-2014,2,session_1,run_0,4,3,0.9616228070175439
1027,009-2014,2,session_1,run_0,4,4,0.9616228070175439
1028,009-2014,2,session_1,run_0,4,5,0.9605263157894737
1029,009-2014,2,session_1,run_0,4,6,0.9638157894736842
1030,009-2014,2,session_1,run_0,4,7,0.9638157894736842
1031,009-2014,2,session_1,run_0,4,8,0.9649122807017543
1032,009-2014,2,session_1,run_0,4,9,0.9654605263157894
1033,009-2014,2,session_1,run_0,4,10,0.9649122807017545
1034,009-2014,2,session_1,run_0,4,11,0.9643640350877194
1035,009-2014,2,session_1,run_0,4,12,0.962719298245614
1036,009-2014,2,session_1,run_0,4,13,0.9610745614035088
1037,009-2014,2,session_1,run_0,4,14,0.9616228070175439
1038,009-2014,2,session_1,run_0,4,15,0.9610745614035088
1039,009-2014,2,session_1,run_0,4,16,0.9616228070175439
1040,009-2014,2,session_2,run_0,0,1,0.96875
1041,009-2014,2,session_2,run_0,0,2,0.9645833333333333
1042,009-2014,2,session_2,run_0,0,3,0.9703125
1043,009-2014,2,session_2,run_0,0,4,0.9760416666666666
1044,009-2014,2,session_2,run_0,0,5,0.9734375
1045,009-2014,2,session_2,run_0,0,6,0.9729166666666667
1046,009-2014,2,session_2,run_0,0,7,0.9718749999999999
1047,009-2014,2,session_2,run_0,0,8,0.96875
1048,009-2014,2,session_2,run_0,0,9,0.9708333333333334
1049,009-2014,2,session_2,run_0,0,10,0.9677083333333334
1050,009-2014,2,session_2,run_0,0,11,0.9677083333333334
1051,009-2014,2,session_2,run_0,0,12,0.9677083333333334
1052,009-2014,2,session_2,run_0,0,13,0.9734375
1053,009-2014,2,session_2,run_0,0,14,0.9651041666666667
1054,009-2014,2,session_2,run_0,0,15,0.9640625
1055,009-2014,2,session_2,run_0,0,16,0.9583333333333334
1056,009-2014,2,session_2,run_0,1,1,0.9830043859649124
1057,009-2014,2,session_2,run_0,1,2,0.9813596491228069
1058,009-2014,2,session_2,run_0,1,3,0.9808114035087719
1059,009-2014,2,session_2,run_0,1,4,0.9895833333333333
1060,009-2014,2,session_2,run_0,1,5,0.9857456140350878
1061,009-2014,2,session_2,run_0,1,6,0.975328947368421
1062,009-2014,2,session_2,run_0,1,7,0.9791666666666667
1063,009-2014,2,session_2,run_0,1,8,0.974780701754386
1064,009-2014,2,session_2,run_0,1,9,0.9802631578947368
1065,009-2014,2,session_2,run_0,1,10,0.9769736842105263
1066,009-2014,2,session_2,run_0,1,11,0.9758771929824561
1067,009-2014,2,session_2,run_0,1,12,0.9764254385964912
1068,009-2014,2,session_2,run_0,1,13,0.9731359649122807
1069,009-2014,2,session_2,run_0,1,14,0.974780701754386
1070,009-2014,2,session_2,run_0,1,15,0.9725877192982456
1071,009-2014,2,session_2,run_0,1,16,0.9665570175438597
1072,009-2014,2,session_2,run_0,2,1,0.9276315789473685
1073,009-2014,2,session_2,run_0,2,2,0.918859649122807
1074,009-2014,2,session_2,run_0,2,3,0.9172149122807017
1075,009-2014,2,session_2,run_0,2,4,0.9210526315789473
1076,009-2014,2,session_2,run_0,2,5,0.9183114035087718
1077,009-2014,2,session_2,run_0,2,6,0.9150219298245613
1078,009-2014,2,session_2,run_0,2,7,0.9226973684210527
1079,009-2014,2,session_2,run_0,2,8,0.931469298245614
1080,009-2014,2,session_2,run_0,2,9,0.9320175438596491
1081,009-2014,2,session_2,run_0,2,10,0.9298245614035088
1082,009-2014,2,session_2,run_0,2,11,0.9298245614035088
1083,009-2014,2,session_2,run_0,2,12,0.930921052631579
1084,009-2014,2,session_2,run_0,2,13,0.9342105263157894
1085,009-2014,2,session_2,run_0,2,14,0.9342105263157894
1086,009-2014,2,session_2,run_0,2,15,0.9342105263157894
1087,009-2014,2,session_2,run_0,2,16,0.9325657894736843
1088,009-2014,2,session_2,run_0,3,1,0.9325657894736842
1089,009-2014,2,session_2,run_0,3,2,0.9682017543859649
1090,009-2014,2,session_2,run_0,3,3,0.9747807017543859
1091,009-2014,2,session_2,run_0,3,4,0.981907894736842
1092,009-2014,2,session_2,run_0,3,5,0.9830043859649122
1093,009-2014,2,session_2,run_0,3,6,0.9841008771929824
1094,009-2014,2,session_2,run_0,3,7,0.9835526315789473
1095,009-2014,2,session_2,run_0,3,8,0.9862938596491229
1096,009-2014,2,session_2,run_0,3,9,0.9884868421052632
1097,009-2014,2,session_2,run_0,3,10,0.9862938596491229
1098,009-2014,2,session_2,run_0,3,11,0.987390350877193
1099,009-2014,2,session_2,run_0,3,12,0.9868421052631579
1100,009-2014,2,session_2,run_0,3,13,0.9851973684210525
1101,009-2014,2,session_2,run_0,3,14,0.9835526315789473
1102,009-2014,2,session_2,run_0,3,15,0.9846491228070176
1103,009-2014,2,session_2,run_0,3,16,0.9846491228070176
1104,009-2014,2,session_2,run_0,4,1,0.9484649122807016
1105,009-2014,2,session_2,run_0,4,2,0.950109649122807
1106,009-2014,2,session_2,run_0,4,3,0.9610745614035088
1107,009-2014,2,session_2,run_0,4,4,0.9632675438596491
1108,009-2014,2,session_2,run_0,4,5,0.9446271929824561
1109,009-2014,2,session_2,run_0,4,6,0.9533991228070176
1110,009-2014,2,session_2,run_0,4,7,0.950109649122807
1111,009-2014,2,session_2,run_0,4,8,0.9517543859649122
1112,009-2014,2,session_2,run_0,4,9,0.9276315789473684
1113,009-2014,2,session_2,run_0,4,10,0.931469298245614
1114,009-2014,2,session_2,run_0,4,11,0.930921052631579
1115,009-2014,2,session_2,run_0,4,12,0.930921052631579
1116,009-2014,2,session_2,run_0,4,13,0.9320175438596492
1117,009-2014,2,session_2,run_0,4,14,0.9336622807017545
1118,009-2014,2,session_2,run_0,4,15,0.9331140350877194
1119,009-2014,2,session_2,run_0,4,16,0.9358552631578948
1120,009-2014,3,session_0,run_0,0,1,0.8088541666666667
1121,009-2014,3,session_0,run_0,0,2,0.7979166666666667
1122,009-2014,3,session_0,run_0,0,3,0.7437499999999999
1123,009-2014,3,session_0,run_0,0,4,0.7546875
1124,009-2014,3,session_0,run_0,0,5,0.7473958333333333
1125,009-2014,3,session_0,run_0,0,6,0.7505208333333333
1126,009-2014,3,session_0,run_0,0,7,0.784375
1127,009-2014,3,session_0,run_0,0,8,0.80625
1128,009-2014,3,session_0,run_0,0,9,0.8093750000000001
1129,009-2014,3,session_0,run_0,0,10,0.7999999999999999
1130,009-2014,3,session_0,run_0,0,11,0.8005208333333333
1131,009-2014,3,session_0,run_0,0,12,0.8057291666666667
1132,009-2014,3,session_0,run_0,0,13,0.8255208333333334
1133,009-2014,3,session_0,run_0,0,14,0.8296875
1134,009-2014,3,session_0,run_0,0,15,0.8312499999999999
1135,009-2014,3,session_0,run_0,0,16,0.8317708333333335
1136,009-2014,3,session_0,run_0,1,1,0.7763157894736842
1137,009-2014,3,session_0,run_0,1,2,0.774671052631579
1138,009-2014,3,session_0,run_0,1,3,0.7801535087719298
1139,009-2014,3,session_0,run_0,1,4,0.7658991228070176
1140,009-2014,3,session_0,run_0,1,5,0.756578947368421
1141,009-2014,3,session_0,run_0,1,6,0.7637061403508771
1142,009-2014,3,session_0,run_0,1,7,0.7642543859649122
1143,009-2014,3,session_0,run_0,1,8,0.7615131578947368
1144,009-2014,3,session_0,run_0,1,9,0.7658991228070176
1145,009-2014,3,session_0,run_0,1,10,0.7620614035087719
1146,009-2014,3,session_0,run_0,1,11,0.7730263157894737
1147,009-2014,3,session_0,run_0,1,12,0.7724780701754386
1148,009-2014,3,session_0,run_0,1,13,0.7735745614035088
1149,009-2014,3,session_0,run_0,1,14,0.7702850877192982
1150,009-2014,3,session_0,run_0,1,15,0.7664473684210525
1151,009-2014,3,session_0,run_0,1,16,0.7637061403508772
1152,009-2014,3,session_0,run_0,2,1,0.6293859649122806
1153,009-2014,3,session_0,run_0,2,2,0.5888157894736842
1154,009-2014,3,session_0,run_0,2,3,0.6408991228070176
1155,009-2014,3,session_0,run_0,2,4,0.6584429824561403
1156,009-2014,3,session_0,run_0,2,5,0.6595394736842105
1157,009-2014,3,session_0,run_0,2,6,0.6600877192982456
1158,009-2014,3,session_0,run_0,2,7,0.6567982456140351
1159,009-2014,3,session_0,run_0,2,8,0.6529605263157895
1160,009-2014,3,session_0,run_0,2,9,0.6540570175438596
1161,009-2014,3,session_0,run_0,2,10,0.6661184210526316
1162,009-2014,3,session_0,run_0,2,11,0.65625
1163,009-2014,3,session_0,run_0,2,12,0.6787280701754386
1164,009-2014,3,session_0,run_0,2,13,0.6968201754385965
1165,009-2014,3,session_0,run_0,2,14,0.6984649122807018
1166,009-2014,3,session_0,run_0,2,15,0.6968201754385965
1167,009-2014,3,session_0,run_0,2,16,0.6951754385964912
1168,009-2014,3,session_0,run_0,3,1,0.6995614035087719
1169,009-2014,3,session_0,run_0,3,2,0.6672149122807017
1170,009-2014,3,session_0,run_0,3,3,0.6875
1171,009-2014,3,session_0,run_0,3,4,0.7357456140350878
1172,009-2014,3,session_0,run_0,3,5,0.7966008771929824
1173,009-2014,3,session_0,run_0,3,6,0.7960526315789473
1174,009-2014,3,session_0,run_0,3,7,0.8218201754385964
1175,009-2014,3,session_0,run_0,3,8,0.8327850877192983
1176,009-2014,3,session_0,run_0,3,9,0.8333333333333334
1177,009-2014,3,session_0,run_0,3,10,0.8360745614035087
1178,009-2014,3,session_0,run_0,3,11,0.837719298245614
1179,009-2014,3,session_0,run_0,3,12,0.8399122807017544
1180,009-2014,3,session_0,run_0,3,13,0.8388157894736842
1181,009-2014,3,session_0,run_0,3,14,0.837719298245614
1182,009-2014,3,session_0,run_0,3,15,0.837171052631579
1183,009-2014,3,session_0,run_0,3,16,0.8371710526315789
1184,009-2014,3,session_0,run_0,4,1,0.8273026315789473
1185,009-2014,3,session_0,run_0,4,2,0.8267543859649122
1186,009-2014,3,session_0,run_0,4,3,0.8174342105263158
1187,009-2014,3,session_0,run_0,4,4,0.8234649122807017
1188,009-2014,3,session_0,run_0,4,5,0.8475877192982456
1189,009-2014,3,session_0,run_0,4,6,0.8662280701754386
1190,009-2014,3,session_0,run_0,4,7,0.8717105263157895
1191,009-2014,3,session_0,run_0,4,8,0.8689692982456141
1192,009-2014,3,session_0,run_0,4,9,0.868421052631579
1193,009-2014,3,session_0,run_0,4,10,0.8601973684210527
1194,009-2014,3,session_0,run_0,4,11,0.8585526315789473
1195,009-2014,3,session_0,run_0,4,12,0.8569078947368421
1196,009-2014,3,session_0,run_0,4,13,0.8574561403508771
1197,009-2014,3,session_0,run_0,4,14,0.8618421052631579
1198,009-2014,3,session_0,run_0,4,15,0.862390350877193
1199,009-2014,3,session_0,run_0,4,16,0.8662280701754386
1200,009-2014,3,session_1,run_0,0,1,0.946875
1201,009-2014,3,session_1,run_0,0,2,0.9619791666666667
1202,009-2014,3,session_1,run_0,0,3,0.9567708333333333
1203,009-2014,3,session_1,run_0,0,4,0.9583333333333334
1204,009-2014,3,session_1,run_0,0,5,0.9578125
1205,009-2014,3,session_1,run_0,0,6,0.9484374999999999
1206,009-2014,3,session_1,run_0,0,7,0.9479166666666665
1207,009-2014,3,session_1,run_0,0,8,0.9484375
1208,009-2014,3,session_1,run_0,0,9,0.9520833333333333
1209,009-2014,3,session_1,run_0,0,10,0.9489583333333335
1210,009-2014,3,session_1,run_0,0,11,0.9520833333333333
1211,009-2014,3,session_1,run_0,0,12,0.9500000000000001
1212,009-2014,3,session_1,run_0,0,13,0.9489583333333332
1213,009-2014,3,session_1,run_0,0,14,0.9479166666666666
1214,009-2014,3,session_1,run_0,0,15,0.9484374999999999
1215,009-2014,3,session_1,run_0,0,16,0.9489583333333332
1216,009-2014,3,session_1,run_0,1,1,0.8771929824561404
1217,009-2014,3,session_1,run_0,1,2,0.9216008771929826
1218,009-2014,3,session_1,run_0,1,3,0.9216008771929824
1219,009-2014,3,session_1,run_0,1,4,0.9320175438596491
1220,009-2014,3,session_1,run_0,1,5,0.9237938596491229
1221,009-2014,3,session_1,run_0,1,6,0.9539473684210527
1222,009-2014,3,session_1,run_0,1,7,0.955592105263158
1223,009-2014,3,session_1,run_0,1,8,0.9550438596491229
1224,009-2014,3,session_1,run_0,1,9,0.9555921052631579
1225,009-2014,3,session_1,run_0,1,10,0.9577850877192983
1226,009-2014,3,session_1,run_0,1,11,0.9512061403508772
1227,009-2014,3,session_1,run_0,1,12,0.9588815789473685
1228,009-2014,3,session_1,run_0,1,13,0.9588815789473685
1229,009-2014,3,session_1,run_0,1,14,0.9583333333333334
1230,009-2014,3,session_1,run_0,1,15,0.9594298245614036
1231,009-2014,3,session_1,run_0,1,16,0.9599780701754386
1232,009-2014,3,session_1,run_0,2,1,0.9402412280701754
1233,009-2014,3,session_1,run_0,2,2,0.9780701754385965
1234,009-2014,3,session_1,run_0,2,3,0.9665570175438596
1235,009-2014,3,session_1,run_0,2,4,0.96875
1236,009-2014,3,session_1,run_0,2,5,0.9692982456140351
1237,009-2014,3,session_1,run_0,2,6,0.9736842105263157
1238,009-2014,3,session_1,run_0,2,7,0.9703947368421053
1239,009-2014,3,session_1,run_0,2,8,0.9610745614035088
1240,009-2014,3,session_1,run_0,2,9,0.962719298245614
1241,009-2014,3,session_1,run_0,2,10,0.9632675438596491
1242,009-2014,3,session_1,run_0,2,11,0.9671052631578948
1243,009-2014,3,session_1,run_0,2,12,0.9649122807017543
1244,009-2014,3,session_1,run_0,2,13,0.9566885964912281
1245,009-2014,3,session_1,run_0,2,14,0.9583333333333333
1246,009-2014,3,session_1,run_0,2,15,0.9577850877192983
1247,009-2014,3,session_1,run_0,2,16,0.9583333333333334
1248,009-2014,3,session_1,run_0,3,1,0.9029605263157894
1249,009-2014,3,session_1,run_0,3,2,0.8777412280701754
1250,009-2014,3,session_1,run_0,3,3,0.8574561403508771
1251,009-2014,3,session_1,run_0,3,4,0.862390350877193
1252,009-2014,3,session_1,run_0,3,5,0.8601973684210527
1253,009-2014,3,session_1,run_0,3,6,0.8612938596491228
1254,009-2014,3,session_1,run_0,3,7,0.8629385964912281
1255,009-2014,3,session_1,run_0,3,8,0.8503289473684209
1256,009-2014,3,session_1,run_0,3,9,0.8552631578947368
1257,009-2014,3,session_1,run_0,3,10,0.8612938596491228
1258,009-2014,3,session_1,run_0,3,11,0.8596491228070176
1259,009-2014,3,session_1,run_0,3,12,0.8695175438596491
1260,009-2014,3,session_1,run_0,3,13,0.8651315789473685
1261,009-2014,3,session_1,run_0,3,14,0.8755482456140351
1262,009-2014,3,session_1,run_0,3,15,0.8744517543859649
1263,009-2014,3,session_1,run_0,3,16,0.875
1264,009-2014,3,session_1,run_0,4,1,0.9073464912280701
1265,009-2014,3,session_1,run_0,4,2,0.9616228070175439
1266,009-2014,3,session_1,run_0,4,3,0.9506578947368421
1267,009-2014,3,session_1,run_0,4,4,0.9533991228070176
1268,009-2014,3,session_1,run_0,4,5,0.956140350877193
1269,009-2014,3,session_1,run_0,4,6,0.9550438596491229
1270,009-2014,3,session_1,run_0,4,7,0.9512061403508772
1271,009-2014,3,session_1,run_0,4,8,0.9517543859649122
1272,009-2014,3,session_1,run_0,4,9,0.9512061403508771
1273,009-2014,3,session_1,run_0,4,10,0.950109649122807
1274,009-2014,3,session_1,run_0,4,11,0.9512061403508771
1275,009-2014,3,session_1,run_0,4,12,0.950109649122807
1276,009-2014,3,session_1,run_0,4,13,0.9523026315789473
1277,009-2014,3,session_1,run_0,4,14,0.950657894736842
1278,009-2014,3,session_1,run_0,4,15,0.950657894736842
1279,009-2014,3,session_1,run_0,4,16,0.9605263157894737
1280,009-2014,3,session_2,run_0,0,1,0.9317708333333333
1281,009-2014,3,session_2,run_0,0,2,0.9322916666666667
1282,009-2014,3,session_2,run_0,0,3,0.9359374999999999
1283,009-2014,3,session_2,run_0,0,4,0.9473958333333333
1284,009-2014,3,session_2,run_0,0,5,0.9380208333333333
1285,009-2014,3,session_2,run_0,0,6,0.9270833333333333
1286,009-2014,3,session_2,run_0,0,7,0.9265625
1287,009-2014,3,session_2,run_0,0,8,0.9260416666666667
1288,009-2014,3,session_2,run_0,0,9,0.9249999999999999
1289,009-2014,3,session_2,run_0,0,10,0.9255208333333333
1290,009-2014,3,session_2,run_0,0,11,0.9270833333333333
1291,009-2014,3,session_2,run_0,0,12,0.9265625
1292,009-2014,3,session_2,run_0,0,13,0.9255208333333332
1293,009-2014,3,session_2,run_0,0,14,0.9260416666666667
1294,009-2014,3,session_2,run_0,0,15,0.9255208333333333
1295,009-2014,3,session_2,run_0,0,16,0.9244791666666666
1296,009-2014,3,session_2,run_0,1,1,0.9495614035087719
1297,009-2014,3,session_2,run_0,1,2,0.9424342105263158
1298,009-2014,3,session_2,run_0,1,3,0.9413377192982457
1299,009-2014,3,session_2,run_0,1,4,0.9468201754385964
1300,009-2014,3,session_2,run_0,1,5,0.9572368421052632
1301,009-2014,3,session_2,run_0,1,6,0.9594298245614035
1302,009-2014,3,session_2,run_0,1,7,0.9605263157894737
1303,009-2014,3,session_2,run_0,1,8,0.9605263157894737
1304,009-2014,3,session_2,run_0,1,9,0.9632675438596492
1305,009-2014,3,session_2,run_0,1,10,0.9682017543859649
1306,009-2014,3,session_2,run_0,1,11,0.9627192982456141
1307,009-2014,3,session_2,run_0,1,12,0.9616228070175439
1308,009-2014,3,session_2,run_0,1,13,0.962171052631579
1309,009-2014,3,session_2,run_0,1,14,0.962171052631579
1310,009-2014,3,session_2,run_0,1,15,0.962719298245614
1311,009-2014,3,session_2,run_0,1,16,0.9610745614035088
1312,009-2014,3,session_2,run_0,2,1,0.9210526315789473
1313,009-2014,3,session_2,run_0,2,2,0.9396929824561404
1314,009-2014,3,session_2,run_0,2,3,0.9512061403508771
1315,009-2014,3,session_2,run_0,2,4,0.9572368421052633
1316,009-2014,3,session_2,run_0,2,5,0.9643640350877194
1317,009-2014,3,session_2,run_0,2,6,0.9539473684210527
1318,009-2014,3,session_2,run_0,2,7,0.9462719298245614
1319,009-2014,3,session_2,run_0,2,8,0.9462719298245614
1320,009-2014,3,session_2,run_0,2,9,0.9495614035087719
1321,009-2014,3,session_2,run_0,2,10,0.9501096491228069
1322,009-2014,3,session_2,run_0,2,11,0.9528508771929824
1323,009-2014,3,session_2,run_0,2,12,0.9533991228070176
1324,009-2014,3,session_2,run_0,2,13,0.9539473684210527
1325,009-2014,3,session_2,run_0,2,14,0.9550438596491229
1326,009-2014,3,session_2,run_0,2,15,0.9550438596491229
1327,009-2014,3,session_2,run_0,2,16,0.9539473684210527
1328,009-2014,3,session_2,run_0,3,1,0.9758771929824561
1329,009-2014,3,session_2,run_0,3,2,0.9703947368421052
1330,009-2014,3,session_2,run_0,3,3,0.950657894736842
1331,009-2014,3,session_2,run_0,3,4,0.9720394736842105
1332,009-2014,3,session_2,run_0,3,5,0.9703947368421053
1333,009-2014,3,session_2,run_0,3,6,0.9599780701754386
1334,009-2014,3,session_2,run_0,3,7,0.9572368421052632
1335,009-2014,3,session_2,run_0,3,8,0.9539473684210525
1336,009-2014,3,session_2,run_0,3,9,0.9501096491228069
1337,009-2014,3,session_2,run_0,3,10,0.9501096491228069
1338,009-2014,3,session_2,run_0,3,11,0.9484649122807017
1339,009-2014,3,session_2,run_0,3,12,0.9484649122807017
1340,009-2014,3,session_2,run_0,3,13,0.9484649122807017
1341,009-2014,3,session_2,run_0,3,14,0.9484649122807017
1342,009-2014,3,session_2,run_0,3,15,0.9512061403508771
1343,009-2014,3,session_2,run_0,3,16,0.9550438596491228
1344,009-2014,3,session_2,run_0,4,1,0.9550438596491229
1345,009-2014,3,session_2,run_0,4,2,0.9791666666666666
1346,009-2014,3,session_2,run_0,4,3,0.9797149122807017
1347,009-2014,3,session_2,run_0,4,4,0.9808114035087719
1348,009-2014,3,session_2,run_0,4,5,0.9775219298245614
1349,009-2014,3,session_2,run_0,4,6,0.9769736842105263
1350,009-2014,3,session_2,run_0,4,7,0.9775219298245614
1351,009-2014,3,session_2,run_0,4,8,0.9769736842105263
1352,009-2014,3,session_2,run_0,4,9,0.9764254385964912
1353,009-2014,3,session_2,run_0,4,10,0.9775219298245614
1354,009-2014,3,session_2,run_0,4,11,0.9775219298245614
1355,009-2014,3,session_2,run_0,4,12,0.975328947368421
1356,009-2014,3,session_2,run_0,4,13,0.9764254385964912
1357,009-2014,3,session_2,run_0,4,14,0.9780701754385964
1358,009-2014,3,session_2,run_0,4,15,0.9775219298245614
1359,009-2014,3,session_2,run_0,4,16,0.9780701754385964
1360,009-2014,4,session_0,run_0,0,1,0.9578125
1361,009-2014,4,session_0,run_0,0,2,0.9750000000000001
1362,009-2014,4,session_0,run_0,0,3,0.9932291666666666
1363,009-2014,4,session_0,run_0,0,4,0.9890625000000001
1364,009-2014,4,session_0,run_0,0,5,0.9911458333333333
1365,009-2014,4,session_0,run_0,0,6,0.990625
1366,009-2014,4,session_0,run_0,0,7,0.9916666666666667
1367,009-2014,4,session_0,run_0,0,8,0.9895833333333334
1368,009-2014,4,session_0,run_0,0,9,0.9885416666666667
1369,009-2014,4,session_0,run_0,0,10,0.9885416666666667
1370,009-2014,4,session_0,run_0,0,11,0.9890625000000001
1371,009-2014,4,session_0,run_0,0,12,0.990625
1372,009-2014,4,session_0,run_0,0,13,0.9864583333333334
1373,009-2014,4,session_0,run_0,0,14,0.9859375
1374,009-2014,4,session_0,run_0,0,15,0.9859375
1375,009-2014,4,session_0,run_0,0,16,0.9859375
1376,009-2014,4,session_0,run_0,1,1,0.8908991228070176
1377,009-2014,4,session_0,run_0,1,2,0.8881578947368421
1378,009-2014,4,session_0,run_0,1,3,0.9046052631578947
1379,009-2014,4,session_0,run_0,1,4,0.8634868421052632
1380,009-2014,4,session_0,run_0,1,5,0.8640350877192982
1381,009-2014,4,session_0,run_0,1,6,0.8393640350877193
1382,009-2014,4,session_0,run_0,1,7,0.8525219298245614
1383,009-2014,4,session_0,run_0,1,8,0.8739035087719298
1384,009-2014,4,session_0,run_0,1,9,0.868969298245614
1385,009-2014,4,session_0,run_0,1,10,0.8656798245614035
1386,009-2014,4,session_0,run_0,1,11,0.8640350877192982
1387,009-2014,4,session_0,run_0,1,12,0.8618421052631579
1388,009-2014,4,session_0,run_0,1,13,0.8601973684210525
1389,009-2014,4,session_0,run_0,1,14,0.8585526315789473
1390,009-2014,4,session_0,run_0,1,15,0.8585526315789473
1391,009-2014,4,session_0,run_0,1,16,0.8580043859649124
1392,009-2014,4,session_0,run_0,2,1,0.8958333333333334
1393,009-2014,4,session_0,run_0,2,2,0.9205043859649122
1394,009-2014,4,session_0,run_0,2,3,0.925438596491228
1395,009-2014,4,session_0,run_0,2,4,0.9380482456140351
1396,009-2014,4,session_0,run_0,2,5,0.9512061403508772
1397,009-2014,4,session_0,run_0,2,6,0.9660087719298246
1398,009-2014,4,session_0,run_0,2,7,0.9676535087719298
1399,009-2014,4,session_0,run_0,2,8,0.9643640350877192
1400,009-2014,4,session_0,run_0,2,9,0.9632675438596491
1401,009-2014,4,session_0,run_0,2,10,0.9643640350877193
1402,009-2014,4,session_0,run_0,2,11,0.9660087719298247
1403,009-2014,4,session_0,run_0,2,12,0.9671052631578947
1404,009-2014,4,session_0,run_0,2,13,0.9676535087719298
1405,009-2014,4,session_0,run_0,2,14,0.96875
1406,009-2014,4,session_0,run_0,2,15,0.9703947368421053
1407,009-2014,4,session_0,run_0,2,16,0.9654605263157895
1408,009-2014,4,session_0,run_0,3,1,0.9462719298245614
1409,009-2014,4,session_0,run_0,3,2,0.9731359649122807
1410,009-2014,4,session_0,run_0,3,3,0.9775219298245614
1411,009-2014,4,session_0,run_0,3,4,0.9725877192982456
1412,009-2014,4,session_0,run_0,3,5,0.9714912280701754
1413,009-2014,4,session_0,run_0,3,6,0.9561403508771931
1414,009-2014,4,session_0,run_0,3,7,0.9544956140350878
1415,009-2014,4,session_0,run_0,3,8,0.9566885964912281
1416,009-2014,4,session_0,run_0,3,9,0.9572368421052633
1417,009-2014,4,session_0,run_0,3,10,0.9632675438596491
1418,009-2014,4,session_0,run_0,3,11,0.96875
1419,009-2014,4,session_0,run_0,3,12,0.9682017543859649
1420,009-2014,4,session_0,run_0,3,13,0.9725877192982455
1421,009-2014,4,session_0,run_0,3,14,0.9720394736842106
1422,009-2014,4,session_0,run_0,3,15,0.9654605263157894
1423,009-2014,4,session_0,run_0,3,16,0.9632675438596492
1424,009-2014,4,session_0,run_0,4,1,0.9424342105263157
1425,009-2014,4,session_0,run_0,4,2,0.9353070175438596
1426,009-2014,4,session_0,run_0,4,3,0.9287280701754386
1427,009-2014,4,session_0,run_0,4,4,0.943530701754386
1428,009-2014,4,session_0,run_0,4,5,0.9429824561403509
1429,009-2014,4,session_0,run_0,4,6,0.9429824561403509
1430,009-2014,4,session_0,run_0,4,7,0.9429824561403509
1431,009-2014,4,session_0,run_0,4,8,0.9468201754385965
1432,009-2014,4,session_0,run_0,4,9,0.9457236842105263
1433,009-2014,4,session_0,run_0,4,10,0.9468201754385964
1434,009-2014,4,session_0,run_0,4,11,0.9484649122807018
1435,009-2014,4,session_0,run_0,4,12,0.949561403508772
1436,009-2014,4,session_0,run_0,4,13,0.9495614035087719
1437,009-2014,4,session_0,run_0,4,14,0.950109649122807
1438,009-2014,4,session_0,run_0,4,15,0.9495614035087719
1439,009-2014,4,session_0,run_0,4,16,0.9495614035087719
1440,009-2014,4,session_1,run_0,0,1,0.9520833333333334
1441,009-2014,4,session_1,run_0,0,2,0.9609375
1442,009-2014,4,session_1,run_0,0,3,0.9734375
1443,009-2014,4,session_1,run_0,0,4,0.9708333333333333
1444,009-2014,4,session_1,run_0,0,5,0.9369791666666666
1445,009-2014,4,session_1,run_0,0,6,0.9432291666666667
1446,009-2014,4,session_1,run_0,0,7,0.9286458333333334
1447,009-2014,4,session_1,run_0,0,8,0.9296875
1448,009-2014,4,session_1,run_0,0,9,0.93125
1449,009-2014,4,session_1,run_0,0,10,0.9338541666666667
1450,009-2014,4,session_1,run_0,0,11,0.934375
1451,009-2014,4,session_1,run_0,0,12,0.9338541666666667
1452,009-2014,4,session_1,run_0,0,13,0.9338541666666667
1453,009-2014,4,session_1,run_0,0,14,0.9348958333333333
1454,009-2014,4,session_1,run_0,0,15,0.9354166666666666
1455,009-2014,4,session_1,run_0,0,16,0.9348958333333334
1456,009-2014,4,session_1,run_0,1,1,0.9199561403508772
1457,009-2014,4,session_1,run_0,1,2,0.9133771929824561
1458,009-2014,4,session_1,run_0,1,3,0.9089912280701755
1459,009-2014,4,session_1,run_0,1,4,0.9117324561403508
1460,009-2014,4,session_1,run_0,1,5,0.9122807017543858
1461,009-2014,4,session_1,run_0,1,6,0.9117324561403509
1462,009-2014,4,session_1,run_0,1,7,0.9089912280701754
1463,009-2014,4,session_1,run_0,1,8,0.9062499999999999
1464,009-2014,4,session_1,run_0,1,9,0.9051535087719297
1465,009-2014,4,session_1,run_0,1,10,0.9046052631578948
1466,009-2014,4,session_1,run_0,1,11,0.9029605263157894
1467,009-2014,4,session_1,run_0,1,12,0.9035087719298245
1468,009-2014,4,session_1,run_0,1,13,0.9040570175438596
1469,009-2014,4,session_1,run_0,1,14,0.9046052631578947
1470,009-2014,4,session_1,run_0,1,15,0.9040570175438595
1471,009-2014,4,session_1,run_0,1,16,0.9046052631578947
1472,009-2014,4,session_1,run_0,2,1,0.9786184210526315
1473,009-2014,4,session_1,run_0,2,2,0.9791666666666665
1474,009-2014,4,session_1,run_0,2,3,0.9731359649122806
1475,009-2014,4,session_1,run_0,2,4,0.9665570175438597
1476,009-2014,4,session_1,run_0,2,5,0.9572368421052633
1477,009-2014,4,session_1,run_0,2,6,0.9501096491228069
1478,009-2014,4,session_1,run_0,2,7,0.9446271929824561
1479,009-2014,4,session_1,run_0,2,8,0.9468201754385964
1480,009-2014,4,session_1,run_0,2,9,0.9451754385964912
1481,009-2014,4,session_1,run_0,2,10,0.9473684210526316
1482,009-2014,4,session_1,run_0,2,11,0.950657894736842
1483,009-2014,4,session_1,run_0,2,12,0.9495614035087718
1484,009-2014,4,session_1,run_0,2,13,0.950109649122807
1485,009-2014,4,session_1,run_0,2,14,0.949013157894737
1486,009-2014,4,session_1,run_0,2,15,0.9495614035087718
1487,009-2014,4,session_1,run_0,2,16,0.950109649122807
1488,009-2014,4,session_1,run_0,3,1,0.9473684210526316
1489,009-2014,4,session_1,run_0,3,2,0.9555921052631579
1490,009-2014,4,session_1,run_0,3,3,0.9660087719298246
1491,009-2014,4,session_1,run_0,3,4,0.9550438596491228
1492,009-2014,4,session_1,run_0,3,5,0.9703947368421052
1493,009-2014,4,session_1,run_0,3,6,0.9665570175438596
1494,009-2014,4,session_1,run_0,3,7,0.955592105263158
1495,009-2014,4,session_1,run_0,3,8,0.9577850877192982
1496,009-2014,4,session_1,run_0,3,9,0.9583333333333333
1497,009-2014,4,session_1,run_0,3,10,0.9561403508771931
1498,009-2014,4,session_1,run_0,3,11,0.9616228070175439
1499,009-2014,4,session_1,run_0,3,12,0.962171052631579
1500,009-2014,4,session_1,run_0,3,13,0.962171052631579
1501,009-2014,4,session_1,run_0,3,14,0.9594298245614036
1502,009-2014,4,session_1,run_0,3,15,0.9594298245614035
1503,009-2014,4,session_1,run_0,3,16,0.9594298245614035
1504,009-2014,4,session_1,run_0,4,1,0.8278508771929824
1505,009-2014,4,session_1,run_0,4,2,0.8689692982456141
1506,009-2014,4,session_1,run_0,4,3,0.8865131578947368
1507,009-2014,4,session_1,run_0,4,4,0.8887061403508771
1508,009-2014,4,session_1,run_0,4,5,0.8941885964912281
1509,009-2014,4,session_1,run_0,4,6,0.9057017543859649
1510,009-2014,4,session_1,run_0,4,7,0.90625
1511,009-2014,4,session_1,run_0,4,8,0.90625
1512,009-2014,4,session_1,run_0,4,9,0.9062499999999999
1513,009-2014,4,session_1,run_0,4,10,0.9084429824561403
1514,009-2014,4,session_1,run_0,4,11,0.9084429824561404
1515,009-2014,4,session_1,run_0,4,12,0.9089912280701754
1516,009-2014,4,session_1,run_0,4,13,0.9089912280701754
1517,009-2014,4,session_1,run_0,4,14,0.9139254385964912
1518,009-2014,4,session_1,run_0,4,15,0.9117324561403509
1519,009-2014,4,session_1,run_0,4,16,0.9117324561403508
1520,009-2014,4,session_2,run_0,0,1,0.9458333333333333
1521,009-2014,4,session_2,run_0,0,2,0.9328125
1522,009-2014,4,session_2,run_0,0,3,0.91875
1523,009-2014,4,session_2,run_0,0,4,0.9317708333333333
1524,009-2014,4,session_2,run_0,0,5,0.9437500000000001
1525,009-2014,4,session_2,run_0,0,6,0.9432291666666668
1526,009-2014,4,session_2,run_0,0,7,0.9453125
1527,009-2014,4,session_2,run_0,0,8,0.9473958333333334
1528,009-2014,4,session_2,run_0,0,9,0.9473958333333334
1529,009-2014,4,session_2,run_0,0,10,0.9479166666666666
1530,009-2014,4,session_2,run_0,0,11,0.9484375
1531,009-2014,4,session_2,run_0,0,12,0.9489583333333333
1532,009-2014,4,session_2,run_0,0,13,0.9489583333333333
1533,009-2014,4,session_2,run_0,0,14,0.9489583333333333
1534,009-2014,4,session_2,run_0,0,15,0.9489583333333333
1535,009-2014,4,session_2,run_0,0,16,0.9484375
1536,009-2014,4,session_2,run_0,1,1,0.9035087719298246
1537,009-2014,4,session_2,run_0,1,2,0.9714912280701755
1538,009-2014,4,session_2,run_0,1,3,0.981359649122807
1539,009-2014,4,session_2,run_0,1,4,0.9841008771929824
1540,009-2014,4,session_2,run_0,1,5,0.9736842105263158
1541,009-2014,4,session_2,run_0,1,6,0.9802631578947368
1542,009-2014,4,session_2,run_0,1,7,0.974780701754386
1543,009-2014,4,session_2,run_0,1,8,0.9764254385964912
1544,009-2014,4,session_2,run_0,1,9,0.9676535087719298
1545,009-2014,4,session_2,run_0,1,10,0.9676535087719298
1546,009-2014,4,session_2,run_0,1,11,0.9665570175438597
1547,009-2014,4,session_2,run_0,1,12,0.9665570175438597
1548,009-2014,4,session_2,run_0,1,13,0.9654605263157895
1549,009-2014,4,session_2,run_0,1,14,0.9698464912280702
1550,009-2014,4,session_2,run_0,1,15,0.9698464912280702
1551,009-2014,4,session_2,run_0,1,16,0.9698464912280702
1552,009-2014,4,session_2,run_0,2,1,0.8766447368421052
1553,009-2014,4,session_2,run_0,2,2,0.8821271929824561
1554,009-2014,4,session_2,run_0,2,3,0.9254385964912282
1555,009-2014,4,session_2,run_0,2,4,0.9342105263157895
1556,009-2014,4,session_2,run_0,2,5,0.9391447368421053
1557,009-2014,4,session_2,run_0,2,6,0.9369517543859649
1558,009-2014,4,session_2,run_0,2,7,0.9342105263157895
1559,009-2014,4,session_2,run_0,2,8,0.9276315789473684
1560,009-2014,4,session_2,run_0,2,9,0.930921052631579
1561,009-2014,4,session_2,run_0,2,10,0.931469298245614
1562,009-2014,4,session_2,run_0,2,11,0.9320175438596492
1563,009-2014,4,session_2,run_0,2,12,0.9331140350877193
1564,009-2014,4,session_2,run_0,2,13,0.9314692982456141
1565,009-2014,4,session_2,run_0,2,14,0.9265350877192982
1566,009-2014,4,session_2,run_0,2,15,0.9281798245614035
1567,009-2014,4,session_2,run_0,2,16,0.9248903508771931
1568,009-2014,4,session_2,run_0,3,1,0.9226973684210525
1569,009-2014,4,session_2,run_0,3,2,0.9205043859649122
1570,009-2014,4,session_2,run_0,3,3,0.9380482456140351
1571,009-2014,4,session_2,run_0,3,4,0.9287280701754386
1572,009-2014,4,session_2,run_0,3,5,0.9358552631578947
1573,009-2014,4,session_2,run_0,3,6,0.9292763157894737
1574,009-2014,4,session_2,run_0,3,7,0.9254385964912281
1575,009-2014,4,session_2,run_0,3,8,0.9216008771929824
1576,009-2014,4,session_2,run_0,3,9,0.9226973684210525
1577,009-2014,4,session_2,run_0,3,10,0.9221491228070176
1578,009-2014,4,session_2,run_0,3,11,0.9221491228070176
1579,009-2014,4,session_2,run_0,3,12,0.9232456140350876
1580,009-2014,4,session_2,run_0,3,13,0.9216008771929824
1581,009-2014,4,session_2,run_0,3,14,0.9210526315789473
1582,009-2014,4,session_2,run_0,3,15,0.9210526315789473
1583,009-2014,4,session_2,run_0,3,16,0.9100877192982457
1584,009-2014,4,session_2,run_0,4,1,0.8788377192982456
1585,009-2014,4,session_2,run_0,4,2,0.8634868421052632
1586,009-2014,4,session_2,run_0,4,3,0.9007675438596492
1587,009-2014,4,session_2,run_0,4,4,0.900219298245614
1588,009-2014,4,session_2,run_0,4,5,0.9024122807017544
1589,009-2014,4,session_2,run_0,4,6,0.8991228070175439
1590,009-2014,4,session_2,run_0,4,7,0.9013157894736842
1591,009-2014,4,session_2,run_0,4,8,0.9057017543859649
1592,009-2014,4,session_2,run_0,4,9,0.9078947368421052
1593,009-2014,4,session_2,run_0,4,10,0.8963815789473685
1594,009-2014,4,session_2,run_0,4,11,0.893092105263158
1595,009-2014,4,session_2,run_0,4,12,0.8941885964912281
1596,009-2014,4,session_2,run_0,4,13,0.8963815789473684
1597,009-2014,4,session_2,run_0,4,14,0.8952850877192982
1598,009-2014,4,session_2,run_0,4,15,0.8974780701754386
1599,009-2014,4,session_2,run_0,4,16,0.8908991228070176
1600,009-2014,5,session_0,run_0,0,1,0.9807291666666667
1601,009-2014,5,session_0,run_0,0,2,0.9854166666666667
1602,009-2014,5,session_0,run_0,0,3,0.9880208333333333
1603,009-2014,5,session_0,run_0,0,4,0.9880208333333333
1604,009-2014,5,session_0,run_0,0,5,0.9947916666666667
1605,009-2014,5,session_0,run_0,0,6,0.9906250000000001
1606,009-2014,5,session_0,run_0,0,7,0.984375
1607,009-2014,5,session_0,run_0,0,8,0.9828125
1608,009-2014,5,session_0,run_0,0,9,0.98125
1609,009-2014,5,session_0,run_0,0,10,0.9817708333333334
1610,009-2014,5,session_0,run_0,0,11,0.9822916666666667
1611,009-2014,5,session_0,run_0,0,12,0.9828125
1612,009-2014,5,session_0,run_0,0,13,0.9796874999999999
1613,009-2014,5,session_0,run_0,0,14,0.9796874999999999
1614,009-2014,5,session_0,run_0,0,15,0.9812500000000001
1615,009-2014,5,session_0,run_0,0,16,0.98125
1616,009-2014,5,session_0,run_0,1,1,0.9906798245614035
1617,009-2014,5,session_0,run_0,1,2,0.9923245614035088
1618,009-2014,5,session_0,run_0,1,3,0.9906798245614035
1619,009-2014,5,session_0,run_0,1,4,0.9890350877192983
1620,009-2014,5,session_0,run_0,1,5,0.9835526315789475
1621,009-2014,5,session_0,run_0,1,6,0.9846491228070176
1622,009-2014,5,session_0,run_0,1,7,0.9868421052631579
1623,009-2014,5,session_0,run_0,1,8,0.9868421052631579
1624,009-2014,5,session_0,run_0,1,9,0.9835526315789475
1625,009-2014,5,session_0,run_0,1,10,0.9835526315789475
1626,009-2014,5,session_0,run_0,1,11,0.9846491228070176
1627,009-2014,5,session_0,run_0,1,12,0.9846491228070176
1628,009-2014,5,session_0,run_0,1,13,0.9835526315789475
1629,009-2014,5,session_0,run_0,1,14,0.9835526315789475
1630,009-2014,5,session_0,run_0,1,15,0.9835526315789475
1631,009-2014,5,session_0,run_0,1,16,0.9835526315789475
1632,009-2014,5,session_0,run_0,2,1,0.9725877192982456
1633,009-2014,5,session_0,run_0,2,2,0.9791666666666666
1634,009-2014,5,session_0,run_0,2,3,0.9742324561403509
1635,009-2014,5,session_0,run_0,2,4,0.9764254385964912
1636,009-2014,5,session_0,run_0,2,5,0.9698464912280701
1637,009-2014,5,session_0,run_0,2,6,0.9671052631578947
1638,009-2014,5,session_0,run_0,2,7,0.9676535087719298
1639,009-2014,5,session_0,run_0,2,8,0.9654605263157894
1640,009-2014,5,session_0,run_0,2,9,0.9654605263157895
1641,009-2014,5,session_0,run_0,2,10,0.9654605263157894
1642,009-2014,5,session_0,run_0,2,11,0.9632675438596491
1643,009-2014,5,session_0,run_0,2,12,0.9621710526315789
1644,009-2014,5,session_0,run_0,2,13,0.962171052631579
1645,009-2014,5,session_0,run_0,2,14,0.962719298245614
1646,009-2014,5,session_0,run_0,2,15,0.9632675438596491
1647,009-2014,5,session_0,run_0,2,16,0.9577850877192983
1648,009-2014,5,session_0,run_0,3,1,0.9117324561403508
1649,009-2014,5,session_0,run_0,3,2,0.9106359649122806
1650,009-2014,5,session_0,run_0,3,3,0.9270833333333333
1651,009-2014,5,session_0,run_0,3,4,0.9320175438596491
1652,009-2014,5,session_0,run_0,3,5,0.9342105263157895
1653,009-2014,5,session_0,run_0,3,6,0.9364035087719298
1654,009-2014,5,session_0,run_0,3,7,0.9342105263157895
1655,009-2014,5,session_0,run_0,3,8,0.931469298245614
1656,009-2014,5,session_0,run_0,3,9,0.9309210526315789
1657,009-2014,5,session_0,run_0,3,10,0.9287280701754387
1658,009-2014,5,session_0,run_0,3,11,0.9292763157894737
1659,009-2014,5,session_0,run_0,3,12,0.9303728070175439
1660,009-2014,5,session_0,run_0,3,13,0.931469298245614
1661,009-2014,5,session_0,run_0,3,14,0.9320175438596491
1662,009-2014,5,session_0,run_0,3,15,0.9320175438596491
1663,009-2014,5,session_0,run_0,3,16,0.9331140350877193
1664,009-2014,5,session_0,run_0,4,1,0.9884868421052632
1665,009-2014,5,session_0,run_0,4,2,0.9906798245614035
1666,009-2014,5,session_0,run_0,4,3,0.9819078947368421
1667,009-2014,5,session_0,run_0,4,4,0.9862938596491229
1668,009-2014,5,session_0,run_0,4,5,0.9857456140350876
1669,009-2014,5,session_0,run_0,4,6,0.9846491228070176
1670,009-2014,5,session_0,run_0,4,7,0.9862938596491228
1671,009-2014,5,session_0,run_0,4,8,0.9857456140350878
1672,009-2014,5,session_0,run_0,4,9,0.9857456140350878
1673,009-2014,5,session_0,run_0,4,10,0.9857456140350878
1674,009-2014,5,session_0,run_0,4,11,0.9857456140350878
1675,009-2014,5,session_0,run_0,4,12,0.9857456140350878
1676,009-2014,5,session_0,run_0,4,13,0.9857456140350878
1677,009-2014,5,session_0,run_0,4,14,0.9857456140350878
1678,009-2014,5,session_0,run_0,4,15,0.9851973684210527
1679,009-2014,5,session_0,run_0,4,16,0.9846491228070176
1680,009-2014,5,session_1,run_0,0,1,0.9588541666666667
1681,009-2014,5,session_1,run_0,0,2,0.9796874999999999
1682,009-2014,5,session_1,run_0,0,3,0.9791666666666666
1683,009-2014,5,session_1,run_0,0,4,0.9786458333333333
1684,009-2014,5,session_1,run_0,0,5,0.9864583333333333
1685,009-2014,5,session_1,run_0,0,6,0.9822916666666666
1686,009-2014,5,session_1,run_0,0,7,0.9697916666666667
1687,009-2014,5,session_1,run_0,0,8,0.9692708333333333
1688,009-2014,5,session_1,run_0,0,9,0.96875
1689,009-2014,5,session_1,run_0,0,10,0.9661458333333334
1690,009-2014,5,session_1,run_0,0,11,0.9651041666666667
1691,009-2014,5,session_1,run_0,0,12,0.9645833333333332
1692,009-2014,5,session_1,run_0,0,13,0.9645833333333332
1693,009-2014,5,session_1,run_0,0,14,0.9604166666666667
1694,009-2014,5,session_1,run_0,0,15,0.9604166666666667
1695,009-2014,5,session_1,run_0,0,16,0.9609375
1696,009-2014,5,session_1,run_0,1,1,0.9671052631578947
1697,009-2014,5,session_1,run_0,1,2,0.9588815789473684
1698,009-2014,5,session_1,run_0,1,3,0.9616228070175439
1699,009-2014,5,session_1,run_0,1,4,0.9797149122807017
1700,009-2014,5,session_1,run_0,1,5,0.9747807017543859
1701,009-2014,5,session_1,run_0,1,6,0.9758771929824561
1702,009-2014,5,session_1,run_0,1,7,0.9747807017543859
1703,009-2014,5,session_1,run_0,1,8,0.9720394736842104
1704,009-2014,5,session_1,run_0,1,9,0.9742324561403508
1705,009-2014,5,session_1,run_0,1,10,0.9742324561403508
1706,009-2014,5,session_1,run_0,1,11,0.9747807017543859
1707,009-2014,5,session_1,run_0,1,12,0.9742324561403509
1708,009-2014,5,session_1,run_0,1,13,0.974780701754386
1709,009-2014,5,session_1,run_0,1,14,0.9753289473684211
1710,009-2014,5,session_1,run_0,1,15,0.9747807017543859
1711,009-2014,5,session_1,run_0,1,16,0.9742324561403508
1712,009-2014,5,session_1,run_0,2,1,0.9725877192982456
1713,009-2014,5,session_1,run_0,2,2,0.9627192982456141
1714,009-2014,5,session_1,run_0,2,3,0.9533991228070176
1715,009-2014,5,session_1,run_0,2,4,0.9429824561403509
1716,009-2014,5,session_1,run_0,2,5,0.9413377192982456
1717,009-2014,5,session_1,run_0,2,6,0.9424342105263158
1718,009-2014,5,session_1,run_0,2,7,0.9429824561403509
1719,009-2014,5,session_1,run_0,2,8,0.9418859649122807
1720,009-2014,5,session_1,run_0,2,9,0.9418859649122807
1721,009-2014,5,session_1,run_0,2,10,0.9457236842105263
1722,009-2014,5,session_1,run_0,2,11,0.9468201754385965
1723,009-2014,5,session_1,run_0,2,12,0.9457236842105263
1724,009-2014,5,session_1,run_0,2,13,0.9451754385964912
1725,009-2014,5,session_1,run_0,2,14,0.9446271929824561
1726,009-2014,5,session_1,run_0,2,15,0.9468201754385964
1727,009-2014,5,session_1,run_0,2,16,0.9638157894736841
1728,009-2014,5,session_1,run_0,3,1,0.9353070175438596
1729,009-2014,5,session_1,run_0,3,2,0.9544956140350875
1730,009-2014,5,session_1,run_0,3,3,0.9594298245614035
1731,009-2014,5,session_1,run_0,3,4,0.9594298245614036
1732,009-2014,5,session_1,run_0,3,5,0.9599780701754386
1733,009-2014,5,session_1,run_0,3,6,0.9616228070175438
1734,009-2014,5,session_1,run_0,3,7,0.962719298245614
1735,009-2014,5,session_1,run_0,3,8,0.9632675438596491
1736,009-2014,5,session_1,run_0,3,9,0.9671052631578948
1737,009-2014,5,session_1,run_0,3,10,0.962719298245614
1738,009-2014,5,session_1,run_0,3,11,0.9747807017543859
1739,009-2014,5,session_1,run_0,3,12,0.9725877192982456
1740,009-2014,5,session_1,run_0,3,13,0.9725877192982456
1741,009-2014,5,session_1,run_0,3,14,0.9725877192982457
1742,009-2014,5,session_1,run_0,3,15,0.9725877192982457
1743,009-2014,5,session_1,run_0,3,16,0.9703947368421053
1744,009-2014,5,session_1,run_0,4,1,0.950657894736842
1745,009-2014,5,session_1,run_0,4,2,0.9347587719298246
1746,009-2014,5,session_1,run_0,4,3,0.9309210526315789
1747,009-2014,5,session_1,run_0,4,4,0.9221491228070176
1748,009-2014,5,session_1,run_0,4,5,0.9221491228070174
1749,009-2014,5,session_1,run_0,4,6,0.9210526315789473
1750,009-2014,5,session_1,run_0,4,7,0.9237938596491228
1751,009-2014,5,session_1,run_0,4,8,0.9254385964912281
1752,009-2014,5,session_1,run_0,4,9,0.9254385964912281
1753,009-2014,5,session_1,run_0,4,10,0.9292763157894737
1754,009-2014,5,session_1,run_0,4,11,0.9281798245614036
1755,009-2014,5,session_1,run_0,4,12,0.9265350877192983
1756,009-2014,5,session_1,run_0,4,13,0.9265350877192983
1757,009-2014,5,session_1,run_0,4,14,0.9237938596491226
1758,009-2014,5,session_1,run_0,4,15,0.919407894736842
1759,009-2014,5,session_1,run_0,4,16,0.9221491228070174
1760,009-2014,5,session_2,run_0,0,1,0.9703125
1761,009-2014,5,session_2,run_0,0,2,0.9635416666666667
1762,009-2014,5,session_2,run_0,0,3,0.9739583333333333
1763,009-2014,5,session_2,run_0,0,4,0.9692708333333333
1764,009-2014,5,session_2,run_0,0,5,0.9692708333333333
1765,009-2014,5,session_2,run_0,0,6,0.965625
1766,009-2014,5,session_2,run_0,0,7,0.9739583333333335
1767,009-2014,5,session_2,run_0,0,8,0.9744791666666668
1768,009-2014,5,session_2,run_0,0,9,0.96875
1769,009-2014,5,session_2,run_0,0,10,0.9661458333333333
1770,009-2014,5,session_2,run_0,0,11,0.9661458333333333
1771,009-2014,5,session_2,run_0,0,12,0.96875
1772,009-2014,5,session_2,run_0,0,13,0.9677083333333333
1773,009-2014,5,session_2,run_0,0,14,0.9666666666666667
1774,009-2014,5,session_2,run_0,0,15,0.9630208333333334
1775,009-2014,5,session_2,run_0,0,16,0.9635416666666666
1776,009-2014,5,session_2,run_0,1,1,0.9791666666666666
1777,009-2014,5,session_2,run_0,1,2,0.9945175438596491
1778,009-2014,5,session_2,run_0,1,3,0.9961622807017544
1779,009-2014,5,session_2,run_0,1,4,0.9950657894736843
1780,009-2014,5,session_2,run_0,1,5,0.9879385964912282
1781,009-2014,5,session_2,run_0,1,6,0.9868421052631579
1782,009-2014,5,session_2,run_0,1,7,0.9884868421052632
1783,009-2014,5,session_2,run_0,1,8,0.9906798245614036
1784,009-2014,5,session_2,run_0,1,9,0.9890350877192983
1785,009-2014,5,session_2,run_0,1,10,0.987390350877193
1786,009-2014,5,session_2,run_0,1,11,0.9830043859649122
1787,009-2014,5,session_2,run_0,1,12,0.9808114035087719
1788,009-2014,5,session_2,run_0,1,13,0.9808114035087719
1789,009-2014,5,session_2,run_0,1,14,0.9786184210526316
1790,009-2014,5,session_2,run_0,1,15,0.9791666666666666
1791,009-2014,5,session_2,run_0,1,16,0.9797149122807017
1792,009-2014,5,session_2,run_0,2,1,0.9742324561403508
1793,009-2014,5,session_2,run_0,2,2,0.9890350877192983
1794,009-2014,5,session_2,run_0,2,3,0.9725877192982456
1795,009-2014,5,session_2,run_0,2,4,0.9692982456140351
1796,009-2014,5,session_2,run_0,2,5,0.9698464912280702
1797,009-2014,5,session_2,run_0,2,6,0.9720394736842106
1798,009-2014,5,session_2,run_0,2,7,0.962719298245614
1799,009-2014,5,session_2,run_0,2,8,0.9539473684210527
1800,009-2014,5,session_2,run_0,2,9,0.957236842105263
1801,009-2014,5,session_2,run_0,2,10,0.9632675438596491
1802,009-2014,5,session_2,run_0,2,11,0.9632675438596491
1803,009-2014,5,session_2,run_0,2,12,0.962171052631579
1804,009-2014,5,session_2,run_0,2,13,0.9643640350877193
1805,009-2014,5,session_2,run_0,2,14,0.9555921052631579
1806,009-2014,5,session_2,run_0,2,15,0.9523026315789473
1807,009-2014,5,session_2,run_0,2,16,0.9533991228070176
1808,009-2014,5,session_2,run_0,3,1,0.9424342105263157
1809,009-2014,5,session_2,run_0,3,2,0.9402412280701754
1810,009-2014,5,session_2,run_0,3,3,0.9199561403508771
1811,009-2014,5,session_2,run_0,3,4,0.8969298245614035
1812,009-2014,5,session_2,run_0,3,5,0.8832236842105263
1813,009-2014,5,session_2,run_0,3,6,0.8941885964912281
1814,009-2014,5,session_2,run_0,3,7,0.8678728070175439
1815,009-2014,5,session_2,run_0,3,8,0.8826754385964912
1816,009-2014,5,session_2,run_0,3,9,0.8793859649122807
1817,009-2014,5,session_2,run_0,3,10,0.8782894736842105
1818,009-2014,5,session_2,run_0,3,11,0.8782894736842105
1819,009-2014,5,session_2,run_0,3,12,0.8711622807017544
1820,009-2014,5,session_2,run_0,3,13,0.8711622807017544
1821,009-2014,5,session_2,run_0,3,14,0.8717105263157895
1822,009-2014,5,session_2,run_0,3,15,0.8728070175438596
1823,009-2014,5,session_2,run_0,3,16,0.8793859649122807
1824,009-2014,5,session_2,run_0,4,1,0.924890350877193
1825,009-2014,5,session_2,run_0,4,2,0.9692982456140351
1826,009-2014,5,session_2,run_0,4,3,0.9725877192982456
1827,009-2014,5,session_2,run_0,4,4,0.9517543859649124
1828,009-2014,5,session_2,run_0,4,5,0.9342105263157894
1829,009-2014,5,session_2,run_0,4,6,0.9342105263157895
1830,009-2014,5,session_2,run_0,4,7,0.9364035087719298
1831,009-2014,5,session_2,run_0,4,8,0.9369517543859649
1832,009-2014,5,session_2,run_0,4,9,0.9413377192982455
1833,009-2014,5,session_2,run_0,4,10,0.943530701754386
1834,009-2014,5,session_2,run_0,4,11,0.943530701754386
1835,009-2014,5,session_2,run_0,4,12,0.9418859649122806
1836,009-2014,5,session_2,run_0,4,13,0.9473684210526316
1837,009-2014,5,session_2,run_0,4,14,0.9495614035087718
1838,009-2014,5,session_2,run_0,4,15,0.9473684210526316
1839,009-2014,5,session_2,run_0,4,16,0.9473684210526316
1840,009-2014,6,session_0,run_0,0,1,0.9020833333333333
1841,009-2014,6,session_0,run_0,0,2,0.9192708333333334
1842,009-2014,6,session_0,run_0,0,3,0.9494791666666667
1843,009-2014,6,session_0,run_0,0,4,0.953125
1844,009-2014,6,session_0,run_0,0,5,0.9500000000000001
1845,009-2014,6,session_0,run_0,0,6,0.9484374999999999
1846,009-2014,6,session_0,run_0,0,7,0.9385416666666667
1847,009-2014,6,session_0,run_0,0,8,0.9338541666666668
1848,009-2014,6,session_0,run_0,0,9,0.9333333333333333
1849,009-2014,6,session_0,run_0,0,10,0.9265625
1850,009-2014,6,session_0,run_0,0,11,0.925
1851,009-2014,6,session_0,run_0,0,12,0.9244791666666667
1852,009-2014,6,session_0,run_0,0,13,0.9307291666666666
1853,009-2014,6,session_0,run_0,0,14,0.9286458333333334
1854,009-2014,6,session_0,run_0,0,15,0.9286458333333334
1855,009-2014,6,session_0,run_0,0,16,0.9286458333333334
1856,009-2014,6,session_0,run_0,1,1,0.8700657894736842
1857,009-2014,6,session_0,run_0,1,2,0.868421052631579
1858,009-2014,6,session_0,run_0,1,3,0.8558114035087718
1859,009-2014,6,session_0,run_0,1,4,0.8273026315789473
1860,009-2014,6,session_0,run_0,1,5,0.8240131578947368
1861,009-2014,6,session_0,run_0,1,6,0.8344298245614035
1862,009-2014,6,session_0,run_0,1,7,0.8426535087719297
1863,009-2014,6,session_0,run_0,1,8,0.8426535087719298
1864,009-2014,6,session_0,run_0,1,9,0.8486842105263158
1865,009-2014,6,session_0,run_0,1,10,0.8547149122807017
1866,009-2014,6,session_0,run_0,1,11,0.8552631578947368
1867,009-2014,6,session_0,run_0,1,12,0.8492324561403508
1868,009-2014,6,session_0,run_0,1,13,0.8486842105263157
1869,009-2014,6,session_0,run_0,1,14,0.8464912280701755
1870,009-2014,6,session_0,run_0,1,15,0.8453947368421053
1871,009-2014,6,session_0,run_0,1,16,0.8475877192982457
1872,009-2014,6,session_0,run_0,2,1,0.9018640350877192
1873,009-2014,6,session_0,run_0,2,2,0.9248903508771928
1874,009-2014,6,session_0,run_0,2,3,0.9205043859649122
1875,009-2014,6,session_0,run_0,2,4,0.9205043859649122
1876,009-2014,6,session_0,run_0,2,5,0.912828947368421
1877,009-2014,6,session_0,run_0,2,6,0.9292763157894736
1878,009-2014,6,session_0,run_0,2,7,0.9353070175438597
1879,009-2014,6,session_0,run_0,2,8,0.9391447368421053
1880,009-2014,6,session_0,run_0,2,9,0.9385964912280702
1881,009-2014,6,session_0,run_0,2,10,0.9418859649122807
1882,009-2014,6,session_0,run_0,2,11,0.9413377192982456
1883,009-2014,6,session_0,run_0,2,12,0.9396929824561404
1884,009-2014,6,session_0,run_0,2,13,0.9391447368421053
1885,009-2014,6,session_0,run_0,2,14,0.9385964912280702
1886,009-2014,6,session_0,run_0,2,15,0.9375
1887,009-2014,6,session_0,run_0,2,16,0.9380482456140351
1888,009-2014,6,session_0,run_0,3,1,0.9172149122807016
1889,009-2014,6,session_0,run_0,3,2,0.9177631578947367
1890,009-2014,6,session_0,run_0,3,3,0.8908991228070174
1891,009-2014,6,session_0,run_0,3,4,0.9078947368421052
1892,009-2014,6,session_0,run_0,3,5,0.8941885964912281
1893,009-2014,6,session_0,run_0,3,6,0.9018640350877193
1894,009-2014,6,session_0,run_0,3,7,0.9144736842105263
1895,009-2014,6,session_0,run_0,3,8,0.9221491228070176
1896,009-2014,6,session_0,run_0,3,9,0.9216008771929824
1897,009-2014,6,session_0,run_0,3,10,0.9259868421052632
1898,009-2014,6,session_0,run_0,3,11,0.9259868421052632
1899,009-2014,6,session_0,run_0,3,12,0.9243421052631579
1900,009-2014,6,session_0,run_0,3,13,0.9265350877192982
1901,009-2014,6,session_0,run_0,3,14,0.925986842105263
1902,009-2014,6,session_0,run_0,3,15,0.9057017543859649
1903,009-2014,6,session_0,run_0,3,16,0.9057017543859649
1904,009-2014,6,session_0,run_0,4,1,0.8278508771929824
1905,009-2014,6,session_0,run_0,4,2,0.8591008771929824
1906,009-2014,6,session_0,run_0,4,3,0.8914473684210527
1907,009-2014,6,session_0,run_0,4,4,0.8991228070175439
1908,009-2014,6,session_0,run_0,4,5,0.8832236842105263
1909,009-2014,6,session_0,run_0,4,6,0.881030701754386
1910,009-2014,6,session_0,run_0,4,7,0.8843201754385964
1911,009-2014,6,session_0,run_0,4,8,0.8821271929824561
1912,009-2014,6,session_0,run_0,4,9,0.8760964912280701
1913,009-2014,6,session_0,run_0,4,10,0.8766447368421052
1914,009-2014,6,session_0,run_0,4,11,0.8788377192982456
1915,009-2014,6,session_0,run_0,4,12,0.8793859649122806
1916,009-2014,6,session_0,run_0,4,13,0.8843201754385964
1917,009-2014,6,session_0,run_0,4,14,0.8843201754385965
1918,009-2014,6,session_0,run_0,4,15,0.881578947368421
1919,009-2014,6,session_0,run_0,4,16,0.8826754385964912
1920,009-2014,6,session_1,run_0,0,1,0.9557291666666666
1921,009-2014,6,session_1,run_0,0,2,0.9421875
1922,009-2014,6,session_1,run_0,0,3,0.9286458333333333
1923,009-2014,6,session_1,run_0,0,4,0.9369791666666667
1924,009-2014,6,session_1,run_0,0,5,0.9187500000000001
1925,009-2014,6,session_1,run_0,0,6,0.9171875
1926,009-2014,6,session_1,run_0,0,7,0.9166666666666667
1927,009-2014,6,session_1,run_0,0,8,0.9161458333333334
1928,009-2014,6,session_1,run_0,0,9,0.9046875
1929,009-2014,6,session_1,run_0,0,10,0.9078125
1930,009-2014,6,session_1,run_0,0,11,0.9088541666666666
1931,009-2014,6,session_1,run_0,0,12,0.9052083333333333
1932,009-2014,6,session_1,run_0,0,13,0.9046875
1933,009-2014,6,session_1,run_0,0,14,0.9046875
1934,009-2014,6,session_1,run_0,0,15,0.9046875
1935,009-2014,6,session_1,run_0,0,16,0.909375
1936,009-2014,6,session_1,run_0,1,1,0.9512061403508771
1937,009-2014,6,session_1,run_0,1,2,0.9385964912280702
1938,009-2014,6,session_1,run_0,1,3,0.9364035087719298
1939,009-2014,6,session_1,run_0,1,4,0.9369517543859649
1940,009-2014,6,session_1,run_0,1,5,0.9418859649122806
1941,009-2014,6,session_1,run_0,1,6,0.944078947368421
1942,009-2014,6,session_1,run_0,1,7,0.9435307017543859
1943,009-2014,6,session_1,run_0,1,8,0.9446271929824561
1944,009-2014,6,session_1,run_0,1,9,0.9473684210526316
1945,009-2014,6,session_1,run_0,1,10,0.9451754385964912
1946,009-2014,6,session_1,run_0,1,11,0.944078947368421
1947,009-2014,6,session_1,run_0,1,12,0.944078947368421
1948,009-2014,6,session_1,run_0,1,13,0.944078947368421
1949,009-2014,6,session_1,run_0,1,14,0.9446271929824561
1950,009-2014,6,session_1,run_0,1,15,0.9446271929824561
1951,009-2014,6,session_1,run_0,1,16,0.9446271929824561
1952,009-2014,6,session_1,run_0,2,1,0.9588815789473685
1953,009-2014,6,session_1,run_0,2,2,0.949013157894737
1954,009-2014,6,session_1,run_0,2,3,0.9259868421052633
1955,009-2014,6,session_1,run_0,2,4,0.9155701754385964
1956,009-2014,6,session_1,run_0,2,5,0.9172149122807017
1957,009-2014,6,session_1,run_0,2,6,0.9111842105263157
1958,009-2014,6,session_1,run_0,2,7,0.9095394736842106
1959,009-2014,6,session_1,run_0,2,8,0.8925438596491229
1960,009-2014,6,session_1,run_0,2,9,0.8925438596491229
1961,009-2014,6,session_1,run_0,2,10,0.8843201754385964
1962,009-2014,6,session_1,run_0,2,11,0.8854166666666667
1963,009-2014,6,session_1,run_0,2,12,0.8859649122807018
1964,009-2014,6,session_1,run_0,2,13,0.8870614035087719
1965,009-2014,6,session_1,run_0,2,14,0.8865131578947368
1966,009-2014,6,session_1,run_0,2,15,0.8865131578947368
1967,009-2014,6,session_1,run_0,2,16,0.8848684210526315
1968,009-2014,6,session_1,run_0,3,1,0.9248903508771931
1969,009-2014,6,session_1,run_0,3,2,0.9479166666666666
1970,009-2014,6,session_1,run_0,3,3,0.9446271929824561
1971,009-2014,6,session_1,run_0,3,4,0.9391447368421053
1972,009-2014,6,session_1,run_0,3,5,0.9468201754385965
1973,009-2014,6,session_1,run_0,3,6,0.9512061403508772
1974,009-2014,6,session_1,run_0,3,7,0.9468201754385965
1975,009-2014,6,session_1,run_0,3,8,0.955592105263158
1976,009-2014,6,session_1,run_0,3,9,0.9435307017543859
1977,009-2014,6,session_1,run_0,3,10,0.9457236842105263
1978,009-2014,6,session_1,run_0,3,11,0.9446271929824561
1979,009-2014,6,session_1,run_0,3,12,0.9457236842105263
1980,009-2014,6,session_1,run_0,3,13,0.9468201754385965
1981,009-2014,6,session_1,run_0,3,14,0.9451754385964912
1982,009-2014,6,session_1,run_0,3,15,0.9457236842105263
1983,009-2014,6,session_1,run_0,3,16,0.9413377192982456
1984,009-2014,6,session_1,run_0,4,1,0.849780701754386
1985,009-2014,6,session_1,run_0,4,2,0.894188596491228
1986,009-2014,6,session_1,run_0,4,3,0.899671052631579
1987,009-2014,6,session_1,run_0,4,4,0.8980263157894737
1988,009-2014,6,session_1,run_0,4,5,0.906798245614035
1989,009-2014,6,session_1,run_0,4,6,0.9084429824561403
1990,009-2014,6,session_1,run_0,4,7,0.9013157894736842
1991,009-2014,6,session_1,run_0,4,8,0.9024122807017544
1992,009-2014,6,session_1,run_0,4,9,0.900219298245614
1993,009-2014,6,session_1,run_0,4,10,0.8974780701754386
1994,009-2014,6,session_1,run_0,4,11,0.8991228070175439
1995,009-2014,6,session_1,run_0,4,12,0.8991228070175439
1996,009-2014,6,session_1,run_0,4,13,0.8980263157894737
1997,009-2014,6,session_1,run_0,4,14,0.8980263157894737
1998,009-2014,6,session_1,run_0,4,15,0.8980263157894737
1999,009-2014,6,session_1,run_0,4,16,0.8985745614035088
2000,009-2014,6,session_2,run_0,0,1,0.928125
2001,009-2014,6,session_2,run_0,0,2,0.9578125
2002,009-2014,6,session_2,run_0,0,3,0.9666666666666667
2003,009-2014,6,session_2,run_0,0,4,0.9562499999999999
2004,009-2014,6,session_2,run_0,0,5,0.9703124999999999
2005,009-2014,6,session_2,run_0,0,6,0.9572916666666667
2006,009-2014,6,session_2,run_0,0,7,0.9578125
2007,009-2014,6,session_2,run_0,0,8,0.9536458333333333
2008,009-2014,6,session_2,run_0,0,9,0.9473958333333333
2009,009-2014,6,session_2,run_0,0,10,0.9489583333333333
2010,009-2014,6,session_2,run_0,0,11,0.9453125
2011,009-2014,6,session_2,run_0,0,12,0.9453125
2012,009-2014,6,session_2,run_0,0,13,0.9453125
2013,009-2014,6,session_2,run_0,0,14,0.9453124999999999
2014,009-2014,6,session_2,run_0,0,15,0.9479166666666666
2015,009-2014,6,session_2,run_0,0,16,0.9453125
2016,009-2014,6,session_2,run_0,1,1,0.9523026315789475
2017,009-2014,6,session_2,run_0,1,2,0.9468201754385965
2018,009-2014,6,session_2,run_0,1,3,0.9435307017543859
2019,009-2014,6,session_2,run_0,1,4,0.9298245614035088
2020,009-2014,6,session_2,run_0,1,5,0.9270833333333334
2021,009-2014,6,session_2,run_0,1,6,0.9287280701754386
2022,009-2014,6,session_2,run_0,1,7,0.9287280701754386
2023,009-2014,6,session_2,run_0,1,8,0.9265350877192983
2024,009-2014,6,session_2,run_0,1,9,0.9265350877192983
2025,009-2014,6,session_2,run_0,1,10,0.9270833333333334
2026,009-2014,6,session_2,run_0,1,11,0.9270833333333333
2027,009-2014,6,session_2,run_0,1,12,0.9314692982456141
2028,009-2014,6,session_2,run_0,1,13,0.9331140350877194
2029,009-2014,6,session_2,run_0,1,14,0.9320175438596492
2030,009-2014,6,session_2,run_0,1,15,0.9320175438596492
2031,009-2014,6,session_2,run_0,1,16,0.9292763157894737
2032,009-2014,6,session_2,run_0,2,1,0.9610745614035087
2033,009-2014,6,session_2,run_0,2,2,0.9588815789473684
2034,009-2014,6,session_2,run_0,2,3,0.9583333333333334
2035,009-2014,6,session_2,run_0,2,4,0.9561403508771931
2036,009-2014,6,session_2,run_0,2,5,0.9528508771929824
2037,009-2014,6,session_2,run_0,2,6,0.9479166666666666
2038,009-2014,6,session_2,run_0,2,7,0.9418859649122806
2039,009-2014,6,session_2,run_0,2,8,0.938048245614035
2040,009-2014,6,session_2,run_0,2,9,0.9331140350877193
2041,009-2014,6,session_2,run_0,2,10,0.9276315789473685
2042,009-2014,6,session_2,run_0,2,11,0.9243421052631579
2043,009-2014,6,session_2,run_0,2,12,0.925986842105263
2044,009-2014,6,session_2,run_0,2,13,0.9270833333333333
2045,009-2014,6,session_2,run_0,2,14,0.9265350877192982
2046,009-2014,6,session_2,run_0,2,15,0.9221491228070174
2047,009-2014,6,session_2,run_0,2,16,0.924890350877193
2048,009-2014,6,session_2,run_0,3,1,0.9298245614035088
2049,009-2014,6,session_2,run_0,3,2,0.9364035087719298
2050,009-2014,6,session_2,run_0,3,3,0.9155701754385964
2051,009-2014,6,session_2,run_0,3,4,0.919407894736842
2052,009-2014,6,session_2,run_0,3,5,0.9089912280701755
2053,009-2014,6,session_2,run_0,3,6,0.9067982456140351
2054,009-2014,6,session_2,run_0,3,7,0.9078947368421053
2055,009-2014,6,session_2,run_0,3,8,0.9095394736842105
2056,009-2014,6,session_2,run_0,3,9,0.9095394736842105
2057,009-2014,6,session_2,run_0,3,10,0.9007675438596491
2058,009-2014,6,session_2,run_0,3,11,0.900219298245614
2059,009-2014,6,session_2,run_0,3,12,0.8996710526315789
2060,009-2014,6,session_2,run_0,3,13,0.8980263157894737
2061,009-2014,6,session_2,run_0,3,14,0.9007675438596491
2062,009-2014,6,session_2,run_0,3,15,0.9007675438596491
2063,009-2014,6,session_2,run_0,3,16,0.9089912280701754
2064,009-2014,6,session_2,run_0,4,1,0.9418859649122806
2065,009-2014,6,session_2,run_0,4,2,0.974780701754386
2066,009-2014,6,session_2,run_0,4,3,0.9714912280701754
2067,009-2014,6,session_2,run_0,4,4,0.9632675438596492
2068,009-2014,6,session_2,run_0,4,5,0.9703947368421052
2069,009-2014,6,session_2,run_0,4,6,0.9758771929824561
2070,009-2014,6,session_2,run_0,4,7,0.975328947368421
2071,009-2014,6,session_2,run_0,4,8,0.9758771929824561
2072,009-2014,6,session_2,run_0,4,9,0.9769736842105263
2073,009-2014,6,session_2,run_0,4,10,0.9769736842105263
2074,009-2014,6,session_2,run_0,4,11,0.9731359649122807
2075,009-2014,6,session_2,run_0,4,12,0.9775219298245614
2076,009-2014,6,session_2,run_0,4,13,0.9797149122807018
2077,009-2014,6,session_2,run_0,4,14,0.9758771929824561
2078,009-2014,6,session_2,run_0,4,15,0.9725877192982456
2079,009-2014,6,session_2,run_0,4,16,0.9698464912280702
2080,009-2014,7,session_0,run_0,0,1,0.9697916666666667
2081,009-2014,7,session_0,run_0,0,2,0.9567708333333333
2082,009-2014,7,session_0,run_0,0,3,0.9536458333333333
2083,009-2014,7,session_0,run_0,0,4,0.9536458333333333
2084,009-2014,7,session_0,run_0,0,5,0.9588541666666667
2085,009-2014,7,session_0,run_0,0,6,0.9588541666666667
2086,009-2014,7,session_0,run_0,0,7,0.9609375
2087,009-2014,7,session_0,run_0,0,8,0.9458333333333333
2088,009-2014,7,session_0,run_0,0,9,0.9526041666666667
2089,009-2014,7,session_0,run_0,0,10,0.9468749999999999
2090,009-2014,7,session_0,run_0,0,11,0.946875
2091,009-2014,7,session_0,run_0,0,12,0.946875
2092,009-2014,7,session_0,run_0,0,13,0.9463541666666666
2093,009-2014,7,session_0,run_0,0,14,0.9447916666666666
2094,009-2014,7,session_0,run_0,0,15,0.9458333333333333
2095,009-2014,7,session_0,run_0,0,16,0.9453125
2096,009-2014,7,session_0,run_0,1,1,0.9353070175438596
2097,009-2014,7,session_0,run_0,1,2,0.9424342105263157
2098,009-2014,7,session_0,run_0,1,3,0.9413377192982455
2099,009-2014,7,session_0,run_0,1,4,0.9429824561403508
2100,009-2014,7,session_0,run_0,1,5,0.9451754385964912
2101,009-2014,7,session_0,run_0,1,6,0.9692982456140351
2102,009-2014,7,session_0,run_0,1,7,0.955592105263158
2103,009-2014,7,session_0,run_0,1,8,0.9566885964912281
2104,009-2014,7,session_0,run_0,1,9,0.9610745614035088
2105,009-2014,7,session_0,run_0,1,10,0.9616228070175439
2106,009-2014,7,session_0,run_0,1,11,0.9616228070175439
2107,009-2014,7,session_0,run_0,1,12,0.962719298245614
2108,009-2014,7,session_0,run_0,1,13,0.962719298245614
2109,009-2014,7,session_0,run_0,1,14,0.9627192982456141
2110,009-2014,7,session_0,run_0,1,15,0.9638157894736843
2111,009-2014,7,session_0,run_0,1,16,0.9660087719298246
2112,009-2014,7,session_0,run_0,2,1,0.9786184210526315
2113,009-2014,7,session_0,run_0,2,2,0.9599780701754386
2114,009-2014,7,session_0,run_0,2,3,0.9429824561403509
2115,009-2014,7,session_0,run_0,2,4,0.9364035087719298
2116,009-2014,7,session_0,run_0,2,5,0.9572368421052632
2117,009-2014,7,session_0,run_0,2,6,0.9533991228070176
2118,009-2014,7,session_0,run_0,2,7,0.9539473684210525
2119,009-2014,7,session_0,run_0,2,8,0.9632675438596491
2120,009-2014,7,session_0,run_0,2,9,0.9632675438596491
2121,009-2014,7,session_0,run_0,2,10,0.9638157894736842
2122,009-2014,7,session_0,run_0,2,11,0.9599780701754386
2123,009-2014,7,session_0,run_0,2,12,0.9588815789473684
2124,009-2014,7,session_0,run_0,2,13,0.9572368421052632
2125,009-2014,7,session_0,run_0,2,14,0.9418859649122807
2126,009-2014,7,session_0,run_0,2,15,0.9424342105263157
2127,009-2014,7,session_0,run_0,2,16,0.9396929824561403
2128,009-2014,7,session_0,run_0,3,1,0.9336622807017544
2129,009-2014,7,session_0,run_0,3,2,0.9303728070175439
2130,009-2014,7,session_0,run_0,3,3,0.9320175438596492
2131,009-2014,7,session_0,run_0,3,4,0.9089912280701755
2132,009-2014,7,session_0,run_0,3,5,0.912828947368421
2133,009-2014,7,session_0,run_0,3,6,0.8952850877192983
2134,009-2014,7,session_0,run_0,3,7,0.8695175438596492
2135,009-2014,7,session_0,run_0,3,8,0.8514254385964912
2136,009-2014,7,session_0,run_0,3,9,0.8508771929824561
2137,009-2014,7,session_0,run_0,3,10,0.8508771929824561
2138,009-2014,7,session_0,run_0,3,11,0.856359649122807
2139,009-2014,7,session_0,run_0,3,12,0.856907894736842
2140,009-2014,7,session_0,run_0,3,13,0.862390350877193
2141,009-2014,7,session_0,run_0,3,14,0.8733552631578949
2142,009-2014,7,session_0,run_0,3,15,0.8793859649122806
2143,009-2014,7,session_0,run_0,3,16,0.8788377192982456
2144,009-2014,7,session_0,run_0,4,1,0.8832236842105263
2145,009-2014,7,session_0,run_0,4,2,0.9024122807017544
2146,009-2014,7,session_0,run_0,4,3,0.8941885964912281
2147,009-2014,7,session_0,run_0,4,4,0.8898026315789473
2148,009-2014,7,session_0,run_0,4,5,0.8837719298245613
2149,009-2014,7,session_0,run_0,4,6,0.8881578947368421
2150,009-2014,7,session_0,run_0,4,7,0.8908991228070176
2151,009-2014,7,session_0,run_0,4,8,0.8903508771929823
2152,009-2014,7,session_0,run_0,4,9,0.8865131578947368
2153,009-2014,7,session_0,run_0,4,10,0.8898026315789473
2154,009-2014,7,session_0,run_0,4,11,0.8859649122807017
2155,009-2014,7,session_0,run_0,4,12,0.8919956140350876
2156,009-2014,7,session_0,run_0,4,13,0.8892543859649122
2157,009-2014,7,session_0,run_0,4,14,0.8887061403508771
2158,009-2014,7,session_0,run_0,4,15,0.8876096491228069
2159,009-2014,7,session_0,run_0,4,16,0.8804824561403508
2160,009-2014,7,session_1,run_0,0,1,0.9161458333333333
2161,009-2014,7,session_1,run_0,0,2,0.9369791666666667
2162,009-2014,7,session_1,run_0,0,3,0.934375
2163,009-2014,7,session_1,run_0,0,4,0.9276041666666667
2164,009-2014,7,session_1,run_0,0,5,0.9114583333333333
2165,009-2014,7,session_1,run_0,0,6,0.9255208333333333
2166,009-2014,7,session_1,run_0,0,7,0.928125
2167,009-2014,7,session_1,run_0,0,8,0.9218749999999999
2168,009-2014,7,session_1,run_0,0,9,0.9229166666666667
2169,009-2014,7,session_1,run_0,0,10,0.9234375
2170,009-2014,7,session_1,run_0,0,11,0.9229166666666667
2171,009-2014,7,session_1,run_0,0,12,0.928125
2172,009-2014,7,session_1,run_0,0,13,0.9375
2173,009-2014,7,session_1,run_0,0,14,0.9348958333333334
2174,009-2014,7,session_1,run_0,0,15,0.9375
2175,009-2014,7,session_1,run_0,0,16,0.9359375000000001
2176,009-2014,7,session_1,run_0,1,1,0.9462719298245614
2177,009-2014,7,session_1,run_0,1,2,0.949013157894737
2178,009-2014,7,session_1,run_0,1,3,0.9512061403508771
2179,009-2014,7,session_1,run_0,1,4,0.9512061403508771
2180,009-2014,7,session_1,run_0,1,5,0.9512061403508771
2181,009-2014,7,session_1,run_0,1,6,0.9523026315789473
2182,009-2014,7,session_1,run_0,1,7,0.9588815789473685
2183,009-2014,7,session_1,run_0,1,8,0.9665570175438596
2184,009-2014,7,session_1,run_0,1,9,0.9698464912280702
2185,009-2014,7,session_1,run_0,1,10,0.9660087719298245
2186,009-2014,7,session_1,run_0,1,11,0.9643640350877194
2187,009-2014,7,session_1,run_0,1,12,0.9632675438596492
2188,009-2014,7,session_1,run_0,1,13,0.962171052631579
2189,009-2014,7,session_1,run_0,1,14,0.962171052631579
2190,009-2014,7,session_1,run_0,1,15,0.9638157894736842
2191,009-2014,7,session_1,run_0,1,16,0.9632675438596492
2192,009-2014,7,session_1,run_0,2,1,0.9446271929824561
2193,009-2014,7,session_1,run_0,2,2,0.9342105263157895
2194,009-2014,7,session_1,run_0,2,3,0.9342105263157895
2195,009-2014,7,session_1,run_0,2,4,0.9243421052631579
2196,009-2014,7,session_1,run_0,2,5,0.9281798245614035
2197,009-2014,7,session_1,run_0,2,6,0.9473684210526316
2198,009-2014,7,session_1,run_0,2,7,0.9424342105263157
2199,009-2014,7,session_1,run_0,2,8,0.9468201754385965
2200,009-2014,7,session_1,run_0,2,9,0.9495614035087719
2201,009-2014,7,session_1,run_0,2,10,0.950109649122807
2202,009-2014,7,session_1,run_0,2,11,0.9490131578947368
2203,009-2014,7,session_1,run_0,2,12,0.9512061403508771
2204,009-2014,7,session_1,run_0,2,13,0.9523026315789473
2205,009-2014,7,session_1,run_0,2,14,0.9495614035087719
2206,009-2014,7,session_1,run_0,2,15,0.9479166666666666
2207,009-2014,7,session_1,run_0,2,16,0.9457236842105263
2208,009-2014,7,session_1,run_0,3,1,0.9380482456140351
2209,009-2014,7,session_1,run_0,3,2,0.9484649122807017
2210,009-2014,7,session_1,run_0,3,3,0.9380482456140351
2211,009-2014,7,session_1,run_0,3,4,0.9512061403508772
2212,009-2014,7,session_1,run_0,3,5,0.9468201754385964
2213,009-2014,7,session_1,run_0,3,6,0.9490131578947368
2214,009-2014,7,session_1,run_0,3,7,0.9468201754385965
2215,009-2014,7,session_1,run_0,3,8,0.950109649122807
2216,009-2014,7,session_1,run_0,3,9,0.9468201754385965
2217,009-2014,7,session_1,run_0,3,10,0.9457236842105263
2218,009-2014,7,session_1,run_0,3,11,0.9446271929824561
2219,009-2014,7,session_1,run_0,3,12,0.9451754385964912
2220,009-2014,7,session_1,run_0,3,13,0.9451754385964912
2221,009-2014,7,session_1,run_0,3,14,0.9462719298245613
2222,009-2014,7,session_1,run_0,3,15,0.9391447368421053
2223,009-2014,7,session_1,run_0,3,16,0.9369517543859649
2224,009-2014,7,session_1,run_0,4,1,0.8525219298245613
2225,009-2014,7,session_1,run_0,4,2,0.8190789473684211
2226,009-2014,7,session_1,run_0,4,3,0.8541666666666666
2227,009-2014,7,session_1,run_0,4,4,0.8645833333333333
2228,009-2014,7,session_1,run_0,4,5,0.8629385964912281
2229,009-2014,7,session_1,run_0,4,6,0.8678728070175439
2230,009-2014,7,session_1,run_0,4,7,0.8695175438596492
2231,009-2014,7,session_1,run_0,4,8,0.8717105263157895
2232,009-2014,7,session_1,run_0,4,9,0.8706140350877193
2233,009-2014,7,session_1,run_0,4,10,0.8711622807017544
2234,009-2014,7,session_1,run_0,4,11,0.8706140350877194
2235,009-2014,7,session_1,run_0,4,12,0.8717105263157895
2236,009-2014,7,session_1,run_0,4,13,0.8826754385964912
2237,009-2014,7,session_1,run_0,4,14,0.8837719298245614
2238,009-2014,7,session_1,run_0,4,15,0.8843201754385965
2239,009-2014,7,session_1,run_0,4,16,0.8843201754385965
2240,009-2014,7,session_2,run_0,0,1,0.9229166666666666
2241,009-2014,7,session_2,run_0,0,2,0.8671875
2242,009-2014,7,session_2,run_0,0,3,0.8666666666666667
2243,009-2014,7,session_2,run_0,0,4,0.875
2244,009-2014,7,session_2,run_0,0,5,0.8338541666666666
2245,009-2014,7,session_2,run_0,0,6,0.8255208333333334
2246,009-2014,7,session_2,run_0,0,7,0.8270833333333333
2247,009-2014,7,session_2,run_0,0,8,0.8270833333333333
2248,009-2014,7,session_2,run_0,0,9,0.8239583333333333
2249,009-2014,7,session_2,run_0,0,10,0.8208333333333333
2250,009-2014,7,session_2,run_0,0,11,0.8234374999999999
2251,009-2014,7,session_2,run_0,0,12,0.8234374999999999
2252,009-2014,7,session_2,run_0,0,13,0.815625
2253,009-2014,7,session_2,run_0,0,14,0.8276041666666667
2254,009-2014,7,session_2,run_0,0,15,0.8255208333333334
2255,009-2014,7,session_2,run_0,0,16,0.8234375
2256,009-2014,7,session_2,run_0,1,1,0.924890350877193
2257,009-2014,7,session_2,run_0,1,2,0.9040570175438597
2258,009-2014,7,session_2,run_0,1,3,0.9024122807017545
2259,009-2014,7,session_2,run_0,1,4,0.9018640350877193
2260,009-2014,7,session_2,run_0,1,5,0.9013157894736842
2261,009-2014,7,session_2,run_0,1,6,0.9078947368421053
2262,009-2014,7,session_2,run_0,1,7,0.9336622807017545
2263,009-2014,7,session_2,run_0,1,8,0.9298245614035088
2264,009-2014,7,session_2,run_0,1,9,0.9353070175438596
2265,009-2014,7,session_2,run_0,1,10,0.9353070175438597
2266,009-2014,7,session_2,run_0,1,11,0.912828947368421
2267,009-2014,7,session_2,run_0,1,12,0.8963815789473684
2268,009-2014,7,session_2,run_0,1,13,0.881578947368421
2269,009-2014,7,session_2,run_0,1,14,0.8481359649122806
2270,009-2014,7,session_2,run_0,1,15,0.8453947368421052
2271,009-2014,7,session_2,run_0,1,16,0.8399122807017544
2272,009-2014,7,session_2,run_0,2,1,0.8958333333333333
2273,009-2014,7,session_2,run_0,2,2,0.899671052631579
2274,009-2014,7,session_2,run_0,2,3,0.9144736842105263
2275,009-2014,7,session_2,run_0,2,4,0.9161184210526315
2276,009-2014,7,session_2,run_0,2,5,0.918859649122807
2277,009-2014,7,session_2,run_0,2,6,0.8766447368421052
2278,009-2014,7,session_2,run_0,2,7,0.8832236842105263
2279,009-2014,7,session_2,run_0,2,8,0.9117324561403508
2280,009-2014,7,session_2,run_0,2,9,0.9122807017543859
2281,009-2014,7,session_2,run_0,2,10,0.9254385964912281
2282,009-2014,7,session_2,run_0,2,11,0.9210526315789473
2283,009-2014,7,session_2,run_0,2,12,0.9221491228070176
2284,009-2014,7,session_2,run_0,2,13,0.9281798245614035
2285,009-2014,7,session_2,run_0,2,14,0.9287280701754386
2286,009-2014,7,session_2,run_0,2,15,0.9243421052631579
2287,009-2014,7,session_2,run_0,2,16,0.9237938596491228
2288,009-2014,7,session_2,run_0,3,1,0.8854166666666666
2289,009-2014,7,session_2,run_0,3,2,0.8695175438596492
2290,009-2014,7,session_2,run_0,3,3,0.8448464912280702
2291,009-2014,7,session_2,run_0,3,4,0.8459429824561403
2292,009-2014,7,session_2,run_0,3,5,0.8470394736842105
2293,009-2014,7,session_2,run_0,3,6,0.8470394736842105
2294,009-2014,7,session_2,run_0,3,7,0.8629385964912281
2295,009-2014,7,session_2,run_0,3,8,0.8640350877192982
2296,009-2014,7,session_2,run_0,3,9,0.8634868421052632
2297,009-2014,7,session_2,run_0,3,10,0.8519736842105263
2298,009-2014,7,session_2,run_0,3,11,0.8481359649122807
2299,009-2014,7,session_2,run_0,3,12,0.8475877192982456
2300,009-2014,7,session_2,run_0,3,13,0.8475877192982456
2301,009-2014,7,session_2,run_0,3,14,0.8481359649122807
2302,009-2014,7,session_2,run_0,3,15,0.8453947368421052
2303,009-2014,7,session_2,run_0,3,16,0.844298245614035
2304,009-2014,7,session_2,run_0,4,1,0.84375
2305,009-2014,7,session_2,run_0,4,2,0.8464912280701755
2306,009-2014,7,session_2,run_0,4,3,0.8475877192982456
2307,009-2014,7,session_2,run_0,4,4,0.743421052631579
2308,009-2014,7,session_2,run_0,4,5,0.7713815789473684
2309,009-2014,7,session_2,run_0,4,6,0.7746710526315789
2310,009-2014,7,session_2,run_0,4,7,0.7735745614035088
2311,009-2014,7,session_2,run_0,4,8,0.7823464912280702
2312,009-2014,7,session_2,run_0,4,9,0.7856359649122806
2313,009-2014,7,session_2,run_0,4,10,0.7796052631578947
2314,009-2014,7,session_2,run_0,4,11,0.7801535087719298
2315,009-2014,7,session_2,run_0,4,12,0.7779605263157895
2316,009-2014,7,session_2,run_0,4,13,0.7790570175438596
2317,009-2014,7,session_2,run_0,4,14,0.7774122807017544
2318,009-2014,7,session_2,run_0,4,15,0.7796052631578947
2319,009-2014,7,session_2,run_0,4,16,0.7785087719298245
2320,009-2014,8,session_0,run_0,0,1,0.9671875
2321,009-2014,8,session_0,run_0,0,2,0.9791666666666666
2322,009-2014,8,session_0,run_0,0,3,0.9786458333333333
2323,009-2014,8,session_0,run_0,0,4,0.971875
2324,009-2014,8,session_0,run_0,0,5,0.9697916666666666
2325,009-2014,8,session_0,run_0,0,6,0.9624999999999999
2326,009-2014,8,session_0,run_0,0,7,0.9635416666666666
2327,009-2014,8,session_0,run_0,0,8,0.9625
2328,009-2014,8,session_0,run_0,0,9,0.9625
2329,009-2014,8,session_0,run_0,0,10,0.9604166666666667
2330,009-2014,8,session_0,run_0,0,11,0.9703124999999999
2331,009-2014,8,session_0,run_0,0,12,0.9671875000000001
2332,009-2014,8,session_0,run_0,0,13,0.9671875
2333,009-2014,8,session_0,run_0,0,14,0.9682291666666667
2334,009-2014,8,session_0,run_0,0,15,0.9692708333333333
2335,009-2014,8,session_0,run_0,0,16,0.9651041666666667
2336,009-2014,8,session_0,run_0,1,1,0.9725877192982456
2337,009-2014,8,session_0,run_0,1,2,0.9846491228070176
2338,009-2014,8,session_0,run_0,1,3,0.9824561403508772
2339,009-2014,8,session_0,run_0,1,4,0.9791666666666667
2340,009-2014,8,session_0,run_0,1,5,0.9736842105263158
2341,009-2014,8,session_0,run_0,1,6,0.9720394736842106
2342,009-2014,8,session_0,run_0,1,7,0.9698464912280702
2343,009-2014,8,session_0,run_0,1,8,0.9627192982456141
2344,009-2014,8,session_0,run_0,1,9,0.9583333333333334
2345,009-2014,8,session_0,run_0,1,10,0.9588815789473685
2346,009-2014,8,session_0,run_0,1,11,0.9588815789473685
2347,009-2014,8,session_0,run_0,1,12,0.9566885964912281
2348,009-2014,8,session_0,run_0,1,13,0.9583333333333333
2349,009-2014,8,session_0,run_0,1,14,0.9501096491228069
2350,009-2014,8,session_0,run_0,1,15,0.9490131578947367
2351,009-2014,8,session_0,run_0,1,16,0.9490131578947367
2352,009-2014,8,session_0,run_0,2,1,0.9292763157894737
2353,009-2014,8,session_0,run_0,2,2,0.9407894736842105
2354,009-2014,8,session_0,run_0,2,3,0.943530701754386
2355,009-2014,8,session_0,run_0,2,4,0.9451754385964912
2356,009-2014,8,session_0,run_0,2,5,0.9599780701754386
2357,009-2014,8,session_0,run_0,2,6,0.9457236842105263
2358,009-2014,8,session_0,run_0,2,7,0.9391447368421053
2359,009-2014,8,session_0,run_0,2,8,0.9325657894736843
2360,009-2014,8,session_0,run_0,2,9,0.925438596491228
2361,009-2014,8,session_0,run_0,2,10,0.9303728070175439
2362,009-2014,8,session_0,run_0,2,11,0.9320175438596491
2363,009-2014,8,session_0,run_0,2,12,0.9303728070175438
2364,009-2014,8,session_0,run_0,2,13,0.9298245614035087
2365,009-2014,8,session_0,run_0,2,14,0.930921052631579
2366,009-2014,8,session_0,run_0,2,15,0.9303728070175439
2367,009-2014,8,session_0,run_0,2,16,0.9281798245614035
2368,009-2014,8,session_0,run_0,3,1,0.9665570175438596
2369,009-2014,8,session_0,run_0,3,2,0.9473684210526315
2370,009-2014,8,session_0,run_0,3,3,0.9375
2371,009-2014,8,session_0,run_0,3,4,0.9429824561403509
2372,009-2014,8,session_0,run_0,3,5,0.9451754385964912
2373,009-2014,8,session_0,run_0,3,6,0.9484649122807017
2374,009-2014,8,session_0,run_0,3,7,0.9424342105263157
2375,009-2014,8,session_0,run_0,3,8,0.9331140350877194
2376,009-2014,8,session_0,run_0,3,9,0.9375000000000001
2377,009-2014,8,session_0,run_0,3,10,0.9380482456140351
2378,009-2014,8,session_0,run_0,3,11,0.9385964912280701
2379,009-2014,8,session_0,run_0,3,12,0.9429824561403508
2380,009-2014,8,session_0,run_0,3,13,0.9429824561403508
2381,009-2014,8,session_0,run_0,3,14,0.9462719298245614
2382,009-2014,8,session_0,run_0,3,15,0.9495614035087719
2383,009-2014,8,session_0,run_0,3,16,0.9479166666666667
2384,009-2014,8,session_0,run_0,4,1,0.8919956140350878
2385,009-2014,8,session_0,run_0,4,2,0.9216008771929824
2386,009-2014,8,session_0,run_0,4,3,0.9281798245614035
2387,009-2014,8,session_0,run_0,4,4,0.9320175438596491
2388,009-2014,8,session_0,run_0,4,5,0.9320175438596492
2389,009-2014,8,session_0,run_0,4,6,0.9325657894736842
2390,009-2014,8,session_0,run_0,4,7,0.9391447368421052
2391,009-2014,8,session_0,run_0,4,8,0.9380482456140351
2392,009-2014,8,session_0,run_0,4,9,0.9199561403508771
2393,009-2014,8,session_0,run_0,4,10,0.9287280701754386
2394,009-2014,8,session_0,run_0,4,11,0.9358552631578947
2395,009-2014,8,session_0,run_0,4,12,0.9287280701754386
2396,009-2014,8,session_0,run_0,4,13,0.925986842105263
2397,009-2014,8,session_0,run_0,4,14,0.9281798245614036
2398,009-2014,8,session_0,run_0,4,15,0.9276315789473684
2399,009-2014,8,session_0,run_0,4,16,0.9259868421052632
2400,009-2014,8,session_1,run_0,0,1,0.9755208333333334
2401,009-2014,8,session_1,run_0,0,2,0.9624999999999999
2402,009-2014,8,session_1,run_0,0,3,0.9369791666666667
2403,009-2014,8,session_1,run_0,0,4,0.9604166666666667
2404,009-2014,8,session_1,run_0,0,5,0.9604166666666667
2405,009-2014,8,session_1,run_0,0,6,0.9588541666666666
2406,009-2014,8,session_1,run_0,0,7,0.9510416666666667
2407,009-2014,8,session_1,run_0,0,8,0.9494791666666667
2408,009-2014,8,session_1,run_0,0,9,0.9552083333333332
2409,009-2014,8,session_1,run_0,0,10,0.9526041666666667
2410,009-2014,8,session_1,run_0,0,11,0.9541666666666666
2411,009-2014,8,session_1,run_0,0,12,0.9578125
2412,009-2014,8,session_1,run_0,0,13,0.9562499999999999
2413,009-2014,8,session_1,run_0,0,14,0.95625
2414,009-2014,8,session_1,run_0,0,15,0.9562499999999999
2415,009-2014,8,session_1,run_0,0,16,0.9567708333333332
2416,009-2014,8,session_1,run_0,1,1,0.9385964912280701
2417,009-2014,8,session_1,run_0,1,2,0.9205043859649124
2418,009-2014,8,session_1,run_0,1,3,0.9150219298245613
2419,009-2014,8,session_1,run_0,1,4,0.9007675438596492
2420,009-2014,8,session_1,run_0,1,5,0.9139254385964912
2421,009-2014,8,session_1,run_0,1,6,0.9199561403508771
2422,009-2014,8,session_1,run_0,1,7,0.9216008771929824
2423,009-2014,8,session_1,run_0,1,8,0.9281798245614036
2424,009-2014,8,session_1,run_0,1,9,0.9325657894736843
2425,009-2014,8,session_1,run_0,1,10,0.931469298245614
2426,009-2014,8,session_1,run_0,1,11,0.930921052631579
2427,009-2014,8,session_1,run_0,1,12,0.9303728070175439
2428,009-2014,8,session_1,run_0,1,13,0.9298245614035088
2429,009-2014,8,session_1,run_0,1,14,0.9287280701754386
2430,009-2014,8,session_1,run_0,1,15,0.9287280701754386
2431,009-2014,8,session_1,run_0,1,16,0.9281798245614035
2432,009-2014,8,session_1,run_0,2,1,0.9024122807017544
2433,009-2014,8,session_1,run_0,2,2,0.8366228070175438
2434,009-2014,8,session_1,run_0,2,3,0.8053728070175438
2435,009-2014,8,session_1,run_0,2,4,0.7944078947368421
2436,009-2014,8,session_1,run_0,2,5,0.8245614035087719
2437,009-2014,8,session_1,run_0,2,6,0.8240131578947368
2438,009-2014,8,session_1,run_0,2,7,0.8229166666666666
2439,009-2014,8,session_1,run_0,2,8,0.8240131578947368
2440,009-2014,8,session_1,run_0,2,9,0.8245614035087718
2441,009-2014,8,session_1,run_0,2,10,0.8256578947368421
2442,009-2014,8,session_1,run_0,2,11,0.8256578947368421
2443,009-2014,8,session_1,run_0,2,12,0.8267543859649122
2444,009-2014,8,session_1,run_0,2,13,0.8273026315789472
2445,009-2014,8,session_1,run_0,2,14,0.8081140350877194
2446,009-2014,8,session_1,run_0,2,15,0.8086622807017544
2447,009-2014,8,session_1,run_0,2,16,0.8086622807017543
2448,009-2014,8,session_1,run_0,3,1,0.9435307017543859
2449,009-2014,8,session_1,run_0,3,2,0.9100877192982456
2450,009-2014,8,session_1,run_0,3,3,0.9232456140350878
2451,009-2014,8,session_1,run_0,3,4,0.9100877192982455
2452,009-2014,8,session_1,run_0,3,5,0.9166666666666667
2453,009-2014,8,session_1,run_0,3,6,0.9161184210526316
2454,009-2014,8,session_1,run_0,3,7,0.9298245614035088
2455,009-2014,8,session_1,run_0,3,8,0.9292763157894737
2456,009-2014,8,session_1,run_0,3,9,0.9216008771929824
2457,009-2014,8,session_1,run_0,3,10,0.9205043859649122
2458,009-2014,8,session_1,run_0,3,11,0.919407894736842
2459,009-2014,8,session_1,run_0,3,12,0.9226973684210527
2460,009-2014,8,session_1,run_0,3,13,0.9270833333333333
2461,009-2014,8,session_1,run_0,3,14,0.9221491228070174
2462,009-2014,8,session_1,run_0,3,15,0.9265350877192982
2463,009-2014,8,session_1,run_0,3,16,0.9259868421052633
2464,009-2014,8,session_1,run_0,4,1,0.9484649122807018
2465,009-2014,8,session_1,run_0,4,2,0.9259868421052632
2466,009-2014,8,session_1,run_0,4,3,0.9342105263157894
2467,009-2014,8,session_1,run_0,4,4,0.9336622807017545
2468,009-2014,8,session_1,run_0,4,5,0.9331140350877193
2469,009-2014,8,session_1,run_0,4,6,0.9413377192982457
2470,009-2014,8,session_1,run_0,4,7,0.9391447368421053
2471,009-2014,8,session_1,run_0,4,8,0.9369517543859649
2472,009-2014,8,session_1,run_0,4,9,0.9342105263157894
2473,009-2014,8,session_1,run_0,4,10,0.9347587719298247
2474,009-2014,8,session_1,run_0,4,11,0.9237938596491228
2475,009-2014,8,session_1,run_0,4,12,0.9237938596491228
2476,009-2014,8,session_1,run_0,4,13,0.9237938596491228
2477,009-2014,8,session_1,run_0,4,14,0.924890350877193
2478,009-2014,8,session_1,run_0,4,15,0.924890350877193
2479,009-2014,8,session_1,run_0,4,16,0.9276315789473685
2480,009-2014,8,session_2,run_0,0,1,0.9661458333333334
2481,009-2014,8,session_2,run_0,0,2,0.9666666666666667
2482,009-2014,8,session_2,run_0,0,3,0.9552083333333332
2483,009-2014,8,session_2,run_0,0,4,0.9416666666666667
2484,009-2014,8,session_2,run_0,0,5,0.9380208333333333
2485,009-2014,8,session_2,run_0,0,6,0.9307291666666666
2486,009-2014,8,session_2,run_0,0,7,0.9380208333333334
2487,009-2014,8,session_2,run_0,0,8,0.9406249999999999
2488,009-2014,8,session_2,run_0,0,9,0.9442708333333333
2489,009-2014,8,session_2,run_0,0,10,0.9432291666666667
2490,009-2014,8,session_2,run_0,0,11,0.9432291666666667
2491,009-2014,8,session_2,run_0,0,12,0.94375
2492,009-2014,8,session_2,run_0,0,13,0.9432291666666667
2493,009-2014,8,session_2,run_0,0,14,0.9416666666666667
2494,009-2014,8,session_2,run_0,0,15,0.940625
2495,009-2014,8,session_2,run_0,0,16,0.9401041666666667
2496,009-2014,8,session_2,run_0,1,1,0.9117324561403509
2497,009-2014,8,session_2,run_0,1,2,0.8969298245614035
2498,009-2014,8,session_2,run_0,1,3,0.8865131578947367
2499,009-2014,8,session_2,run_0,1,4,0.8267543859649124
2500,009-2014,8,session_2,run_0,1,5,0.8311403508771931
2501,009-2014,8,session_2,run_0,1,6,0.8404605263157895
2502,009-2014,8,session_2,run_0,1,7,0.850877192982456
2503,009-2014,8,session_2,run_0,1,8,0.8503289473684209
2504,009-2014,8,session_2,run_0,1,9,0.8519736842105263
2505,009-2014,8,session_2,run_0,1,10,0.8514254385964911
2506,009-2014,8,session_2,run_0,1,11,0.8349780701754386
2507,009-2014,8,session_2,run_0,1,12,0.8366228070175439
2508,009-2014,8,session_2,run_0,1,13,0.8475877192982456
2509,009-2014,8,session_2,run_0,1,14,0.8448464912280701
2510,009-2014,8,session_2,run_0,1,15,0.8464912280701754
2511,009-2014,8,session_2,run_0,1,16,0.8475877192982455
2512,009-2014,8,session_2,run_0,2,1,0.850328947368421
2513,009-2014,8,session_2,run_0,2,2,0.8262061403508771
2514,009-2014,8,session_2,run_0,2,3,0.8459429824561403
2515,009-2014,8,session_2,run_0,2,4,0.8459429824561402
2516,009-2014,8,session_2,run_0,2,5,0.8437500000000001
2517,009-2014,8,session_2,run_0,2,6,0.8327850877192982
2518,009-2014,8,session_2,run_0,2,7,0.8322368421052632
2519,009-2014,8,session_2,run_0,2,8,0.8327850877192982
2520,009-2014,8,session_2,run_0,2,9,0.8338815789473685
2521,009-2014,8,session_2,run_0,2,10,0.8300438596491229
2522,009-2014,8,session_2,run_0,2,11,0.837171052631579
2523,009-2014,8,session_2,run_0,2,12,0.8393640350877193
2524,009-2014,8,session_2,run_0,2,13,0.8388157894736843
2525,009-2014,8,session_2,run_0,2,14,0.8399122807017544
2526,009-2014,8,session_2,run_0,2,15,0.8399122807017543
2527,009-2014,8,session_2,run_0,2,16,0.8360745614035088
2528,009-2014,8,session_2,run_0,3,1,0.8799342105263157
2529,009-2014,8,session_2,run_0,3,2,0.8459429824561404
2530,009-2014,8,session_2,run_0,3,3,0.8558114035087719
2531,009-2014,8,session_2,run_0,3,4,0.8629385964912281
2532,009-2014,8,session_2,run_0,3,5,0.8591008771929823
2533,009-2014,8,session_2,run_0,3,6,0.8733552631578947
2534,009-2014,8,session_2,run_0,3,7,0.8711622807017544
2535,009-2014,8,session_2,run_0,3,8,0.8755482456140351
2536,009-2014,8,session_2,run_0,3,9,0.8826754385964912
2537,009-2014,8,session_2,run_0,3,10,0.8771929824561404
2538,009-2014,8,session_2,run_0,3,11,0.8645833333333334
2539,009-2014,8,session_2,run_0,3,12,0.8591008771929824
2540,009-2014,8,session_2,run_0,3,13,0.8596491228070176
2541,009-2014,8,session_2,run_0,3,14,0.8519736842105262
2542,009-2014,8,session_2,run_0,3,15,0.8525219298245614
2543,009-2014,8,session_2,run_0,3,16,0.849780701754386
2544,009-2014,8,session_2,run_0,4,1,0.8338815789473684
2545,009-2014,8,session_2,run_0,4,2,0.8092105263157895
2546,009-2014,8,session_2,run_0,4,3,0.793311403508772
2547,009-2014,8,session_2,run_0,4,4,0.8064692982456141
2548,009-2014,8,session_2,run_0,4,5,0.8130482456140351
2549,009-2014,8,session_2,run_0,4,6,0.7894736842105263
2550,009-2014,8,session_2,run_0,4,7,0.7872807017543859
2551,009-2014,8,session_2,run_0,4,8,0.787280701754386
2552,009-2014,8,session_2,run_0,4,9,0.8048245614035088
2553,009-2014,8,session_2,run_0,4,10,0.8015350877192983
2554,009-2014,8,session_2,run_0,4,11,0.7966008771929824
2555,009-2014,8,session_2,run_0,4,12,0.7752192982456141
2556,009-2014,8,session_2,run_0,4,13,0.7719298245614035
2557,009-2014,8,session_2,run_0,4,14,0.7669956140350878
2558,009-2014,8,session_2,run_0,4,15,0.7845394736842105
2559,009-2014,8,session_2,run_0,4,16,0.787280701754386
2560,009-2014,9,session_0,run_0,0,1,0.9692708333333333
2561,009-2014,9,session_0,run_0,0,2,0.9822916666666667
2562,009-2014,9,session_0,run_0,0,3,0.9822916666666667
2563,009-2014,9,session_0,run_0,0,4,0.9885416666666667
2564,009-2014,9,session_0,run_0,0,5,0.9869791666666666
2565,009-2014,9,session_0,run_0,0,6,0.984375
2566,009-2014,9,session_0,run_0,0,7,0.9859374999999999
2567,009-2014,9,session_0,run_0,0,8,0.9859374999999999
2568,009-2014,9,session_0,run_0,0,9,0.9864583333333333
2569,009-2014,9,session_0,run_0,0,10,0.9848958333333333
2570,009-2014,9,session_0,run_0,0,11,0.9848958333333333
2571,009-2014,9,session_0,run_0,0,12,0.984375
2572,009-2014,9,session_0,run_0,0,13,0.9848958333333333
2573,009-2014,9,session_0,run_0,0,14,0.9848958333333333
2574,009-2014,9,session_0,run_0,0,15,0.9854166666666667
2575,009-2014,9,session_0,run_0,0,16,0.9854166666666667
2576,009-2014,9,session_0,run_0,1,1,0.9945175438596491
2577,009-2014,9,session_0,run_0,1,2,0.9972587719298246
2578,009-2014,9,session_0,run_0,1,3,0.9978070175438597
2579,009-2014,9,session_0,run_0,1,4,0.9989035087719299
2580,009-2014,9,session_0,run_0,1,5,0.9989035087719299
2581,009-2014,9,session_0,run_0,1,6,0.9989035087719299
2582,009-2014,9,session_0,run_0,1,7,0.9983552631578948
2583,009-2014,9,session_0,run_0,1,8,1.0
2584,009-2014,9,session_0,run_0,1,9,0.9989035087719299
2585,009-2014,9,session_0,run_0,1,10,0.9978070175438596
2586,009-2014,9,session_0,run_0,1,11,0.9978070175438597
2587,009-2014,9,session_0,run_0,1,12,0.9967105263157895
2588,009-2014,9,session_0,run_0,1,13,0.9972587719298246
2589,009-2014,9,session_0,run_0,1,14,0.9978070175438597
2590,009-2014,9,session_0,run_0,1,15,0.9978070175438597
2591,009-2014,9,session_0,run_0,1,16,0.9983552631578947
2592,009-2014,9,session_0,run_0,2,1,0.9802631578947368
2593,009-2014,9,session_0,run_0,2,2,0.9950657894736842
2594,009-2014,9,session_0,run_0,2,3,0.9983552631578947
2595,009-2014,9,session_0,run_0,2,4,0.9989035087719299
2596,009-2014,9,session_0,run_0,2,5,0.9972587719298245
2597,009-2014,9,session_0,run_0,2,6,0.9994517543859649
2598,009-2014,9,session_0,run_0,2,7,0.9989035087719299
2599,009-2014,9,session_0,run_0,2,8,0.9967105263157895
2600,009-2014,9,session_0,run_0,2,9,0.9961622807017544
2601,009-2014,9,session_0,run_0,2,10,0.9961622807017544
2602,009-2014,9,session_0,run_0,2,11,0.9956140350877193
2603,009-2014,9,session_0,run_0,2,12,0.9961622807017544
2604,009-2014,9,session_0,run_0,2,13,0.9961622807017544
2605,009-2014,9,session_0,run_0,2,14,0.9961622807017544
2606,009-2014,9,session_0,run_0,2,15,0.9961622807017544
2607,009-2014,9,session_0,run_0,2,16,0.9956140350877193
2608,009-2014,9,session_0,run_0,3,1,0.9769736842105263
2609,009-2014,9,session_0,run_0,3,2,0.9769736842105263
2610,009-2014,9,session_0,run_0,3,3,0.975328947368421
2611,009-2014,9,session_0,run_0,3,4,0.9654605263157895
2612,009-2014,9,session_0,run_0,3,5,0.975328947368421
2613,009-2014,9,session_0,run_0,3,6,0.9698464912280702
2614,009-2014,9,session_0,run_0,3,7,0.9758771929824561
2615,009-2014,9,session_0,run_0,3,8,0.9742324561403508
2616,009-2014,9,session_0,run_0,3,9,0.9742324561403508
2617,009-2014,9,session_0,run_0,3,10,0.9742324561403508
2618,009-2014,9,session_0,run_0,3,11,0.9742324561403508
2619,009-2014,9,session_0,run_0,3,12,0.9742324561403509
2620,009-2014,9,session_0,run_0,3,13,0.9731359649122807
2621,009-2014,9,session_0,run_0,3,14,0.9714912280701754
2622,009-2014,9,session_0,run_0,3,15,0.9731359649122807
2623,009-2014,9,session_0,run_0,3,16,0.9736842105263157
2624,009-2014,9,session_0,run_0,4,1,0.9665570175438596
2625,009-2014,9,session_0,run_0,4,2,0.9917763157894737
2626,009-2014,9,session_0,run_0,4,3,0.9890350877192983
2627,009-2014,9,session_0,run_0,4,4,0.9945175438596491
2628,009-2014,9,session_0,run_0,4,5,0.993421052631579
2629,009-2014,9,session_0,run_0,4,6,0.993421052631579
2630,009-2014,9,session_0,run_0,4,7,0.993421052631579
2631,009-2014,9,session_0,run_0,4,8,0.9939692982456141
2632,009-2014,9,session_0,run_0,4,9,0.9939692982456141
2633,009-2014,9,session_0,run_0,4,10,0.9945175438596492
2634,009-2014,9,session_0,run_0,4,11,0.9950657894736843
2635,009-2014,9,session_0,run_0,4,12,0.9950657894736843
2636,009-2014,9,session_0,run_0,4,13,0.9956140350877193
2637,009-2014,9,session_0,run_0,4,14,0.9956140350877193
2638,009-2014,9,session_0,run_0,4,15,0.9956140350877193
2639,009-2014,9,session_0,run_0,4,16,0.9950657894736843
2640,009-2014,9,session_1,run_0,0,1,0.9651041666666667
2641,009-2014,9,session_1,run_0,0,2,0.9880208333333333
2642,009-2014,9,session_1,run_0,0,3,0.9833333333333334
2643,009-2014,9,session_1,run_0,0,4,0.9682291666666667
2644,009-2014,9,session_1,run_0,0,5,0.965625
2645,009-2014,9,session_1,run_0,0,6,0.9645833333333332
2646,009-2014,9,session_1,run_0,0,7,0.9588541666666666
2647,009-2014,9,session_1,run_0,0,8,0.9583333333333334
2648,009-2014,9,session_1,run_0,0,9,0.9578125
2649,009-2014,9,session_1,run_0,0,10,0.9677083333333334
2650,009-2014,9,session_1,run_0,0,11,0.9661458333333333
2651,009-2014,9,session_1,run_0,0,12,0.965625
2652,009-2014,9,session_1,run_0,0,13,0.9661458333333333
2653,009-2014,9,session_1,run_0,0,14,0.9645833333333333
2654,009-2014,9,session_1,run_0,0,15,0.9651041666666667
2655,009-2014,9,session_1,run_0,0,16,0.965625
2656,009-2014,9,session_1,run_0,1,1,0.9402412280701754
2657,009-2014,9,session_1,run_0,1,2,0.9758771929824561
2658,009-2014,9,session_1,run_0,1,3,0.9901315789473684
2659,009-2014,9,session_1,run_0,1,4,0.9895833333333334
2660,009-2014,9,session_1,run_0,1,5,0.9906798245614035
2661,009-2014,9,session_1,run_0,1,6,0.9939692982456141
2662,009-2014,9,session_1,run_0,1,7,0.993421052631579
2663,009-2014,9,session_1,run_0,1,8,0.9928728070175439
2664,009-2014,9,session_1,run_0,1,9,0.9939692982456141
2665,009-2014,9,session_1,run_0,1,10,0.9928728070175439
2666,009-2014,9,session_1,run_0,1,11,0.9928728070175439
2667,009-2014,9,session_1,run_0,1,12,0.9928728070175438
2668,009-2014,9,session_1,run_0,1,13,0.9923245614035088
2669,009-2014,9,session_1,run_0,1,14,0.9928728070175439
2670,009-2014,9,session_1,run_0,1,15,0.9928728070175439
2671,009-2014,9,session_1,run_0,1,16,0.9934210526315789
2672,009-2014,9,session_1,run_0,2,1,0.9643640350877193
2673,009-2014,9,session_1,run_0,2,2,0.9736842105263158
2674,009-2014,9,session_1,run_0,2,3,0.9769736842105263
2675,009-2014,9,session_1,run_0,2,4,0.9780701754385964
2676,009-2014,9,session_1,run_0,2,5,0.9808114035087719
2677,009-2014,9,session_1,run_0,2,6,0.9808114035087719
2678,009-2014,9,session_1,run_0,2,7,0.9769736842105263
2679,009-2014,9,session_1,run_0,2,8,0.9764254385964912
2680,009-2014,9,session_1,run_0,2,9,0.9775219298245614
2681,009-2014,9,session_1,run_0,2,10,0.9802631578947368
2682,009-2014,9,session_1,run_0,2,11,0.9786184210526316
2683,009-2014,9,session_1,run_0,2,12,0.9830043859649122
2684,009-2014,9,session_1,run_0,2,13,0.9824561403508771
2685,009-2014,9,session_1,run_0,2,14,0.9830043859649122
2686,009-2014,9,session_1,run_0,2,15,0.9835526315789473
2687,009-2014,9,session_1,run_0,2,16,0.9830043859649124
2688,009-2014,9,session_1,run_0,3,1,0.9978070175438596
2689,009-2014,9,session_1,run_0,3,2,0.9994517543859649
2690,009-2014,9,session_1,run_0,3,3,0.9994517543859649
2691,009-2014,9,session_1,run_0,3,4,1.0
2692,009-2014,9,session_1,run_0,3,5,1.0
2693,009-2014,9,session_1,run_0,3,6,1.0
2694,009-2014,9,session_1,run_0,3,7,0.9994517543859649
2695,009-2014,9,session_1,run_0,3,8,0.9994517543859649
2696,009-2014,9,session_1,run_0,3,9,0.9994517543859649
2697,009-2014,9,session_1,run_0,3,10,0.9967105263157894
2698,009-2014,9,session_1,run_0,3,11,0.9967105263157894
2699,009-2014,9,session_1,run_0,3,12,0.9956140350877193
2700,009-2014,9,session_1,run_0,3,13,0.9961622807017544
2701,009-2014,9,session_1,run_0,3,14,0.9950657894736842
2702,009-2014,9,session_1,run_0,3,15,0.9950657894736842
2703,009-2014,9,session_1,run_0,3,16,0.9983552631578947
2704,009-2014,9,session_1,run_0,4,1,0.8623903508771928
2705,009-2014,9,session_1,run_0,4,2,0.8678728070175439
2706,009-2014,9,session_1,run_0,4,3,0.9188596491228069
2707,009-2014,9,session_1,run_0,4,4,0.9177631578947367
2708,009-2014,9,session_1,run_0,4,5,0.9188596491228069
2709,009-2014,9,session_1,run_0,4,6,0.9353070175438596
2710,009-2014,9,session_1,run_0,4,7,0.931469298245614
2711,009-2014,9,session_1,run_0,4,8,0.9298245614035088
2712,009-2014,9,session_1,run_0,4,9,0.9276315789473685
2713,009-2014,9,session_1,run_0,4,10,0.9210526315789473
2714,009-2014,9,session_1,run_0,4,11,0.925986842105263
2715,009-2014,9,session_1,run_0,4,12,0.9270833333333334
2716,009-2014,9,session_1,run_0,4,13,0.930921052631579
2717,009-2014,9,session_1,run_0,4,14,0.9353070175438596
2718,009-2014,9,session_1,run_0,4,15,0.9353070175438596
2719,009-2014,9,session_1,run_0,4,16,0.9358552631578947
2720,009-2014,9,session_2,run_0,0,1,0.9187500000000001
2721,009-2014,9,session_2,run_0,0,2,0.9354166666666667
2722,009-2014,9,session_2,run_0,0,3,0.9546875
2723,009-2014,9,session_2,run_0,0,4,0.9479166666666665
2724,009-2014,9,session_2,run_0,0,5,0.9312499999999999
2725,009-2014,9,session_2,run_0,0,6,0.934375
2726,009-2014,9,session_2,run_0,0,7,0.9479166666666666
2727,009-2014,9,session_2,run_0,0,8,0.9442708333333334
2728,009-2014,9,session_2,run_0,0,9,0.9578125
2729,009-2014,9,session_2,run_0,0,10,0.9578125
2730,009-2014,9,session_2,run_0,0,11,0.9567708333333333
2731,009-2014,9,session_2,run_0,0,12,0.95625
2732,009-2014,9,session_2,run_0,0,13,0.9562499999999999
2733,009-2014,9,session_2,run_0,0,14,0.9567708333333332
2734,009-2014,9,session_2,run_0,0,15,0.9572916666666667
2735,009-2014,9,session_2,run_0,0,16,0.9578125
2736,009-2014,9,session_2,run_0,1,1,0.9797149122807018
2737,009-2014,9,session_2,run_0,1,2,0.9862938596491229
2738,009-2014,9,session_2,run_0,1,3,0.9808114035087719
2739,009-2014,9,session_2,run_0,1,4,0.9786184210526315
2740,009-2014,9,session_2,run_0,1,5,0.9813596491228069
2741,009-2014,9,session_2,run_0,1,6,0.9819078947368421
2742,009-2014,9,session_2,run_0,1,7,0.9813596491228069
2743,009-2014,9,session_2,run_0,1,8,0.9819078947368421
2744,009-2014,9,session_2,run_0,1,9,0.9824561403508772
2745,009-2014,9,session_2,run_0,1,10,0.9835526315789473
2746,009-2014,9,session_2,run_0,1,11,0.9923245614035088
2747,009-2014,9,session_2,run_0,1,12,0.9945175438596492
2748,009-2014,9,session_2,run_0,1,13,0.9945175438596492
2749,009-2014,9,session_2,run_0,1,14,0.9945175438596492
2750,009-2014,9,session_2,run_0,1,15,0.9945175438596492
2751,009-2014,9,session_2,run_0,1,16,0.9950657894736842
2752,009-2014,9,session_2,run_0,2,1,0.938048245614035
2753,009-2014,9,session_2,run_0,2,2,0.9150219298245615
2754,009-2014,9,session_2,run_0,2,3,0.9358552631578948
2755,009-2014,9,session_2,run_0,2,4,0.9347587719298246
2756,009-2014,9,session_2,run_0,2,5,0.9298245614035087
2757,009-2014,9,session_2,run_0,2,6,0.9303728070175438
2758,009-2014,9,session_2,run_0,2,7,0.9314692982456139
2759,009-2014,9,session_2,run_0,2,8,0.9314692982456139
2760,009-2014,9,session_2,run_0,2,9,0.9314692982456139
2761,009-2014,9,session_2,run_0,2,10,0.9325657894736842
2762,009-2014,9,session_2,run_0,2,11,0.9331140350877193
2763,009-2014,9,session_2,run_0,2,12,0.9331140350877193
2764,009-2014,9,session_2,run_0,2,13,0.9331140350877193
2765,009-2014,9,session_2,run_0,2,14,0.9243421052631577
2766,009-2014,9,session_2,run_0,2,15,0.9270833333333333
2767,009-2014,9,session_2,run_0,2,16,0.9298245614035087
2768,009-2014,9,session_2,run_0,3,1,0.9665570175438597
2769,009-2014,9,session_2,run_0,3,2,0.9764254385964912
2770,009-2014,9,session_2,run_0,3,3,0.9610745614035088
2771,009-2014,9,session_2,run_0,3,4,0.9742324561403509
2772,009-2014,9,session_2,run_0,3,5,0.9758771929824561
2773,009-2014,9,session_2,run_0,3,6,0.9780701754385965
2774,009-2014,9,session_2,run_0,3,7,0.9682017543859649
2775,009-2014,9,session_2,run_0,3,8,0.9638157894736842
2776,009-2014,9,session_2,run_0,3,9,0.9638157894736842
2777,009-2014,9,session_2,run_0,3,10,0.9627192982456141
2778,009-2014,9,session_2,run_0,3,11,0.962171052631579
2779,009-2014,9,session_2,run_0,3,12,0.9638157894736842
2780,009-2014,9,session_2,run_0,3,13,0.9654605263157896
2781,009-2014,9,session_2,run_0,3,14,0.9665570175438597
2782,009-2014,9,session_2,run_0,3,15,0.9610745614035087
2783,009-2014,9,session_2,run_0,3,16,0.9605263157894736
2784,009-2014,9,session_2,run_0,4,1,0.8525219298245614
2785,009-2014,9,session_2,run_0,4,2,0.9040570175438596
2786,009-2014,9,session_2,run_0,4,3,0.931469298245614
2787,009-2014,9,session_2,run_0,4,4,0.9292763157894737
2788,009-2014,9,session_2,run_0,4,5,0.9287280701754386
2789,009-2014,9,session_2,run_0,4,6,0.9139254385964911
2790,009-2014,9,session_2,run_0,4,7,0.9155701754385964
2791,009-2014,9,session_2,run_0,4,8,0.9194078947368421
2792,009-2014,9,session_2,run_0,4,9,0.9150219298245614
2793,009-2014,9,session_2,run_0,4,10,0.9133771929824559
2794,009-2014,9,session_2,run_0,4,11,0.9161184210526315
2795,009-2014,9,session_2,run_0,4,12,0.9161184210526315
2796,009-2014,9,session_2,run_0,4,13,0.9166666666666666
2797,009-2014,9,session_2,run_0,4,14,0.9161184210526315
2798,009-2014,9,session_2,run_0,4,15,0.9161184210526315
2799,009-2014,9,session_2,run_0,4,16,0.9172149122807017
2800,009-2014,10,session_0,run_0,0,1,0.9947916666666666
2801,009-2014,10,session_0,run_0,0,2,0.9958333333333333
2802,009-2014,10,session_0,run_0,0,3,0.9953124999999999
2803,009-2014,10,session_0,run_0,0,4,0.996875
2804,009-2014,10,session_0,run_0,0,5,0.9953124999999999
2805,009-2014,10,session_0,run_0,0,6,0.9963541666666667
2806,009-2014,10,session_0,run_0,0,7,0.9973958333333334
2807,009-2014,10,session_0,run_0,0,8,0.996875
2808,009-2014,10,session_0,run_0,0,9,0.996875
2809,009-2014,10,session_0,run_0,0,10,0.996875
2810,009-2014,10,session_0,run_0,0,11,0.9963541666666667
2811,009-2014,10,session_0,run_0,0,12,0.996875
2812,009-2014,10,session_0,run_0,0,13,0.9973958333333333
2813,009-2014,10,session_0,run_0,0,14,0.9973958333333333
2814,009-2014,10,session_0,run_0,0,15,0.9979166666666667
2815,009-2014,10,session_0,run_0,0,16,0.9979166666666667
2816,009-2014,10,session_0,run_0,1,1,0.9917763157894737
2817,009-2014,10,session_0,run_0,1,2,0.9972587719298246
2818,009-2014,10,session_0,run_0,1,3,0.993421052631579
2819,009-2014,10,session_0,run_0,1,4,0.9978070175438596
2820,009-2014,10,session_0,run_0,1,5,0.9978070175438596
2821,009-2014,10,session_0,run_0,1,6,0.9972587719298246
2822,009-2014,10,session_0,run_0,1,7,0.9945175438596491
2823,009-2014,10,session_0,run_0,1,8,0.9923245614035088
2824,009-2014,10,session_0,run_0,1,9,0.9917763157894737
2825,009-2014,10,session_0,run_0,1,10,0.9912280701754386
2826,009-2014,10,session_0,run_0,1,11,0.9917763157894737
2827,009-2014,10,session_0,run_0,1,12,0.9912280701754386
2828,009-2014,10,session_0,run_0,1,13,0.9917763157894737
2829,009-2014,10,session_0,run_0,1,14,0.9917763157894737
2830,009-2014,10,session_0,run_0,1,15,0.9917763157894737
2831,009-2014,10,session_0,run_0,1,16,0.9917763157894737
2832,009-2014,10,session_0,run_0,2,1,0.9747807017543859
2833,009-2014,10,session_0,run_0,2,2,0.981359649122807
2834,009-2014,10,session_0,run_0,2,3,0.9791666666666667
2835,009-2014,10,session_0,run_0,2,4,0.9862938596491229
2836,009-2014,10,session_0,run_0,2,5,0.981907894736842
2837,009-2014,10,session_0,run_0,2,6,0.9835526315789473
2838,009-2014,10,session_0,run_0,2,7,0.9819078947368421
2839,009-2014,10,session_0,run_0,2,8,0.9802631578947368
2840,009-2014,10,session_0,run_0,2,9,0.981907894736842
2841,009-2014,10,session_0,run_0,2,10,0.9830043859649122
2842,009-2014,10,session_0,run_0,2,11,0.9830043859649122
2843,009-2014,10,session_0,run_0,2,12,0.9802631578947368
2844,009-2014,10,session_0,run_0,2,13,0.9797149122807018
2845,009-2014,10,session_0,run_0,2,14,0.9797149122807018
2846,009-2014,10,session_0,run_0,2,15,0.9808114035087719
2847,009-2014,10,session_0,run_0,2,16,0.9764254385964912
2848,009-2014,10,session_0,run_0,3,1,0.9972587719298246
2849,009-2014,10,session_0,run_0,3,2,0.9841008771929823
2850,009-2014,10,session_0,run_0,3,3,0.9797149122807016
2851,009-2014,10,session_0,run_0,3,4,0.9736842105263158
2852,009-2014,10,session_0,run_0,3,5,0.9632675438596491
2853,009-2014,10,session_0,run_0,3,6,0.962719298245614
2854,009-2014,10,session_0,run_0,3,7,0.9638157894736842
2855,009-2014,10,session_0,run_0,3,8,0.9665570175438596
2856,009-2014,10,session_0,run_0,3,9,0.9660087719298246
2857,009-2014,10,session_0,run_0,3,10,0.9632675438596492
2858,009-2014,10,session_0,run_0,3,11,0.962719298245614
2859,009-2014,10,session_0,run_0,3,12,0.9605263157894737
2860,009-2014,10,session_0,run_0,3,13,0.9605263157894737
2861,009-2014,10,session_0,run_0,3,14,0.9610745614035088
2862,009-2014,10,session_0,run_0,3,15,0.9616228070175439
2863,009-2014,10,session_0,run_0,3,16,0.9627192982456141
2864,009-2014,10,session_0,run_0,4,1,0.9758771929824561
2865,009-2014,10,session_0,run_0,4,2,0.9835526315789473
2866,009-2014,10,session_0,run_0,4,3,0.9775219298245614
2867,009-2014,10,session_0,run_0,4,4,0.9830043859649122
2868,009-2014,10,session_0,run_0,4,5,0.9890350877192983
2869,009-2014,10,session_0,run_0,4,6,0.9890350877192983
2870,009-2014,10,session_0,run_0,4,7,0.9890350877192983
2871,009-2014,10,session_0,run_0,4,8,0.9912280701754386
2872,009-2014,10,session_0,run_0,4,9,0.9923245614035088
2873,009-2014,10,session_0,run_0,4,10,0.9912280701754387
2874,009-2014,10,session_0,run_0,4,11,0.9917763157894737
2875,009-2014,10,session_0,run_0,4,12,0.9917763157894737
2876,009-2014,10,session_0,run_0,4,13,0.9917763157894737
2877,009-2014,10,session_0,run_0,4,14,0.9917763157894737
2878,009-2014,10,session_0,run_0,4,15,0.9917763157894737
2879,009-2014,10,session_0,run_0,4,16,0.9923245614035088
2880,009-2014,10,session_1,run_0,0,1,0.9911458333333334
2881,009-2014,10,session_1,run_0,0,2,0.984375
2882,009-2014,10,session_1,run_0,0,3,0.9911458333333334
2883,009-2014,10,session_1,run_0,0,4,0.990625
2884,009-2014,10,session_1,run_0,0,5,0.9911458333333333
2885,009-2014,10,session_1,run_0,0,6,0.9911458333333334
2886,009-2014,10,session_1,run_0,0,7,0.9916666666666667
2887,009-2014,10,session_1,run_0,0,8,0.9916666666666667
2888,009-2014,10,session_1,run_0,0,9,0.9927083333333333
2889,009-2014,10,session_1,run_0,0,10,0.9916666666666667
2890,009-2014,10,session_1,run_0,0,11,0.9911458333333334
2891,009-2014,10,session_1,run_0,0,12,0.9921875
2892,009-2014,10,session_1,run_0,0,13,0.9916666666666666
2893,009-2014,10,session_1,run_0,0,14,0.9901041666666667
2894,009-2014,10,session_1,run_0,0,15,0.9895833333333334
2895,009-2014,10,session_1,run_0,0,16,0.9895833333333334
2896,009-2014,10,session_1,run_0,1,1,0.9923245614035088
2897,009-2014,10,session_1,run_0,1,2,0.9923245614035088
2898,009-2014,10,session_1,run_0,1,3,0.9912280701754386
2899,009-2014,10,session_1,run_0,1,4,0.9824561403508772
2900,009-2014,10,session_1,run_0,1,5,0.9824561403508771
2901,009-2014,10,session_1,run_0,1,6,0.9819078947368421
2902,009-2014,10,session_1,run_0,1,7,0.981359649122807
2903,009-2014,10,session_1,run_0,1,8,0.987390350877193
2904,009-2014,10,session_1,run_0,1,9,0.9879385964912281
2905,009-2014,10,session_1,run_0,1,10,0.9857456140350878
2906,009-2014,10,session_1,run_0,1,11,0.9841008771929824
2907,009-2014,10,session_1,run_0,1,12,0.9830043859649122
2908,009-2014,10,session_1,run_0,1,13,0.9830043859649122
2909,009-2014,10,session_1,run_0,1,14,0.9830043859649122
2910,009-2014,10,session_1,run_0,1,15,0.9819078947368421
2911,009-2014,10,session_1,run_0,1,16,0.9819078947368421
2912,009-2014,10,session_1,run_0,2,1,0.9939692982456141
2913,009-2014,10,session_1,run_0,2,2,0.9906798245614035
2914,009-2014,10,session_1,run_0,2,3,0.9917763157894737
2915,009-2014,10,session_1,run_0,2,4,0.9961622807017544
2916,009-2014,10,session_1,run_0,2,5,0.9967105263157895
2917,009-2014,10,session_1,run_0,2,6,0.9967105263157895
2918,009-2014,10,session_1,run_0,2,7,0.9967105263157895
2919,009-2014,10,session_1,run_0,2,8,0.9972587719298246
2920,009-2014,10,session_1,run_0,2,9,0.9972587719298246
2921,009-2014,10,session_1,run_0,2,10,0.9967105263157895
2922,009-2014,10,session_1,run_0,2,11,0.9978070175438597
2923,009-2014,10,session_1,run_0,2,12,0.9972587719298246
2924,009-2014,10,session_1,run_0,2,13,0.9972587719298246
2925,009-2014,10,session_1,run_0,2,14,0.9972587719298246
2926,009-2014,10,session_1,run_0,2,15,0.9972587719298246
2927,009-2014,10,session_1,run_0,2,16,0.9972587719298246
2928,009-2014,10,session_1,run_0,3,1,0.9890350877192982
2929,009-2014,10,session_1,run_0,3,2,0.9901315789473685
2930,009-2014,10,session_1,run_0,3,3,0.9901315789473684
2931,009-2014,10,session_1,run_0,3,4,0.9917763157894737
2932,009-2014,10,session_1,run_0,3,5,0.9868421052631579
2933,009-2014,10,session_1,run_0,3,6,0.9830043859649122
2934,009-2014,10,session_1,run_0,3,7,0.9862938596491229
2935,009-2014,10,session_1,run_0,3,8,0.9835526315789473
2936,009-2014,10,session_1,run_0,3,9,0.9835526315789473
2937,009-2014,10,session_1,run_0,3,10,0.9835526315789473
2938,009-2014,10,session_1,run_0,3,11,0.9835526315789475
2939,009-2014,10,session_1,run_0,3,12,0.9835526315789475
2940,009-2014,10,session_1,run_0,3,13,0.9841008771929824
2941,009-2014,10,session_1,run_0,3,14,0.9797149122807017
2942,009-2014,10,session_1,run_0,3,15,0.9775219298245614
2943,009-2014,10,session_1,run_0,3,16,0.9786184210526315
2944,009-2014,10,session_1,run_0,4,1,0.9281798245614035
2945,009-2014,10,session_1,run_0,4,2,0.9254385964912281
2946,009-2014,10,session_1,run_0,4,3,0.9155701754385964
2947,009-2014,10,session_1,run_0,4,4,0.9177631578947368
2948,009-2014,10,session_1,run_0,4,5,0.9139254385964912
2949,009-2014,10,session_1,run_0,4,6,0.9117324561403508
2950,009-2014,10,session_1,run_0,4,7,0.9117324561403508
2951,009-2014,10,session_1,run_0,4,8,0.9111842105263157
2952,009-2014,10,session_1,run_0,4,9,0.9111842105263157
2953,009-2014,10,session_1,run_0,4,10,0.9216008771929823
2954,009-2014,10,session_1,run_0,4,11,0.9205043859649121
2955,009-2014,10,session_1,run_0,4,12,0.9205043859649121
2956,009-2014,10,session_1,run_0,4,13,0.9216008771929823
2957,009-2014,10,session_1,run_0,4,14,0.9205043859649121
2958,009-2014,10,session_1,run_0,4,15,0.9188596491228069
2959,009-2014,10,session_1,run_0,4,16,0.9248903508771928
2960,009-2014,10,session_2,run_0,0,1,0.9604166666666667
2961,009-2014,10,session_2,run_0,0,2,0.9796875
2962,009-2014,10,session_2,run_0,0,3,0.9901041666666667
2963,009-2014,10,session_2,run_0,0,4,0.9895833333333334
2964,009-2014,10,session_2,run_0,0,5,0.9869791666666667
2965,009-2014,10,session_2,run_0,0,6,0.984375
2966,009-2014,10,session_2,run_0,0,7,0.9838541666666667
2967,009-2014,10,session_2,run_0,0,8,0.9822916666666667
2968,009-2014,10,session_2,run_0,0,9,0.9822916666666667
2969,009-2014,10,session_2,run_0,0,10,0.9812500000000001
2970,009-2014,10,session_2,run_0,0,11,0.9817708333333333
2971,009-2014,10,session_2,run_0,0,12,0.9791666666666667
2972,009-2014,10,session_2,run_0,0,13,0.9807291666666667
2973,009-2014,10,session_2,run_0,0,14,0.9848958333333333
2974,009-2014,10,session_2,run_0,0,15,0.984375
2975,009-2014,10,session_2,run_0,0,16,0.9833333333333334
2976,009-2014,10,session_2,run_0,1,1,0.9594298245614035
2977,009-2014,10,session_2,run_0,1,2,0.9533991228070176
2978,009-2014,10,session_2,run_0,1,3,0.9643640350877193
2979,009-2014,10,session_2,run_0,1,4,0.949013157894737
2980,009-2014,10,session_2,run_0,1,5,0.9385964912280702
2981,009-2014,10,session_2,run_0,1,6,0.9369517543859649
2982,009-2014,10,session_2,run_0,1,7,0.9369517543859649
2983,009-2014,10,session_2,run_0,1,8,0.9353070175438597
2984,009-2014,10,session_2,run_0,1,9,0.9364035087719298
2985,009-2014,10,session_2,run_0,1,10,0.9374999999999999
2986,009-2014,10,session_2,run_0,1,11,0.9407894736842104
2987,009-2014,10,session_2,run_0,1,12,0.9468201754385964
2988,009-2014,10,session_2,run_0,1,13,0.9555921052631577
2989,009-2014,10,session_2,run_0,1,14,0.9550438596491229
2990,009-2014,10,session_2,run_0,1,15,0.9583333333333333
2991,009-2014,10,session_2,run_0,1,16,0.9550438596491228
2992,009-2014,10,session_2,run_0,2,1,0.9024122807017544
2993,009-2014,10,session_2,run_0,2,2,0.9199561403508771
2994,009-2014,10,session_2,run_0,2,3,0.9484649122807018
2995,009-2014,10,session_2,run_0,2,4,0.9649122807017545
2996,009-2014,10,session_2,run_0,2,5,0.9709429824561403
2997,009-2014,10,session_2,run_0,2,6,0.975328947368421
2998,009-2014,10,session_2,run_0,2,7,0.9736842105263158
2999,009-2014,10,session_2,run_0,2,8,0.9736842105263157
3000,009-2014,10,session_2,run_0,2,9,0.9709429824561403
3001,009-2014,10,session_2,run_0,2,10,0.975328947368421
3002,009-2014,10,session_2,run_0,2,11,0.9769736842105263
3003,009-2014,10,session_2,run_0,2,12,0.975328947368421
3004,009-2014,10,session_2,run_0,2,13,0.9769736842105263
3005,009-2014,10,session_2,run_0,2,14,0.9769736842105263
3006,009-2014,10,session_2,run_0,2,15,0.9764254385964912
3007,009-2014,10,session_2,run_0,2,16,0.9764254385964912
3008,009-2014,10,session_2,run_0,3,1,0.9517543859649122
3009,009-2014,10,session_2,run_0,3,2,0.9692982456140351
3010,009-2014,10,session_2,run_0,3,3,0.9720394736842106
3011,009-2014,10,session_2,run_0,3,4,0.9698464912280702
3012,009-2014,10,session_2,run_0,3,5,0.9682017543859649
3013,009-2014,10,session_2,run_0,3,6,0.9649122807017543
3014,009-2014,10,session_2,run_0,3,7,0.9676535087719298
3015,009-2014,10,session_2,run_0,3,8,0.9544956140350876
3016,009-2014,10,session_2,run_0,3,9,0.9512061403508772
3017,009-2014,10,session_2,run_0,3,10,0.9517543859649124
3018,009-2014,10,session_2,run_0,3,11,0.9512061403508771
3019,009-2014,10,session_2,run_0,3,12,0.9501096491228069
3020,009-2014,10,session_2,run_0,3,13,0.9676535087719298
3021,009-2014,10,session_2,run_0,3,14,0.96875
3022,009-2014,10,session_2,run_0,3,15,0.9698464912280701
3023,009-2014,10,session_2,run_0,3,16,0.963267543859649
3024,009-2014,10,session_2,run_0,4,1,0.9671052631578947
3025,009-2014,10,session_2,run_0,4,2,0.9692982456140351
3026,009-2014,10,session_2,run_0,4,3,0.981907894736842
3027,009-2014,10,session_2,run_0,4,4,0.9676535087719298
3028,009-2014,10,session_2,run_0,4,5,0.9764254385964912
3029,009-2014,10,session_2,run_0,4,6,0.9802631578947368
3030,009-2014,10,session_2,run_0,4,7,0.9742324561403508
3031,009-2014,10,session_2,run_0,4,8,0.9775219298245614
3032,009-2014,10,session_2,run_0,4,9,0.9780701754385965
3033,009-2014,10,session_2,run_0,4,10,0.9780701754385965
3034,009-2014,10,session_2,run_0,4,11,0.9791666666666667
3035,009-2014,10,session_2,run_0,4,12,0.9769736842105263
3036,009-2014,10,session_2,run_0,4,13,0.9764254385964912
3037,009-2014,10,session_2,run_0,4,14,0.9758771929824561
3038,009-2014,10,session_2,run_0,4,15,0.9819078947368421
3039,009-2014,10,session_2,run_0,4,16,0.9824561403508772
