,subject,dataset,fold,theta,n_blocks,train_score,test_score,train_mse,test_mse
0,1,AlexandreMotorImagery,0,0.0,1,0.8571428571428571,0.0,0.9947165699501527,1.0445030651698572
1,1,AlexandreMotorImagery,0,0.0,2,0.9642857142857143,0.25,0.9926339929878161,1.0430120946703112
2,1,AlexandreMotorImagery,0,0.0,3,1.0,0.5,0.9900389660912562,1.041602078712216
3,1,AlexandreMotorImagery,0,0.0,4,1.0,0.5,0.988354959260538,1.0410707368828431
4,1,AlexandreMotorImagery,0,0.0,5,1.0,0.75,0.9867658997618264,1.0402530931873915
5,1,AlexandreMotorImagery,0,0.0,6,1.0,0.75,0.9850908142620347,1.0403199621994705
6,1,AlexandreMotorImagery,0,0.0,7,1.0,0.5,0.9833685606485195,1.0442395946767944
7,1,AlexandreMotorImagery,0,0.0,8,1.0,0.25,0.9804949502435986,1.0411089115223293
8,1,AlexandreMotorImagery,0,0.0,9,1.0,0.5,0.9796273677489149,1.040844431038618
9,1,AlexandreMotorImagery,0,0.0,10,1.0,0.75,0.9788066985160218,1.04025216316733
10,1,AlexandreMotorImagery,0,0.0,11,1.0,0.75,0.9779365448745412,1.0408783930325236
11,1,AlexandreMotorImagery,0,0.0,12,1.0,0.75,0.9763245013832554,1.043373802101653
12,1,AlexandreMotorImagery,0,0.0,13,1.0,0.5,0.975463402101873,1.0474180781715063
13,1,AlexandreMotorImagery,0,0.0,14,1.0,0.5,0.9748321441122726,1.048324864567263
14,1,AlexandreMotorImagery,0,0.0,15,1.0,0.5,0.9742748807136788,1.0484462779189148
15,1,AlexandreMotorImagery,0,0.0,16,1.0,0.75,0.9736154748120035,1.0487543684740397
16,1,AlexandreMotorImagery,0,0.1,1,0.9107142857142857,0.5,0.9908458962175636,1.0458275846974798
17,1,AlexandreMotorImagery,0,0.1,2,1.0,0.25,0.9850900434211335,1.0439985836493249
18,1,AlexandreMotorImagery,0,0.1,3,1.0,0.5,0.9825153996853272,1.0452565752704561
19,1,AlexandreMotorImagery,0,0.1,4,1.0,0.5,0.9796929420719331,1.0449041297973929
20,1,AlexandreMotorImagery,0,0.1,5,1.0,0.5,0.9758897928429212,1.0543060329524487
21,1,AlexandreMotorImagery,0,0.1,6,1.0,0.5,0.9740883494287654,1.0572248948207814
22,1,AlexandreMotorImagery,0,0.1,7,1.0,0.5,0.9724104969507817,1.0597090442623405
23,1,AlexandreMotorImagery,0,0.1,8,1.0,0.5,0.9702578071401697,1.063386197588754
24,1,AlexandreMotorImagery,0,0.1,9,1.0,0.5,0.9689905686920335,1.065495667236854
25,1,AlexandreMotorImagery,0,0.1,10,1.0,0.5,0.9666444642201618,1.0680592268519038
26,1,AlexandreMotorImagery,0,0.1,11,1.0,0.75,0.9650607302023503,1.069638557748025
27,1,AlexandreMotorImagery,0,0.1,12,1.0,0.75,0.962654638407629,1.0645488974076232
28,1,AlexandreMotorImagery,0,0.1,13,1.0,0.75,0.9598116193448781,1.0674978167652218
29,1,AlexandreMotorImagery,0,0.1,14,1.0,0.75,0.9576190517792446,1.0686646317443595
30,1,AlexandreMotorImagery,0,0.1,15,1.0,0.75,0.956223953880204,1.0695233278421021
31,1,AlexandreMotorImagery,0,0.1,16,1.0,0.75,0.9537687743885966,1.069495687722617
32,1,AlexandreMotorImagery,0,0.2,1,0.9107142857142857,0.5,0.9874632742847965,1.0543968828301442
33,1,AlexandreMotorImagery,0,0.2,2,1.0,0.25,0.980183951066077,1.0544474265212627
34,1,AlexandreMotorImagery,0,0.2,3,1.0,0.5,0.9761001656883814,1.0560484197408648
35,1,AlexandreMotorImagery,0,0.2,4,1.0,0.5,0.9704658480072209,1.080730148126616
36,1,AlexandreMotorImagery,0,0.2,5,1.0,0.5,0.9677808934785448,1.0838232075602896
37,1,AlexandreMotorImagery,0,0.2,6,1.0,0.5,0.9631026066669484,1.0875922802574074
38,1,AlexandreMotorImagery,0,0.2,7,1.0,0.5,0.9590107994654976,1.0925528696675544
39,1,AlexandreMotorImagery,0,0.2,8,1.0,0.5,0.9558392626596612,1.0955696792256282
40,1,AlexandreMotorImagery,0,0.2,9,1.0,0.5,0.9519125860559035,1.1030273345320227
41,1,AlexandreMotorImagery,0,0.2,10,1.0,0.5,0.9484582420572416,1.1060061793938396
42,1,AlexandreMotorImagery,0,0.2,11,1.0,0.5,0.9444385023899505,1.1129521686373074
43,1,AlexandreMotorImagery,0,0.2,12,1.0,0.5,0.9418117500231649,1.112326472560718
44,1,AlexandreMotorImagery,0,0.2,13,1.0,0.5,0.9403118950387737,1.111868098570607
45,1,AlexandreMotorImagery,0,0.2,14,1.0,0.5,0.9352896431082409,1.119270122637283
46,1,AlexandreMotorImagery,0,0.2,15,1.0,0.5,0.9303690876517114,1.1235111652092624
47,1,AlexandreMotorImagery,0,0.2,16,1.0,0.5,0.9247800536505111,1.130875503098608
48,1,AlexandreMotorImagery,0,0.3,1,0.9285714285714286,0.5,0.9798690955152658,1.0703318277989213
49,1,AlexandreMotorImagery,0,0.3,2,1.0,0.25,0.9664343924561338,1.0830905485567204
50,1,AlexandreMotorImagery,0,0.3,3,1.0,0.5,0.9556636359630218,1.0785491108018135
51,1,AlexandreMotorImagery,0,0.3,4,1.0,0.25,0.945499993943705,1.0796679140824998
52,1,AlexandreMotorImagery,0,0.3,5,1.0,0.25,0.9305308735300609,1.068895895491151
53,1,AlexandreMotorImagery,0,0.3,6,1.0,0.5,0.9226296474381033,1.0766708494170976
54,1,AlexandreMotorImagery,0,0.3,7,1.0,0.5,0.9162519513148966,1.0853829194726583
55,1,AlexandreMotorImagery,0,0.3,8,1.0,0.5,0.9090737227181792,1.0762136198402041
56,1,AlexandreMotorImagery,0,0.3,9,1.0,0.5,0.9047783593850153,1.0806483326030019
57,1,AlexandreMotorImagery,0,0.3,10,1.0,0.5,0.8978657674106649,1.0743061262979612
58,1,AlexandreMotorImagery,0,0.3,11,1.0,0.25,0.8898376007969677,1.0845913732820287
59,1,AlexandreMotorImagery,0,0.3,12,1.0,0.5,0.8834881639087291,1.0811082992115926
60,1,AlexandreMotorImagery,0,0.3,13,1.0,0.5,0.877619036988687,1.0878133347881136
61,1,AlexandreMotorImagery,0,0.3,14,1.0,0.5,0.872629770476754,1.098509342081514
62,1,AlexandreMotorImagery,0,0.3,15,1.0,0.5,0.86807246696918,1.1061126520814462
63,1,AlexandreMotorImagery,0,0.3,16,1.0,0.5,0.8637768524142637,1.1218303644518617
64,1,AlexandreMotorImagery,0,0.4,1,0.9285714285714286,0.5,0.9774630905659872,1.0731222340003852
65,1,AlexandreMotorImagery,0,0.4,2,1.0,0.25,0.961994991967086,1.0862623752738776
66,1,AlexandreMotorImagery,0,0.4,3,1.0,0.25,0.9484122687926431,1.0868608991626052
67,1,AlexandreMotorImagery,0,0.4,4,1.0,0.25,0.9325159786746565,1.087531856435606
68,1,AlexandreMotorImagery,0,0.4,5,0.9821428571428571,0.5,0.9192503941601229,1.0997343886235875
69,1,AlexandreMotorImagery,0,0.4,6,0.9821428571428571,0.25,0.904594905678767,1.0978965717260045
70,1,AlexandreMotorImagery,0,0.4,7,0.9821428571428571,0.25,0.892192017287822,1.1278135909691587
71,1,AlexandreMotorImagery,0,0.4,8,0.9821428571428571,0.25,0.8815649496573844,1.1420406123676365
72,1,AlexandreMotorImagery,0,0.4,9,0.9821428571428571,0.25,0.8708706035970256,1.1416677809183147
73,1,AlexandreMotorImagery,0,0.4,10,0.9821428571428571,0.25,0.8641158332971989,1.1504220494630608
74,1,AlexandreMotorImagery,0,0.4,11,1.0,0.25,0.8548572298660444,1.1592089495845654
75,1,AlexandreMotorImagery,0,0.4,12,1.0,0.5,0.8456985230024232,1.1635553039737916
76,1,AlexandreMotorImagery,0,0.4,13,1.0,0.5,0.8377286126075757,1.1703754577606083
77,1,AlexandreMotorImagery,0,0.4,14,1.0,0.5,0.8297678741233979,1.1864800785591383
78,1,AlexandreMotorImagery,0,0.4,15,1.0,0.5,0.821927107270792,1.2032511754031834
79,1,AlexandreMotorImagery,0,0.4,16,1.0,0.5,0.8152613914130952,1.2160962531811363
80,1,AlexandreMotorImagery,0,0.5,1,0.9464285714285714,0.25,0.9670937546114016,1.0507789023025689
81,1,AlexandreMotorImagery,0,0.5,2,1.0,0.25,0.9429340579966955,1.0712897311854543
82,1,AlexandreMotorImagery,0,0.5,3,0.9821428571428571,0.25,0.9247517804630317,1.0921778935626762
83,1,AlexandreMotorImagery,0,0.5,4,0.9821428571428571,0.25,0.9071716455417876,1.0862267552730598
84,1,AlexandreMotorImagery,0,0.5,5,0.9821428571428571,0.25,0.8912327657624183,1.091006448983546
85,1,AlexandreMotorImagery,0,0.5,6,1.0,0.25,0.877151177297721,1.0875473841895809
86,1,AlexandreMotorImagery,0,0.5,7,0.9821428571428571,0.25,0.8652257600506195,1.103155413306441
87,1,AlexandreMotorImagery,0,0.5,8,0.9821428571428571,0.25,0.8537087733643024,1.1239377632896825
88,1,AlexandreMotorImagery,0,0.5,9,0.9821428571428571,0.25,0.841271641664572,1.1329204021021466
89,1,AlexandreMotorImagery,0,0.5,10,0.9821428571428571,0.25,0.8291411134997098,1.1373673717959747
90,1,AlexandreMotorImagery,0,0.5,11,0.9821428571428571,0.5,0.8174026445596395,1.145859886942319
91,1,AlexandreMotorImagery,0,0.5,12,1.0,0.5,0.8064573774373127,1.1621289723254986
92,1,AlexandreMotorImagery,0,0.5,13,1.0,0.5,0.7958484543897617,1.171443060979032
93,1,AlexandreMotorImagery,0,0.5,14,1.0,0.5,0.7863473115325127,1.1763324326730489
94,1,AlexandreMotorImagery,0,0.5,15,1.0,0.5,0.7768517759141308,1.1780028323329028
95,1,AlexandreMotorImagery,0,0.5,16,1.0,0.5,0.7689420502290972,1.1773445369778703
96,1,AlexandreMotorImagery,0,0.6,1,0.9464285714285714,0.25,0.9531468322882999,1.0588131747173315
97,1,AlexandreMotorImagery,0,0.6,2,0.9642857142857143,0.25,0.9228589128669538,1.137208692889906
98,1,AlexandreMotorImagery,0,0.6,3,0.9464285714285714,0.25,0.9011784296130505,1.1606655353952766
99,1,AlexandreMotorImagery,0,0.6,4,0.9464285714285714,0.5,0.8821931271205001,1.1891845463951924
100,1,AlexandreMotorImagery,0,0.6,5,0.9285714285714286,0.25,0.8644523826992861,1.1907374098558865
101,1,AlexandreMotorImagery,0,0.6,6,0.9464285714285714,0.5,0.8481729671238171,1.2007397353797065
102,1,AlexandreMotorImagery,0,0.6,7,1.0,0.5,0.8281961145598284,1.188220596106315
103,1,AlexandreMotorImagery,0,0.6,8,1.0,0.5,0.8083560951533976,1.1773303579716807
104,1,AlexandreMotorImagery,0,0.6,9,1.0,0.5,0.7934907576206094,1.180190527098886
105,1,AlexandreMotorImagery,0,0.6,10,1.0,0.5,0.77998649909623,1.2130358067360187
106,1,AlexandreMotorImagery,0,0.6,11,1.0,0.5,0.7685407932001627,1.2242819122541793
107,1,AlexandreMotorImagery,0,0.6,12,1.0,0.5,0.7564223740373026,1.2241677595030864
108,1,AlexandreMotorImagery,0,0.6,13,1.0,0.5,0.7438642100132751,1.2129498585653447
109,1,AlexandreMotorImagery,0,0.6,14,1.0,0.5,0.7334951499607887,1.189995023439079
110,1,AlexandreMotorImagery,0,0.6,15,1.0,0.5,0.7237438512709082,1.1890225983111558
111,1,AlexandreMotorImagery,0,0.6,16,1.0,0.5,0.714453120633367,1.1845293033583426
112,1,AlexandreMotorImagery,0,0.7,1,0.9285714285714286,0.5,0.9391297834568978,1.057049590958662
113,1,AlexandreMotorImagery,0,0.7,2,0.9642857142857143,0.5,0.9075360568049381,1.12938891905063
114,1,AlexandreMotorImagery,0,0.7,3,0.9642857142857143,0.5,0.8826236159213359,1.158322879438893
115,1,AlexandreMotorImagery,0,0.7,4,1.0,0.25,0.8521169658995823,1.1593425514008673
116,1,AlexandreMotorImagery,0,0.7,5,1.0,0.25,0.830601329511151,1.1967966387901798
117,1,AlexandreMotorImagery,0,0.7,6,0.9821428571428571,0.25,0.8102768979844768,1.1848940932906755
118,1,AlexandreMotorImagery,0,0.7,7,0.9821428571428571,0.5,0.7874401762438115,1.170161148760845
119,1,AlexandreMotorImagery,0,0.7,8,0.9821428571428571,0.5,0.7711904088813742,1.1846083815605974
120,1,AlexandreMotorImagery,0,0.7,9,0.9821428571428571,0.75,0.7530920500802047,1.1710146200244214
121,1,AlexandreMotorImagery,0,0.7,10,1.0,0.75,0.7328321391743676,1.1488274787866968
122,1,AlexandreMotorImagery,0,0.7,11,1.0,0.5,0.7143577555693914,1.1136859243401644
123,1,AlexandreMotorImagery,0,0.7,12,1.0,0.5,0.7001861461793962,1.1159993248054068
124,1,AlexandreMotorImagery,0,0.7,13,1.0,0.5,0.6841314639316161,1.0902396524235358
125,1,AlexandreMotorImagery,0,0.7,14,1.0,0.5,0.6690242310038982,1.0754542628340045
126,1,AlexandreMotorImagery,0,0.7,15,1.0,0.75,0.6453224333098847,1.039292375656746
127,1,AlexandreMotorImagery,0,0.7,16,1.0,0.75,0.6309140619444643,1.0255962880389535
128,1,AlexandreMotorImagery,0,0.8,1,0.9107142857142857,0.5,0.9164711447814761,1.0726021010359137
129,1,AlexandreMotorImagery,0,0.8,2,0.9821428571428571,0.75,0.8781068885832505,1.1442456882610783
130,1,AlexandreMotorImagery,0,0.8,3,1.0,0.75,0.8470192498624696,1.151996655028604
131,1,AlexandreMotorImagery,0,0.8,4,1.0,0.5,0.8057589289392971,1.1087411168909946
132,1,AlexandreMotorImagery,0,0.8,5,1.0,0.5,0.7676603607544596,1.0712708185694313
133,1,AlexandreMotorImagery,0,0.8,6,1.0,0.5,0.7348433880664039,1.045531687852851
134,1,AlexandreMotorImagery,0,0.8,7,1.0,0.5,0.7009230079163562,0.9895119903171937
135,1,AlexandreMotorImagery,0,0.8,8,1.0,0.5,0.6764145194156013,0.9575561529014064
136,1,AlexandreMotorImagery,0,0.8,9,1.0,0.5,0.6553061497953492,0.932655262541348
137,1,AlexandreMotorImagery,0,0.8,10,1.0,0.5,0.6202160868540137,0.8954323017329567
138,1,AlexandreMotorImagery,0,0.8,11,1.0,0.5,0.5964816612869677,0.8819853865549895
139,1,AlexandreMotorImagery,0,0.8,12,1.0,0.5,0.573299341417741,0.8464011532938731
140,1,AlexandreMotorImagery,0,0.8,13,1.0,0.5,0.5535888094039669,0.831589812193645
141,1,AlexandreMotorImagery,0,0.8,14,1.0,0.5,0.535794653643866,0.807385211756803
142,1,AlexandreMotorImagery,0,0.8,15,1.0,0.5,0.5166416181990436,0.7823309912869867
143,1,AlexandreMotorImagery,0,0.8,16,1.0,0.5,0.4975741437729198,0.7348479523784307
144,1,AlexandreMotorImagery,0,0.9,1,0.9821428571428571,0.5,0.8856504424344672,0.9934620408681452
145,1,AlexandreMotorImagery,0,0.9,2,0.9821428571428571,0.5,0.8201625129936025,0.9399798096939058
146,1,AlexandreMotorImagery,0,0.9,3,0.9821428571428571,0.5,0.7375773463702138,0.8793040565626686
147,1,AlexandreMotorImagery,0,0.9,4,0.9821428571428571,1.0,0.6789502964504722,0.8174599774359841
148,1,AlexandreMotorImagery,0,0.9,5,0.9821428571428571,1.0,0.6272272630822305,0.7721155441331601
149,1,AlexandreMotorImagery,0,0.9,6,1.0,0.75,0.5754172270646665,0.7155103674350434
150,1,AlexandreMotorImagery,0,0.9,7,0.9821428571428571,1.0,0.5499630183354108,0.6913705166831347
151,1,AlexandreMotorImagery,0,0.9,8,0.9821428571428571,1.0,0.5275428260698373,0.6835901581861236
152,1,AlexandreMotorImagery,0,0.9,9,0.9821428571428571,1.0,0.49628967394900986,0.6555877994560113
153,1,AlexandreMotorImagery,0,0.9,10,0.9821428571428571,1.0,0.4682122204973014,0.6204924549856319
154,1,AlexandreMotorImagery,0,0.9,11,0.9821428571428571,1.0,0.4502118766364464,0.6123798019166748
155,1,AlexandreMotorImagery,0,0.9,12,0.9821428571428571,1.0,0.4308440448608797,0.6034351146760877
156,1,AlexandreMotorImagery,0,0.9,13,0.9821428571428571,1.0,0.40908932011955185,0.5807275707980949
157,1,AlexandreMotorImagery,0,0.9,14,1.0,1.0,0.3936062567770625,0.5724179331992966
158,1,AlexandreMotorImagery,0,0.9,15,0.9821428571428571,1.0,0.38232875699092034,0.5645698174125058
159,1,AlexandreMotorImagery,0,0.9,16,0.9821428571428571,1.0,0.37013357995861823,0.5601489421956076
160,1,AlexandreMotorImagery,0,1.0,1,0.9821428571428571,0.75,6.7301242470606705e-31,7.201076413671227e-31
161,1,AlexandreMotorImagery,0,1.0,2,0.9821428571428571,0.75,0.0,0.0
162,1,AlexandreMotorImagery,0,1.0,3,0.9821428571428571,0.75,0.0,0.0
163,1,AlexandreMotorImagery,0,1.0,4,0.9821428571428571,0.75,0.0,0.0
164,1,AlexandreMotorImagery,0,1.0,5,0.9821428571428571,0.75,0.0,0.0
165,1,AlexandreMotorImagery,0,1.0,6,0.9821428571428571,0.75,0.0,0.0
166,1,AlexandreMotorImagery,1,0.0,1,0.8214285714285714,0.5,0.9956669727105778,0.9836208548421994
167,1,AlexandreMotorImagery,1,0.0,2,1.0,0.75,0.9926416191561844,0.9821975705249543
168,1,AlexandreMotorImagery,1,0.0,3,1.0,0.75,0.9909844331985317,0.9826835703534456
169,1,AlexandreMotorImagery,1,0.0,4,1.0,0.75,0.9878790198048945,0.9792170580445786
170,1,AlexandreMotorImagery,1,0.0,5,1.0,0.75,0.9858855598257311,0.9772825313559333
171,1,AlexandreMotorImagery,1,0.0,6,1.0,1.0,0.9845932985378665,0.9766279691735174
172,1,AlexandreMotorImagery,1,0.0,7,1.0,0.75,0.9833749596587883,0.9768011202464014
173,1,AlexandreMotorImagery,1,0.0,8,1.0,0.75,0.9819121076216859,0.9776509875047779
174,1,AlexandreMotorImagery,1,0.0,9,1.0,0.5,0.9806139635849866,0.9830590040728413
175,1,AlexandreMotorImagery,1,0.0,10,1.0,0.5,0.9792610091518518,0.9826334802167783
176,1,AlexandreMotorImagery,1,0.0,11,1.0,0.75,0.9781874712610987,0.9836529514432112
177,1,AlexandreMotorImagery,1,0.0,12,1.0,0.5,0.9773195442139538,0.9841851119808143
178,1,AlexandreMotorImagery,1,0.0,13,1.0,0.5,0.9762097776114625,0.9834476892704557
179,1,AlexandreMotorImagery,1,0.0,14,1.0,0.5,0.9749446543277425,0.9836023241436453
180,1,AlexandreMotorImagery,1,0.0,15,1.0,0.75,0.9736888921148894,0.9858649662308702
181,1,AlexandreMotorImagery,1,0.0,16,1.0,0.75,0.9730484788544316,0.9856600392202514
182,1,AlexandreMotorImagery,1,0.1,1,0.9821428571428571,0.5,0.9916029471169621,0.9905004918458991
183,1,AlexandreMotorImagery,1,0.1,2,1.0,0.75,0.9879002641811476,0.9906872522416382
184,1,AlexandreMotorImagery,1,0.1,3,1.0,0.75,0.9833615517087916,0.994013749797437
185,1,AlexandreMotorImagery,1,0.1,4,1.0,0.75,0.9805530660568585,0.9925101587664257
186,1,AlexandreMotorImagery,1,0.1,5,1.0,0.5,0.9782479077605263,0.9930170378679116
187,1,AlexandreMotorImagery,1,0.1,6,1.0,0.75,0.9754768175709025,0.9999206901318878
188,1,AlexandreMotorImagery,1,0.1,7,1.0,0.75,0.972893531240544,1.0035961256971042
189,1,AlexandreMotorImagery,1,0.1,8,1.0,0.75,0.9700779745546461,1.0041428722158032
190,1,AlexandreMotorImagery,1,0.1,9,1.0,0.75,0.9678622846844047,1.0036969937158986
191,1,AlexandreMotorImagery,1,0.1,10,1.0,0.75,0.9656684582437919,1.0044043775891551
192,1,AlexandreMotorImagery,1,0.1,11,1.0,0.5,0.9639087004184216,1.0043130261260487
193,1,AlexandreMotorImagery,1,0.1,12,1.0,0.75,0.9614431178793689,1.0044378950008086
194,1,AlexandreMotorImagery,1,0.1,13,1.0,0.75,0.9600831053154674,1.00609054839438
195,1,AlexandreMotorImagery,1,0.1,14,1.0,0.75,0.9579306308467953,1.006895459921031
196,1,AlexandreMotorImagery,1,0.1,15,1.0,0.5,0.9555796230633294,1.0104429865160933
197,1,AlexandreMotorImagery,1,0.1,16,1.0,0.5,0.9541368116065995,1.0090886599659474
198,1,AlexandreMotorImagery,1,0.2,1,0.9642857142857143,0.25,0.9874518488861272,0.9975589205157283
199,1,AlexandreMotorImagery,1,0.2,2,1.0,0.5,0.9782752955299139,0.9912398752363734
200,1,AlexandreMotorImagery,1,0.2,3,1.0,0.25,0.9737460937000137,0.9909622165060626
201,1,AlexandreMotorImagery,1,0.2,4,1.0,0.25,0.9692830908481234,0.9941035391992926
202,1,AlexandreMotorImagery,1,0.2,5,1.0,0.5,0.9636288318965663,0.9979537031545801
203,1,AlexandreMotorImagery,1,0.2,6,1.0,0.5,0.9595003828727584,0.9954195640003846
204,1,AlexandreMotorImagery,1,0.2,7,1.0,0.5,0.9566869648535966,0.9933194245084509
205,1,AlexandreMotorImagery,1,0.2,8,1.0,0.5,0.952580040046599,1.0035037392034043
206,1,AlexandreMotorImagery,1,0.2,9,1.0,0.5,0.9483432490970634,1.007661560373161
207,1,AlexandreMotorImagery,1,0.2,10,1.0,0.5,0.9450917553654052,1.0122134034693584
208,1,AlexandreMotorImagery,1,0.2,11,1.0,0.25,0.9416771725200574,1.0220137912597749
209,1,AlexandreMotorImagery,1,0.2,12,1.0,0.25,0.93838885309338,1.023433107990794
210,1,AlexandreMotorImagery,1,0.2,13,1.0,0.25,0.9349752324834879,1.0324787767212484
211,1,AlexandreMotorImagery,1,0.2,14,1.0,0.25,0.9314574863460431,1.0421216554813086
212,1,AlexandreMotorImagery,1,0.2,15,1.0,0.25,0.9277835503869091,1.0352871408914615
213,1,AlexandreMotorImagery,1,0.2,16,1.0,0.25,0.9252876443226555,1.0417787594062278
214,1,AlexandreMotorImagery,1,0.3,1,0.9464285714285714,0.75,0.9825547104924836,0.9958241825809395
215,1,AlexandreMotorImagery,1,0.3,2,1.0,0.0,0.9712842206255404,1.0173684772344673
216,1,AlexandreMotorImagery,1,0.3,3,1.0,0.0,0.9630132479261391,1.0419116371618813
217,1,AlexandreMotorImagery,1,0.3,4,1.0,0.0,0.9535662810600931,1.0541265024771704
218,1,AlexandreMotorImagery,1,0.3,5,1.0,0.0,0.9450066682089131,1.0767548510162364
219,1,AlexandreMotorImagery,1,0.3,6,1.0,0.0,0.9403865589794724,1.0788101351500832
220,1,AlexandreMotorImagery,1,0.3,7,1.0,0.0,0.9336090777541218,1.0913465719545972
221,1,AlexandreMotorImagery,1,0.3,8,0.9821428571428571,0.0,0.9301891761150967,1.0927745160239846
222,1,AlexandreMotorImagery,1,0.3,9,1.0,0.0,0.9202771915483862,1.1005503988209602
223,1,AlexandreMotorImagery,1,0.3,10,1.0,0.0,0.9114768797074083,1.104532685548788
224,1,AlexandreMotorImagery,1,0.3,11,1.0,0.0,0.9035432927721938,1.1203949053156599
225,1,AlexandreMotorImagery,1,0.3,12,1.0,0.0,0.8968156962027489,1.143619920858848
226,1,AlexandreMotorImagery,1,0.3,13,1.0,0.0,0.8915599292140017,1.1433281253309378
227,1,AlexandreMotorImagery,1,0.3,14,1.0,0.25,0.8853756887007713,1.1903055024210358
228,1,AlexandreMotorImagery,1,0.3,15,1.0,0.25,0.8780430743556912,1.1830269135847638
229,1,AlexandreMotorImagery,1,0.3,16,1.0,0.25,0.8722718722004675,1.20367026067533
230,1,AlexandreMotorImagery,1,0.4,1,0.9464285714285714,0.75,0.9784654446252455,1.0015007194009822
231,1,AlexandreMotorImagery,1,0.4,2,1.0,0.0,0.9670139672307932,1.0273276554829005
232,1,AlexandreMotorImagery,1,0.4,3,1.0,0.0,0.9563918954321967,1.0671172066006833
233,1,AlexandreMotorImagery,1,0.4,4,1.0,0.0,0.9422760229458612,1.083948405331946
234,1,AlexandreMotorImagery,1,0.4,5,1.0,0.0,0.9236390632814039,1.0849049151399808
235,1,AlexandreMotorImagery,1,0.4,6,1.0,0.0,0.9111104263729832,1.0991057737219423
236,1,AlexandreMotorImagery,1,0.4,7,1.0,0.0,0.8991488537538718,1.117165279960281
237,1,AlexandreMotorImagery,1,0.4,8,1.0,0.0,0.8866835162993274,1.1260934972694367
238,1,AlexandreMotorImagery,1,0.4,9,1.0,0.0,0.8772175962002897,1.1482286383745535
239,1,AlexandreMotorImagery,1,0.4,10,1.0,0.0,0.8689504444724251,1.157785533608628
240,1,AlexandreMotorImagery,1,0.4,11,1.0,0.0,0.8573903439382927,1.1793907800745285
241,1,AlexandreMotorImagery,1,0.4,12,1.0,0.0,0.8472344877518453,1.1829907027247106
242,1,AlexandreMotorImagery,1,0.4,13,1.0,0.0,0.8378159419645739,1.176161175528161
243,1,AlexandreMotorImagery,1,0.4,14,1.0,0.0,0.8297003406000044,1.1773721284108798
244,1,AlexandreMotorImagery,1,0.4,15,1.0,0.0,0.8216119594631033,1.1789962425902398
245,1,AlexandreMotorImagery,1,0.4,16,1.0,0.25,0.8134157601806614,1.1850894789014244
246,1,AlexandreMotorImagery,1,0.5,1,0.9821428571428571,0.75,0.9689806012945541,1.022859473949225
247,1,AlexandreMotorImagery,1,0.5,2,0.9642857142857143,0.25,0.9487234045431256,1.0147024982346173
248,1,AlexandreMotorImagery,1,0.5,3,1.0,0.25,0.9293876998488583,1.02163834179098
249,1,AlexandreMotorImagery,1,0.5,4,1.0,0.25,0.9113814771421326,1.0286981718406578
250,1,AlexandreMotorImagery,1,0.5,5,1.0,0.25,0.8953327489715098,1.0482666671735696
251,1,AlexandreMotorImagery,1,0.5,6,1.0,0.25,0.8806435979090985,1.0515805889890582
252,1,AlexandreMotorImagery,1,0.5,7,1.0,0.25,0.8670492451497191,1.070309610909962
253,1,AlexandreMotorImagery,1,0.5,8,1.0,0.25,0.8537793478093282,1.0807184543752129
254,1,AlexandreMotorImagery,1,0.5,9,1.0,0.25,0.8423319803305616,1.0969534130472127
255,1,AlexandreMotorImagery,1,0.5,10,1.0,0.25,0.8303081244132741,1.1214708206827337
256,1,AlexandreMotorImagery,1,0.5,11,1.0,0.25,0.8178112348562178,1.1057582970379252
257,1,AlexandreMotorImagery,1,0.5,12,1.0,0.25,0.8074371195753612,1.1109404776485634
258,1,AlexandreMotorImagery,1,0.5,13,1.0,0.25,0.7958985673769444,1.1132355281140616
259,1,AlexandreMotorImagery,1,0.5,14,1.0,0.25,0.7848343009215146,1.1053537483594675
260,1,AlexandreMotorImagery,1,0.5,15,1.0,0.25,0.7748594691945817,1.1320551905003462
261,1,AlexandreMotorImagery,1,0.5,16,1.0,0.25,0.7656502898383337,1.141973555114152
262,1,AlexandreMotorImagery,1,0.6,1,0.9821428571428571,0.5,0.955475536598353,0.9956189234585839
263,1,AlexandreMotorImagery,1,0.6,2,0.9821428571428571,0.0,0.9247920244767355,1.0398040665914123
264,1,AlexandreMotorImagery,1,0.6,3,0.9821428571428571,0.5,0.9017328781593346,1.0437375600803058
265,1,AlexandreMotorImagery,1,0.6,4,1.0,0.25,0.8779447973628165,1.0510837451472885
266,1,AlexandreMotorImagery,1,0.6,5,0.9821428571428571,0.25,0.8605479298882839,1.0715074189242568
267,1,AlexandreMotorImagery,1,0.6,6,0.9821428571428571,0.25,0.8450178097074807,1.0755650241147974
268,1,AlexandreMotorImagery,1,0.6,7,0.9821428571428571,0.25,0.8283531647358847,1.0820690723641642
269,1,AlexandreMotorImagery,1,0.6,8,0.9642857142857143,0.25,0.8147308333372884,1.1008963550159265
270,1,AlexandreMotorImagery,1,0.6,9,0.9821428571428571,0.25,0.8008473041462568,1.1017604823142535
271,1,AlexandreMotorImagery,1,0.6,10,0.9821428571428571,0.25,0.7869647536894131,1.1248965831484754
272,1,AlexandreMotorImagery,1,0.6,11,0.9821428571428571,0.25,0.7717376240013155,1.1136275818330923
273,1,AlexandreMotorImagery,1,0.6,12,0.9821428571428571,0.25,0.7605327468610065,1.1254120438202189
274,1,AlexandreMotorImagery,1,0.6,13,0.9821428571428571,0.25,0.7511478954960876,1.134786301869642
275,1,AlexandreMotorImagery,1,0.6,14,1.0,0.25,0.7392519282892664,1.1339481208091735
276,1,AlexandreMotorImagery,1,0.6,15,1.0,0.25,0.7279398421826468,1.1422952717243002
277,1,AlexandreMotorImagery,1,0.6,16,1.0,0.0,0.7166862578512354,1.132114507083852
278,1,AlexandreMotorImagery,1,0.7,1,0.9821428571428571,0.75,0.9433753509064629,1.0317123223615583
279,1,AlexandreMotorImagery,1,0.7,2,0.9821428571428571,0.75,0.9035153510456744,1.0566868340341578
280,1,AlexandreMotorImagery,1,0.7,3,0.9821428571428571,0.75,0.8746998158438911,1.0439088465636448
281,1,AlexandreMotorImagery,1,0.7,4,1.0,0.25,0.8470717088634196,1.03489434278319
282,1,AlexandreMotorImagery,1,0.7,5,1.0,0.25,0.8257433109119412,1.0319610296827422
283,1,AlexandreMotorImagery,1,0.7,6,1.0,0.25,0.8034721233033795,1.0163119692313705
284,1,AlexandreMotorImagery,1,0.7,7,1.0,0.0,0.7806115132443439,1.0053508723414264
285,1,AlexandreMotorImagery,1,0.7,8,1.0,0.25,0.7630582102110318,1.0374727454872343
286,1,AlexandreMotorImagery,1,0.7,9,1.0,0.5,0.7443352251799384,1.016438293316806
287,1,AlexandreMotorImagery,1,0.7,10,1.0,0.25,0.7258795927282273,1.0026213888888489
288,1,AlexandreMotorImagery,1,0.7,11,1.0,0.25,0.7048009315092236,0.9824340177718628
289,1,AlexandreMotorImagery,1,0.7,12,1.0,0.25,0.6861281489584898,0.9654835590216502
290,1,AlexandreMotorImagery,1,0.7,13,1.0,0.25,0.6677608967556583,0.9348228422160407
291,1,AlexandreMotorImagery,1,0.7,14,1.0,0.5,0.6528641326794029,0.923565722689279
292,1,AlexandreMotorImagery,1,0.7,15,1.0,0.5,0.640932297510019,0.9155927154647173
293,1,AlexandreMotorImagery,1,0.7,16,1.0,0.5,0.6276663602097412,0.9056470068967534
294,1,AlexandreMotorImagery,1,0.8,1,0.9642857142857143,0.75,0.9225992265625091,0.9962502590676379
295,1,AlexandreMotorImagery,1,0.8,2,1.0,1.0,0.8580261426202236,0.9838950624825539
296,1,AlexandreMotorImagery,1,0.8,3,0.9642857142857143,1.0,0.8280131212619025,1.0168131415175246
297,1,AlexandreMotorImagery,1,0.8,4,0.9821428571428571,0.75,0.8003462672420665,1.0082873041042957
298,1,AlexandreMotorImagery,1,0.8,5,0.9821428571428571,0.75,0.7695893477221635,0.9896656188107753
299,1,AlexandreMotorImagery,1,0.8,6,0.9821428571428571,0.75,0.7361887548498792,0.9407378936509457
300,1,AlexandreMotorImagery,1,0.8,7,1.0,0.75,0.6979946999772182,0.8841686187346107
301,1,AlexandreMotorImagery,1,0.8,8,0.9821428571428571,0.75,0.6566855088096909,0.8208703006118522
302,1,AlexandreMotorImagery,1,0.8,9,0.9821428571428571,0.75,0.6343443812130584,0.7965805223782048
303,1,AlexandreMotorImagery,1,0.8,10,1.0,0.75,0.6085101741236995,0.7739915815428038
304,1,AlexandreMotorImagery,1,0.8,11,1.0,0.75,0.5875649165393401,0.75639496864063
305,1,AlexandreMotorImagery,1,0.8,12,0.9821428571428571,0.75,0.5580279874526394,0.7072219046122519
306,1,AlexandreMotorImagery,1,0.8,13,1.0,0.75,0.5370870171256551,0.6839589619147702
307,1,AlexandreMotorImagery,1,0.8,14,1.0,0.75,0.5228120680053013,0.6753581894247029
308,1,AlexandreMotorImagery,1,0.8,15,1.0,0.75,0.5001307726170174,0.6420690570342239
309,1,AlexandreMotorImagery,1,0.8,16,1.0,0.75,0.4856936655449237,0.631153640830665
310,1,AlexandreMotorImagery,1,0.9,1,0.9821428571428571,1.0,0.8854922836944743,0.9455240708689263
311,1,AlexandreMotorImagery,1,0.9,2,0.9821428571428571,0.75,0.8042915519251614,0.8869909161400514
312,1,AlexandreMotorImagery,1,0.9,3,0.9821428571428571,0.75,0.7248147660560296,0.8166135357393475
313,1,AlexandreMotorImagery,1,0.9,4,1.0,0.75,0.6588587205775572,0.759798204870075
314,1,AlexandreMotorImagery,1,0.9,5,1.0,0.75,0.6193872176944226,0.7205038976621508
315,1,AlexandreMotorImagery,1,0.9,6,1.0,0.75,0.5697177477184738,0.6678227852008964
316,1,AlexandreMotorImagery,1,0.9,7,1.0,0.75,0.5288307042964078,0.6354576294916725
317,1,AlexandreMotorImagery,1,0.9,8,1.0,0.75,0.49929043077265084,0.6040404176488285
318,1,AlexandreMotorImagery,1,0.9,9,1.0,0.75,0.46439917504448036,0.5741323598572284
319,1,AlexandreMotorImagery,1,0.9,10,1.0,0.75,0.4450365331171675,0.5566178872455548
320,1,AlexandreMotorImagery,1,0.9,11,1.0,0.75,0.4216868127026286,0.5458422503092674
321,1,AlexandreMotorImagery,1,0.9,12,1.0,0.75,0.40637734521848684,0.5353041802784275
322,1,AlexandreMotorImagery,1,0.9,13,1.0,0.75,0.38695723281412314,0.5195880098175817
323,1,AlexandreMotorImagery,1,0.9,14,1.0,0.75,0.371946621892803,0.5093851716454584
324,1,AlexandreMotorImagery,1,0.9,15,1.0,0.75,0.35910104257241465,0.5051521627941934
325,1,AlexandreMotorImagery,1,0.9,16,1.0,0.75,0.3446824966460448,0.49046770367856574
326,1,AlexandreMotorImagery,1,1.0,1,0.9285714285714286,0.75,7.210881590841789e-31,7.796640113995408e-31
327,1,AlexandreMotorImagery,1,1.0,2,0.9285714285714286,0.75,0.0,0.0
328,1,AlexandreMotorImagery,1,1.0,3,0.9285714285714286,0.75,0.0,0.0
329,1,AlexandreMotorImagery,1,1.0,4,0.9285714285714286,0.75,0.0,0.0
330,1,AlexandreMotorImagery,1,1.0,5,0.9285714285714286,0.75,0.0,0.0
331,1,AlexandreMotorImagery,1,1.0,6,0.9285714285714286,0.75,0.0,0.0
332,1,AlexandreMotorImagery,2,0.0,1,0.6964285714285714,0.5,0.9962531100571348,0.9241485789207513
333,1,AlexandreMotorImagery,2,0.0,2,0.9107142857142857,0.25,0.9935573107423408,0.927336241580223
334,1,AlexandreMotorImagery,2,0.0,3,1.0,0.5,0.9880820063902517,0.9251209840503769
335,1,AlexandreMotorImagery,2,0.0,4,1.0,0.25,0.98528969573924,0.9254616904476657
336,1,AlexandreMotorImagery,2,0.0,5,1.0,0.25,0.9828496540108731,0.9242785961130784
337,1,AlexandreMotorImagery,2,0.0,6,1.0,0.5,0.9815719730012553,0.9228539454627726
338,1,AlexandreMotorImagery,2,0.0,7,1.0,0.5,0.9807670292715247,0.9224888583674588
339,1,AlexandreMotorImagery,2,0.0,8,1.0,0.75,0.979498606195211,0.9212298822968041
340,1,AlexandreMotorImagery,2,0.0,9,1.0,0.5,0.9782882090557758,0.9213165474644127
341,1,AlexandreMotorImagery,2,0.0,10,1.0,0.5,0.977325514885033,0.9221403145798996
342,1,AlexandreMotorImagery,2,0.0,11,1.0,0.5,0.976203041670587,0.9218254715822292
343,1,AlexandreMotorImagery,2,0.0,12,1.0,0.5,0.9751980924085083,0.9234055430962173
344,1,AlexandreMotorImagery,2,0.0,13,1.0,0.75,0.9741500393188081,0.9210149938200577
345,1,AlexandreMotorImagery,2,0.0,14,1.0,0.75,0.9732479503341106,0.9215000152656877
346,1,AlexandreMotorImagery,2,0.0,15,1.0,0.75,0.9718295634951892,0.9215595333176715
347,1,AlexandreMotorImagery,2,0.0,16,1.0,0.5,0.9707354522918508,0.9211046646861143
348,1,AlexandreMotorImagery,2,0.1,1,0.9285714285714286,0.5,0.9928871693579804,0.9251822716258713
349,1,AlexandreMotorImagery,2,0.1,2,1.0,0.25,0.9881499875995406,0.9203356105572071
350,1,AlexandreMotorImagery,2,0.1,3,1.0,0.25,0.984844581653655,0.9217737454194791
351,1,AlexandreMotorImagery,2,0.1,4,1.0,0.25,0.9821833575252733,0.9209105456913906
352,1,AlexandreMotorImagery,2,0.1,5,1.0,0.25,0.9800216705004757,0.9217018280776865
353,1,AlexandreMotorImagery,2,0.1,6,1.0,0.5,0.9777193999891542,0.920632083818602
354,1,AlexandreMotorImagery,2,0.1,7,1.0,0.75,0.9757472848925568,0.9221531225359749
355,1,AlexandreMotorImagery,2,0.1,8,1.0,0.75,0.9730278390351542,0.9244529509961074
356,1,AlexandreMotorImagery,2,0.1,9,1.0,0.75,0.9713101779367245,0.9231354221407637
357,1,AlexandreMotorImagery,2,0.1,10,1.0,0.25,0.9683534308544869,0.9247590789791491
358,1,AlexandreMotorImagery,2,0.1,11,1.0,0.5,0.9663145734959562,0.9254848171412281
359,1,AlexandreMotorImagery,2,0.1,12,1.0,0.5,0.9637197465583176,0.9288768319550148
360,1,AlexandreMotorImagery,2,0.1,13,1.0,0.5,0.9618354870624218,0.9265266569073084
361,1,AlexandreMotorImagery,2,0.1,14,1.0,0.5,0.9599626236823148,0.9262040176154077
362,1,AlexandreMotorImagery,2,0.1,15,1.0,0.5,0.9587261332049355,0.9264960480503237
363,1,AlexandreMotorImagery,2,0.1,16,1.0,0.5,0.9573978942392712,0.9259991528813188
364,1,AlexandreMotorImagery,2,0.2,1,0.9464285714285714,0.25,0.9907780749618704,0.9255800493104862
365,1,AlexandreMotorImagery,2,0.2,2,1.0,0.25,0.9845186575474076,0.9250022794558527
366,1,AlexandreMotorImagery,2,0.2,3,1.0,0.0,0.9817224854211329,0.9255452824194146
367,1,AlexandreMotorImagery,2,0.2,4,1.0,0.5,0.9759697390181189,0.9213054461319585
368,1,AlexandreMotorImagery,2,0.2,5,1.0,0.5,0.9704519906280384,0.9281789158323116
369,1,AlexandreMotorImagery,2,0.2,6,1.0,0.5,0.9666773129984507,0.9246395817210211
370,1,AlexandreMotorImagery,2,0.2,7,1.0,0.25,0.9620163526938288,0.9314499663699879
371,1,AlexandreMotorImagery,2,0.2,8,1.0,0.25,0.9589116391911041,0.9385599450215754
372,1,AlexandreMotorImagery,2,0.2,9,1.0,0.25,0.9561714661563234,0.9404215121511512
373,1,AlexandreMotorImagery,2,0.2,10,1.0,0.25,0.9519412799209288,0.9397153785994246
374,1,AlexandreMotorImagery,2,0.2,11,1.0,0.25,0.9487306282045692,0.9510866396523382
375,1,AlexandreMotorImagery,2,0.2,12,1.0,0.25,0.9453453011992032,0.9556626537024545
376,1,AlexandreMotorImagery,2,0.2,13,1.0,0.25,0.943406937333004,0.9586991035169072
377,1,AlexandreMotorImagery,2,0.2,14,1.0,0.25,0.9390280893031432,0.9739526909329213
378,1,AlexandreMotorImagery,2,0.2,15,1.0,0.25,0.9345547135822458,0.9713290631929482
379,1,AlexandreMotorImagery,2,0.2,16,1.0,0.5,0.9317381869328049,0.9751412922597223
380,1,AlexandreMotorImagery,2,0.3,1,0.9642857142857143,0.25,0.9860417908664545,0.9234583930097412
381,1,AlexandreMotorImagery,2,0.3,2,0.9821428571428571,0.25,0.9730891632117623,0.928159613169366
382,1,AlexandreMotorImagery,2,0.3,3,1.0,0.0,0.9575028460624163,0.9361191061806927
383,1,AlexandreMotorImagery,2,0.3,4,1.0,0.0,0.9487521924751722,0.9486566782536004
384,1,AlexandreMotorImagery,2,0.3,5,1.0,0.0,0.9411845800639521,0.9610752412672087
385,1,AlexandreMotorImagery,2,0.3,6,1.0,0.0,0.9367687927807564,0.9607590491566935
386,1,AlexandreMotorImagery,2,0.3,7,1.0,0.25,0.9262697116759723,0.973465236413273
387,1,AlexandreMotorImagery,2,0.3,8,1.0,0.25,0.9188083355252564,0.973296550357056
388,1,AlexandreMotorImagery,2,0.3,9,1.0,0.25,0.9107262017678591,1.0013698010348138
389,1,AlexandreMotorImagery,2,0.3,10,1.0,0.25,0.9038331646490336,1.0286995441199824
390,1,AlexandreMotorImagery,2,0.3,11,1.0,0.0,0.8972072607746033,1.0251886505084475
391,1,AlexandreMotorImagery,2,0.3,12,1.0,0.0,0.8917628631281845,1.0426016480875522
392,1,AlexandreMotorImagery,2,0.3,13,1.0,0.25,0.8866475877991966,1.0415384226141189
393,1,AlexandreMotorImagery,2,0.3,14,1.0,0.25,0.8812981587723645,1.0413883072873926
394,1,AlexandreMotorImagery,2,0.3,15,1.0,0.25,0.8763923057719687,1.0435919286610436
395,1,AlexandreMotorImagery,2,0.3,16,1.0,0.25,0.872021640284229,1.0495954398335736
396,1,AlexandreMotorImagery,2,0.4,1,0.9285714285714286,0.0,0.9761742908292658,0.9365382987667034
397,1,AlexandreMotorImagery,2,0.4,2,1.0,0.0,0.9608422345360291,0.9331058010481386
398,1,AlexandreMotorImagery,2,0.4,3,1.0,0.0,0.945021081432814,0.9474414919433856
399,1,AlexandreMotorImagery,2,0.4,4,1.0,0.0,0.9303627086808138,0.9503382354479557
400,1,AlexandreMotorImagery,2,0.4,5,1.0,0.0,0.9160406472118443,0.9602926756230661
401,1,AlexandreMotorImagery,2,0.4,6,1.0,0.0,0.9032067377244078,0.972918112357538
402,1,AlexandreMotorImagery,2,0.4,7,1.0,0.25,0.8912554363701672,1.005766556055217
403,1,AlexandreMotorImagery,2,0.4,8,1.0,0.25,0.8812908821781046,1.0140752487808256
404,1,AlexandreMotorImagery,2,0.4,9,1.0,0.25,0.8702473396449909,1.0348989747677217
405,1,AlexandreMotorImagery,2,0.4,10,1.0,0.25,0.8601543277801413,1.0505303059849171
406,1,AlexandreMotorImagery,2,0.4,11,1.0,0.5,0.8509809580955616,1.0692639300794446
407,1,AlexandreMotorImagery,2,0.4,12,1.0,0.5,0.8424699686338628,1.0834551033219968
408,1,AlexandreMotorImagery,2,0.4,13,1.0,0.5,0.8334847827144838,1.0960861396497643
409,1,AlexandreMotorImagery,2,0.4,14,1.0,0.5,0.8246412514768969,1.1017249394778736
410,1,AlexandreMotorImagery,2,0.4,15,1.0,0.5,0.8158704782690518,1.1169911418596974
411,1,AlexandreMotorImagery,2,0.4,16,1.0,0.5,0.8078538139337689,1.1219778302853884
412,1,AlexandreMotorImagery,2,0.5,1,0.9285714285714286,0.25,0.9703517051797688,0.9434316090677733
413,1,AlexandreMotorImagery,2,0.5,2,0.9642857142857143,0.25,0.9451034502600505,0.9632469250633041
414,1,AlexandreMotorImagery,2,0.5,3,1.0,0.0,0.9215592188784791,0.9803240006021275
415,1,AlexandreMotorImagery,2,0.5,4,1.0,0.0,0.9037142286090667,1.0100124442204355
416,1,AlexandreMotorImagery,2,0.5,5,1.0,0.0,0.8865610160088742,1.0279496920990157
417,1,AlexandreMotorImagery,2,0.5,6,1.0,0.25,0.872884833218372,1.0333423449708083
418,1,AlexandreMotorImagery,2,0.5,7,1.0,0.25,0.8610772752266014,1.0530325571642027
419,1,AlexandreMotorImagery,2,0.5,8,1.0,0.25,0.8487199855621551,1.0696690094888106
420,1,AlexandreMotorImagery,2,0.5,9,1.0,0.0,0.8364282584695231,1.0731545345612936
421,1,AlexandreMotorImagery,2,0.5,10,1.0,0.25,0.8252623213124444,1.088490448689286
422,1,AlexandreMotorImagery,2,0.5,11,1.0,0.25,0.8133815730961564,1.0960058171357032
423,1,AlexandreMotorImagery,2,0.5,12,1.0,0.5,0.8021843973747299,1.1030040186490813
424,1,AlexandreMotorImagery,2,0.5,13,1.0,0.5,0.7924907472658707,1.1103185517015675
425,1,AlexandreMotorImagery,2,0.5,14,1.0,0.5,0.781529403600769,1.1225466468707472
426,1,AlexandreMotorImagery,2,0.5,15,1.0,0.5,0.7710030457059136,1.1183510818291047
427,1,AlexandreMotorImagery,2,0.5,16,1.0,0.5,0.7619986431668112,1.1177840234443732
428,1,AlexandreMotorImagery,2,0.6,1,0.9642857142857143,0.0,0.9563014250370596,0.9747468397842124
429,1,AlexandreMotorImagery,2,0.6,2,0.9464285714285714,0.25,0.9292585158961222,1.025062599719905
430,1,AlexandreMotorImagery,2,0.6,3,0.9821428571428571,0.25,0.9040936948775926,1.0721111786974353
431,1,AlexandreMotorImagery,2,0.6,4,1.0,0.25,0.8791972435945881,1.0401146010238553
432,1,AlexandreMotorImagery,2,0.6,5,1.0,0.25,0.8615039660556839,1.059952740250194
433,1,AlexandreMotorImagery,2,0.6,6,1.0,0.25,0.8457281841304073,1.0592259567452758
434,1,AlexandreMotorImagery,2,0.6,7,1.0,0.25,0.8264867354028458,1.0851295823509242
435,1,AlexandreMotorImagery,2,0.6,8,1.0,0.25,0.8120410221816985,1.116754625159202
436,1,AlexandreMotorImagery,2,0.6,9,1.0,0.25,0.7993186196826719,1.1264838929189889
437,1,AlexandreMotorImagery,2,0.6,10,1.0,0.25,0.7835544452999881,1.1135963197277787
438,1,AlexandreMotorImagery,2,0.6,11,1.0,0.25,0.7714446959085836,1.1066089451092012
439,1,AlexandreMotorImagery,2,0.6,12,1.0,0.25,0.7601693416542604,1.1211207405611994
440,1,AlexandreMotorImagery,2,0.6,13,1.0,0.25,0.7500511295278522,1.1267587431733477
441,1,AlexandreMotorImagery,2,0.6,14,1.0,0.25,0.739157471356879,1.1398168624318503
442,1,AlexandreMotorImagery,2,0.6,15,1.0,0.25,0.7294487581046953,1.1406227910925115
443,1,AlexandreMotorImagery,2,0.6,16,1.0,0.25,0.7179291380843329,1.1380017040076584
444,1,AlexandreMotorImagery,2,0.7,1,0.9107142857142857,0.25,0.9430884858542333,0.9680926955969096
445,1,AlexandreMotorImagery,2,0.7,2,1.0,0.25,0.9055622654055302,0.9851283456471245
446,1,AlexandreMotorImagery,2,0.7,3,0.9642857142857143,0.25,0.8659891174527343,0.9728677560533423
447,1,AlexandreMotorImagery,2,0.7,4,1.0,0.25,0.8427303538686092,0.9921483527501175
448,1,AlexandreMotorImagery,2,0.7,5,1.0,0.5,0.8209711277405701,1.0072587876870824
449,1,AlexandreMotorImagery,2,0.7,6,1.0,0.5,0.8003780705136552,1.026489630498607
450,1,AlexandreMotorImagery,2,0.7,7,1.0,0.5,0.7838819597681848,1.0471823664113844
451,1,AlexandreMotorImagery,2,0.7,8,1.0,0.5,0.7680884961106011,1.036488342798433
452,1,AlexandreMotorImagery,2,0.7,9,1.0,0.5,0.7498586044789524,1.0317472196003306
453,1,AlexandreMotorImagery,2,0.7,10,1.0,0.5,0.7356446227417598,1.027321980591384
454,1,AlexandreMotorImagery,2,0.7,11,1.0,0.5,0.7111145936025377,1.0020436213239916
455,1,AlexandreMotorImagery,2,0.7,12,1.0,0.5,0.6957074016598701,0.9857226970862868
456,1,AlexandreMotorImagery,2,0.7,13,1.0,0.5,0.6756130014734187,0.9735924614803031
457,1,AlexandreMotorImagery,2,0.7,14,1.0,0.5,0.6543768705113844,0.9275836695962763
458,1,AlexandreMotorImagery,2,0.7,15,1.0,0.5,0.6388815657377261,0.9101812069625661
459,1,AlexandreMotorImagery,2,0.7,16,1.0,0.5,0.6246887883392813,0.8990031426855752
460,1,AlexandreMotorImagery,2,0.8,1,0.9464285714285714,0.5,0.9223008446827784,0.9878658525562944
461,1,AlexandreMotorImagery,2,0.8,2,0.9821428571428571,0.25,0.8625382262450555,0.9754466001838643
462,1,AlexandreMotorImagery,2,0.8,3,1.0,0.25,0.8122885585127907,0.942085649783783
463,1,AlexandreMotorImagery,2,0.8,4,0.9821428571428571,0.25,0.7784111908264529,0.9185964535544735
464,1,AlexandreMotorImagery,2,0.8,5,1.0,0.25,0.7444116242555486,0.862522925698022
465,1,AlexandreMotorImagery,2,0.8,6,1.0,0.25,0.7138111147934283,0.8297606305649033
466,1,AlexandreMotorImagery,2,0.8,7,1.0,0.25,0.681514735508462,0.7946602385319204
467,1,AlexandreMotorImagery,2,0.8,8,1.0,0.25,0.6584747996744449,0.7787589625639747
468,1,AlexandreMotorImagery,2,0.8,9,1.0,0.25,0.6329793817734132,0.7518542119074917
469,1,AlexandreMotorImagery,2,0.8,10,1.0,0.25,0.6131438183490695,0.7321749905236575
470,1,AlexandreMotorImagery,2,0.8,11,1.0,0.25,0.5907660664988268,0.7187008989918071
471,1,AlexandreMotorImagery,2,0.8,12,1.0,0.25,0.5731866695233777,0.7307579012714692
472,1,AlexandreMotorImagery,2,0.8,13,1.0,0.25,0.545801397690261,0.7008480716615614
473,1,AlexandreMotorImagery,2,0.8,14,1.0,0.25,0.526641383868223,0.6810977902689915
474,1,AlexandreMotorImagery,2,0.8,15,1.0,0.25,0.5115812038296835,0.663997493919437
475,1,AlexandreMotorImagery,2,0.8,16,1.0,0.25,0.49468462393074414,0.6514583394057343
476,1,AlexandreMotorImagery,2,0.9,1,0.9464285714285714,0.25,0.8874328689098367,0.9379845237136083
477,1,AlexandreMotorImagery,2,0.9,2,1.0,0.25,0.7808208036134926,0.8689701500326694
478,1,AlexandreMotorImagery,2,0.9,3,1.0,0.25,0.7174416769274589,0.8056807070767351
479,1,AlexandreMotorImagery,2,0.9,4,1.0,0.25,0.663676901276269,0.7621760146137843
480,1,AlexandreMotorImagery,2,0.9,5,1.0,0.25,0.6112686497573935,0.7144688295777185
481,1,AlexandreMotorImagery,2,0.9,6,1.0,0.25,0.5648792250644555,0.663503937753142
482,1,AlexandreMotorImagery,2,0.9,7,1.0,0.25,0.5286415803388143,0.6339645180391688
483,1,AlexandreMotorImagery,2,0.9,8,1.0,0.25,0.49054272974631147,0.605760347560971
484,1,AlexandreMotorImagery,2,0.9,9,1.0,0.25,0.45167412001637564,0.5557360773775549
485,1,AlexandreMotorImagery,2,0.9,10,1.0,0.25,0.4336224902026091,0.5466711816233778
486,1,AlexandreMotorImagery,2,0.9,11,1.0,0.25,0.4151034612107525,0.5376029853449518
487,1,AlexandreMotorImagery,2,0.9,12,1.0,0.25,0.3985224927304801,0.5209454933554576
488,1,AlexandreMotorImagery,2,0.9,13,1.0,0.0,0.3851778183512613,0.512870830722843
489,1,AlexandreMotorImagery,2,0.9,14,1.0,0.25,0.3696687642504361,0.4986707834384967
490,1,AlexandreMotorImagery,2,0.9,15,1.0,0.25,0.3574371854323811,0.49580073862794877
491,1,AlexandreMotorImagery,2,0.9,16,1.0,0.0,0.3413589079621623,0.4761334299399057
492,1,AlexandreMotorImagery,2,1.0,1,0.9642857142857143,0.25,7.371306476493782e-31,7.273886657096427e-31
493,1,AlexandreMotorImagery,2,1.0,2,0.9642857142857143,0.25,0.0,0.0
494,1,AlexandreMotorImagery,2,1.0,3,0.9642857142857143,0.25,0.0,0.0
495,1,AlexandreMotorImagery,2,1.0,4,0.9642857142857143,0.25,0.0,0.0
496,1,AlexandreMotorImagery,2,1.0,5,0.9642857142857143,0.25,0.0,0.0
497,1,AlexandreMotorImagery,2,1.0,6,0.9642857142857143,0.25,0.0,0.0
498,1,AlexandreMotorImagery,3,0.0,1,0.7857142857142857,0.25,0.9944479649757945,1.0288062775342925
499,1,AlexandreMotorImagery,3,0.0,2,1.0,0.25,0.9889184062259965,1.022289794841196
500,1,AlexandreMotorImagery,3,0.0,3,1.0,0.5,0.9867424193449007,1.0218384836699326
501,1,AlexandreMotorImagery,3,0.0,4,1.0,0.25,0.9848144699979853,1.0215133835989751
502,1,AlexandreMotorImagery,3,0.0,5,1.0,0.5,0.9839908863697205,1.0215358286680616
503,1,AlexandreMotorImagery,3,0.0,6,1.0,0.5,0.9828679627412953,1.0206919477679635
504,1,AlexandreMotorImagery,3,0.0,7,1.0,0.5,0.9815483180492592,1.0236198978542093
505,1,AlexandreMotorImagery,3,0.0,8,1.0,0.5,0.9795757138402496,1.0265889707687486
506,1,AlexandreMotorImagery,3,0.0,9,1.0,0.75,0.9787289433467664,1.0273591887527869
507,1,AlexandreMotorImagery,3,0.0,10,1.0,0.75,0.9778030661224762,1.0273791904582392
508,1,AlexandreMotorImagery,3,0.0,11,1.0,0.75,0.9766302137230832,1.0309758818247614
509,1,AlexandreMotorImagery,3,0.0,12,1.0,0.75,0.9758345897165145,1.030767989018803
510,1,AlexandreMotorImagery,3,0.0,13,1.0,0.75,0.9751255221657176,1.0328249193313723
511,1,AlexandreMotorImagery,3,0.0,14,1.0,0.75,0.9744664751031425,1.0348505649273865
512,1,AlexandreMotorImagery,3,0.0,15,1.0,0.75,0.9733688663344197,1.0345063023060428
513,1,AlexandreMotorImagery,3,0.0,16,1.0,0.75,0.9721692319706124,1.0329930568210275
514,1,AlexandreMotorImagery,3,0.1,1,0.9821428571428571,0.0,0.9877933128171493,1.0036033124178099
515,1,AlexandreMotorImagery,3,0.1,2,1.0,0.25,0.9829444380333078,1.0074174378088674
516,1,AlexandreMotorImagery,3,0.1,3,1.0,0.0,0.9803385082431063,1.0060919619229718
517,1,AlexandreMotorImagery,3,0.1,4,1.0,0.0,0.9758184872934297,1.007019034075434
518,1,AlexandreMotorImagery,3,0.1,5,1.0,0.0,0.9741214622820977,1.0062140462203295
519,1,AlexandreMotorImagery,3,0.1,6,1.0,0.0,0.9720008550282011,1.0108641657391755
520,1,AlexandreMotorImagery,3,0.1,7,1.0,0.0,0.969676082923389,1.010270412573266
521,1,AlexandreMotorImagery,3,0.1,8,1.0,0.0,0.9670299054793443,1.0090832698673644
522,1,AlexandreMotorImagery,3,0.1,9,1.0,0.0,0.964531107147215,1.0103557812895054
523,1,AlexandreMotorImagery,3,0.1,10,1.0,0.0,0.9623715996215965,1.0065830205227146
524,1,AlexandreMotorImagery,3,0.1,11,1.0,0.0,0.9600436980158817,1.007787047742532
525,1,AlexandreMotorImagery,3,0.1,12,1.0,0.25,0.9582470960496946,1.010322332250296
526,1,AlexandreMotorImagery,3,0.1,13,1.0,0.25,0.9558562063273396,1.014757475404546
527,1,AlexandreMotorImagery,3,0.1,14,1.0,0.0,0.9545020459073333,1.0138754935113232
528,1,AlexandreMotorImagery,3,0.1,15,1.0,0.0,0.9526077159365588,1.0108309174682837
529,1,AlexandreMotorImagery,3,0.1,16,1.0,0.25,0.9502401745651098,1.0021808921583528
530,1,AlexandreMotorImagery,3,0.2,1,0.9821428571428571,0.0,0.9854563477422071,1.005674369331515
531,1,AlexandreMotorImagery,3,0.2,2,1.0,0.25,0.9781149522490673,1.0231677420989433
532,1,AlexandreMotorImagery,3,0.2,3,1.0,0.5,0.9726902138917136,1.0202686547144881
533,1,AlexandreMotorImagery,3,0.2,4,1.0,0.25,0.9685215041905078,1.0309373389512444
534,1,AlexandreMotorImagery,3,0.2,5,1.0,0.5,0.9634993795125107,1.033867416186638
535,1,AlexandreMotorImagery,3,0.2,6,1.0,0.0,0.9587183158073717,1.0323379618086985
536,1,AlexandreMotorImagery,3,0.2,7,1.0,0.0,0.9534196890342148,1.0315535031210863
537,1,AlexandreMotorImagery,3,0.2,8,1.0,0.0,0.9492453995614808,1.0398689693649226
538,1,AlexandreMotorImagery,3,0.2,9,1.0,0.0,0.9459305655002763,1.0473167007552477
539,1,AlexandreMotorImagery,3,0.2,10,1.0,0.0,0.943010601562579,1.0530194275911844
540,1,AlexandreMotorImagery,3,0.2,11,1.0,0.0,0.9411670465958011,1.0530183016882613
541,1,AlexandreMotorImagery,3,0.2,12,1.0,0.0,0.936704423332817,1.0773059997539218
542,1,AlexandreMotorImagery,3,0.2,13,1.0,0.0,0.9331514329727615,1.0766558862319708
543,1,AlexandreMotorImagery,3,0.2,14,1.0,0.0,0.9305040010216641,1.0767527465788689
544,1,AlexandreMotorImagery,3,0.2,15,1.0,0.0,0.9284150696957512,1.077296892035855
545,1,AlexandreMotorImagery,3,0.2,16,1.0,0.0,0.9248873434867351,1.0845405916909552
546,1,AlexandreMotorImagery,3,0.3,1,0.9285714285714286,0.0,0.980249981029052,1.0087861366730413
547,1,AlexandreMotorImagery,3,0.3,2,1.0,0.0,0.9677974834756107,1.0129542287734026
548,1,AlexandreMotorImagery,3,0.3,3,1.0,0.25,0.9585490018697306,1.0399669501930544
549,1,AlexandreMotorImagery,3,0.3,4,1.0,0.5,0.9491433159266129,1.0615383319239002
550,1,AlexandreMotorImagery,3,0.3,5,1.0,0.25,0.9394038091934444,1.0640233529480143
551,1,AlexandreMotorImagery,3,0.3,6,1.0,0.0,0.9305907308485802,1.0864191964295558
552,1,AlexandreMotorImagery,3,0.3,7,0.9821428571428571,0.0,0.9242460934511643,1.0929008595253167
553,1,AlexandreMotorImagery,3,0.3,8,0.9821428571428571,0.0,0.9195996857437256,1.0939529227767582
554,1,AlexandreMotorImagery,3,0.3,9,1.0,0.0,0.9155972000989278,1.0971981045473842
555,1,AlexandreMotorImagery,3,0.3,10,1.0,0.0,0.9072108201570012,1.1175240937476718
556,1,AlexandreMotorImagery,3,0.3,11,1.0,0.25,0.8984557006034158,1.1438515195617254
557,1,AlexandreMotorImagery,3,0.3,12,1.0,0.25,0.8930960413251252,1.1566431163302706
558,1,AlexandreMotorImagery,3,0.3,13,1.0,0.25,0.8842202476624224,1.1333860373628932
559,1,AlexandreMotorImagery,3,0.3,14,1.0,0.25,0.880027071806016,1.1407722274461976
560,1,AlexandreMotorImagery,3,0.3,15,1.0,0.25,0.8739526369563156,1.1538672730220612
561,1,AlexandreMotorImagery,3,0.3,16,1.0,0.0,0.8689911129475225,1.1544650919663875
562,1,AlexandreMotorImagery,3,0.4,1,0.9285714285714286,0.0,0.9767365119559458,1.0156520868741803
563,1,AlexandreMotorImagery,3,0.4,2,1.0,0.0,0.9632519132750065,1.0193697833983213
564,1,AlexandreMotorImagery,3,0.4,3,1.0,0.0,0.9530101141956236,1.0484603043293035
565,1,AlexandreMotorImagery,3,0.4,4,1.0,0.0,0.9410715906244362,1.0800074866266773
566,1,AlexandreMotorImagery,3,0.4,5,1.0,0.25,0.9308741841519227,1.0939493529570734
567,1,AlexandreMotorImagery,3,0.4,6,1.0,0.0,0.9174299324774012,1.120605203365989
568,1,AlexandreMotorImagery,3,0.4,7,0.9821428571428571,0.25,0.9051281508706004,1.1312091483295894
569,1,AlexandreMotorImagery,3,0.4,8,0.9821428571428571,0.25,0.8942346093512323,1.1335750175979546
570,1,AlexandreMotorImagery,3,0.4,9,0.9821428571428571,0.25,0.88431782835777,1.1474388133158637
571,1,AlexandreMotorImagery,3,0.4,10,0.9821428571428571,0.25,0.8742790671875876,1.167078238540741
572,1,AlexandreMotorImagery,3,0.4,11,0.9821428571428571,0.25,0.8679636935406251,1.169121793099926
573,1,AlexandreMotorImagery,3,0.4,12,0.9821428571428571,0.25,0.855748762515834,1.1907430900751006
574,1,AlexandreMotorImagery,3,0.4,13,0.9821428571428571,0.25,0.845243305427177,1.1950382967901354
575,1,AlexandreMotorImagery,3,0.4,14,1.0,0.25,0.8356558325056662,1.194561976768782
576,1,AlexandreMotorImagery,3,0.4,15,0.9821428571428571,0.25,0.8272277572968164,1.2037294428274758
577,1,AlexandreMotorImagery,3,0.4,16,1.0,0.0,0.8197219393724506,1.2175458796111924
578,1,AlexandreMotorImagery,3,0.5,1,0.9285714285714286,0.0,0.9665212271804696,1.026207814364866
579,1,AlexandreMotorImagery,3,0.5,2,0.9821428571428571,0.0,0.9432522453028076,1.0492703995977752
580,1,AlexandreMotorImagery,3,0.5,3,1.0,0.0,0.9204154432226663,1.0638736630701844
581,1,AlexandreMotorImagery,3,0.5,4,0.9642857142857143,0.0,0.9025188949546545,1.0593902219510754
582,1,AlexandreMotorImagery,3,0.5,5,0.9642857142857143,0.25,0.8877313443167858,1.0702798970766383
583,1,AlexandreMotorImagery,3,0.5,6,0.9821428571428571,0.25,0.8735918748738148,1.0592737926439997
584,1,AlexandreMotorImagery,3,0.5,7,1.0,0.25,0.8621438612369549,1.0789786321550168
585,1,AlexandreMotorImagery,3,0.5,8,1.0,0.25,0.8507060065531733,1.1151961137334192
586,1,AlexandreMotorImagery,3,0.5,9,1.0,0.25,0.838123357468325,1.1166766913054214
587,1,AlexandreMotorImagery,3,0.5,10,1.0,0.25,0.8259548118832302,1.1211635090220518
588,1,AlexandreMotorImagery,3,0.5,11,1.0,0.25,0.8154906572983719,1.1286602404995314
589,1,AlexandreMotorImagery,3,0.5,12,1.0,0.25,0.8039742719945305,1.160346245369339
590,1,AlexandreMotorImagery,3,0.5,13,1.0,0.25,0.794728315691922,1.1753510769018354
591,1,AlexandreMotorImagery,3,0.5,14,1.0,0.25,0.7854175630132819,1.1934964441907656
592,1,AlexandreMotorImagery,3,0.5,15,1.0,0.25,0.7756328952538981,1.1967788374781747
593,1,AlexandreMotorImagery,3,0.5,16,1.0,0.25,0.7660232874492681,1.2149821357565538
594,1,AlexandreMotorImagery,3,0.6,1,0.9821428571428571,0.0,0.9495716195991459,1.0577797121005077
595,1,AlexandreMotorImagery,3,0.6,2,0.9464285714285714,0.25,0.915474610064627,1.034140779700145
596,1,AlexandreMotorImagery,3,0.6,3,1.0,0.5,0.891820528442527,1.06314113639452
597,1,AlexandreMotorImagery,3,0.6,4,1.0,0.5,0.8724525273339041,1.0698300662815943
598,1,AlexandreMotorImagery,3,0.6,5,1.0,0.25,0.8561118057141963,1.0907188780748813
599,1,AlexandreMotorImagery,3,0.6,6,0.9821428571428571,0.5,0.8396922511571541,1.1032924728814242
600,1,AlexandreMotorImagery,3,0.6,7,1.0,0.5,0.8186054224841027,1.1006162337879992
601,1,AlexandreMotorImagery,3,0.6,8,1.0,0.5,0.8024466046862381,1.1039919796963633
602,1,AlexandreMotorImagery,3,0.6,9,1.0,0.5,0.7886336107247826,1.0999722432790968
603,1,AlexandreMotorImagery,3,0.6,10,1.0,0.5,0.7755902996449467,1.1501278611608
604,1,AlexandreMotorImagery,3,0.6,11,1.0,0.5,0.7638873299803206,1.1493228650996472
605,1,AlexandreMotorImagery,3,0.6,12,1.0,0.5,0.753019365905451,1.163239577040671
606,1,AlexandreMotorImagery,3,0.6,13,1.0,0.25,0.7425091320856861,1.1823783411054523
607,1,AlexandreMotorImagery,3,0.6,14,1.0,0.25,0.7309166636195873,1.171755444062487
608,1,AlexandreMotorImagery,3,0.6,15,1.0,0.25,0.7218839938892792,1.175201777127466
609,1,AlexandreMotorImagery,3,0.6,16,1.0,0.25,0.7094212697157833,1.1599853233785125
610,1,AlexandreMotorImagery,3,0.7,1,0.9642857142857143,0.0,0.9361386004444489,1.0451588748309684
611,1,AlexandreMotorImagery,3,0.7,2,0.9642857142857143,0.0,0.8931768998627184,1.0247914326469398
612,1,AlexandreMotorImagery,3,0.7,3,0.9642857142857143,0.0,0.8600607112591789,1.0018443610129908
613,1,AlexandreMotorImagery,3,0.7,4,0.9821428571428571,0.0,0.8370698128660131,1.035285978039197
614,1,AlexandreMotorImagery,3,0.7,5,0.9821428571428571,0.0,0.8173893257968111,1.0680585116511319
615,1,AlexandreMotorImagery,3,0.7,6,1.0,0.25,0.7963538093826074,1.0877312557349175
616,1,AlexandreMotorImagery,3,0.7,7,1.0,0.25,0.7788020454673673,1.0707719177970214
617,1,AlexandreMotorImagery,3,0.7,8,1.0,0.0,0.7614692144693764,1.0913172865788172
618,1,AlexandreMotorImagery,3,0.7,9,1.0,0.25,0.7441179783763598,1.0737187060544555
619,1,AlexandreMotorImagery,3,0.7,10,1.0,0.25,0.7237795311286305,1.0569607083250714
620,1,AlexandreMotorImagery,3,0.7,11,1.0,0.25,0.707936261395425,1.0532273193079504
621,1,AlexandreMotorImagery,3,0.7,12,1.0,0.25,0.6893491685194133,1.0288226297962881
622,1,AlexandreMotorImagery,3,0.7,13,1.0,0.0,0.66962418056359,0.9749213872669009
623,1,AlexandreMotorImagery,3,0.7,14,1.0,0.25,0.6542090255881424,0.9563987690803553
624,1,AlexandreMotorImagery,3,0.7,15,1.0,0.25,0.6395765677584078,0.9417028139583077
625,1,AlexandreMotorImagery,3,0.7,16,1.0,0.25,0.6224056534885392,0.9308591577872642
626,1,AlexandreMotorImagery,3,0.8,1,0.9821428571428571,0.25,0.9209427335496605,1.0808919342708494
627,1,AlexandreMotorImagery,3,0.8,2,0.9464285714285714,0.25,0.8574315872801608,1.0390995923034803
628,1,AlexandreMotorImagery,3,0.8,3,0.9821428571428571,0.0,0.8167154474192979,1.0362886063145935
629,1,AlexandreMotorImagery,3,0.8,4,1.0,0.0,0.7842814863213389,1.0158696800222717
630,1,AlexandreMotorImagery,3,0.8,5,1.0,0.0,0.7564224752461965,0.9901589726297847
631,1,AlexandreMotorImagery,3,0.8,6,1.0,0.0,0.7228368270452072,0.9703556067445641
632,1,AlexandreMotorImagery,3,0.8,7,1.0,0.0,0.6889334071072571,0.9246764028484482
633,1,AlexandreMotorImagery,3,0.8,8,1.0,0.0,0.6625405509228899,0.8902922248829328
634,1,AlexandreMotorImagery,3,0.8,9,1.0,0.0,0.6363122595545654,0.8684598365935994
635,1,AlexandreMotorImagery,3,0.8,10,1.0,0.25,0.6084701724115825,0.8203083302062898
636,1,AlexandreMotorImagery,3,0.8,11,1.0,0.25,0.5849565518947214,0.7995886904388874
637,1,AlexandreMotorImagery,3,0.8,12,1.0,0.25,0.566941897564496,0.7864556866180302
638,1,AlexandreMotorImagery,3,0.8,13,1.0,0.25,0.5444063626041109,0.7594046001295341
639,1,AlexandreMotorImagery,3,0.8,14,1.0,0.25,0.5268838476541232,0.7399469718843944
640,1,AlexandreMotorImagery,3,0.8,15,1.0,0.25,0.5105600830069431,0.7261913254057583
641,1,AlexandreMotorImagery,3,0.8,16,1.0,0.25,0.4952788502873329,0.7105610980375653
642,1,AlexandreMotorImagery,3,0.9,1,0.9285714285714286,0.25,0.8934117172411427,1.049578999635212
643,1,AlexandreMotorImagery,3,0.9,2,0.9464285714285714,0.0,0.8038052389486613,0.9352229570016314
644,1,AlexandreMotorImagery,3,0.9,3,0.9821428571428571,0.5,0.7275303367722403,0.8619117020770031
645,1,AlexandreMotorImagery,3,0.9,4,0.9821428571428571,0.0,0.6609796915846735,0.789209009671802
646,1,AlexandreMotorImagery,3,0.9,5,0.9821428571428571,0.0,0.6183906175525624,0.7506554739914996
647,1,AlexandreMotorImagery,3,0.9,6,1.0,0.0,0.5715100334265323,0.7051557831652521
648,1,AlexandreMotorImagery,3,0.9,7,1.0,0.0,0.54296413353793,0.687053687836151
649,1,AlexandreMotorImagery,3,0.9,8,1.0,0.0,0.5170073860100249,0.6715760372774833
650,1,AlexandreMotorImagery,3,0.9,9,1.0,0.0,0.4812908191664372,0.6478670898649007
651,1,AlexandreMotorImagery,3,0.9,10,1.0,0.0,0.45185503801385524,0.6096058523122656
652,1,AlexandreMotorImagery,3,0.9,11,1.0,0.0,0.4276095023065002,0.5723151362572502
653,1,AlexandreMotorImagery,3,0.9,12,1.0,0.0,0.4126985295932538,0.5627286800410864
654,1,AlexandreMotorImagery,3,0.9,13,1.0,0.0,0.39400155744121873,0.5482344981520664
655,1,AlexandreMotorImagery,3,0.9,14,1.0,0.0,0.3813604039987722,0.5467118840541135
656,1,AlexandreMotorImagery,3,0.9,15,1.0,0.0,0.36836409823990135,0.5396664858205482
657,1,AlexandreMotorImagery,3,0.9,16,1.0,0.0,0.35518639743114444,0.5281111143371054
658,1,AlexandreMotorImagery,3,1.0,1,0.9285714285714286,0.0,6.179336430663284e-31,7.001737219768946e-31
659,1,AlexandreMotorImagery,3,1.0,2,0.9285714285714286,0.0,0.0,0.0
660,1,AlexandreMotorImagery,3,1.0,3,0.9285714285714286,0.0,0.0,0.0
661,1,AlexandreMotorImagery,3,1.0,4,0.9285714285714286,0.0,0.0,0.0
662,1,AlexandreMotorImagery,3,1.0,5,0.9285714285714286,0.0,0.0,0.0
663,1,AlexandreMotorImagery,3,1.0,6,0.9285714285714286,0.0,0.0,0.0
664,1,AlexandreMotorImagery,4,0.0,1,0.8928571428571429,0.25,0.9937866076969123,1.0516021829637718
665,1,AlexandreMotorImagery,4,0.0,2,0.9821428571428571,0.25,0.9911968867636805,1.0542138537526224
666,1,AlexandreMotorImagery,4,0.0,3,1.0,0.5,0.9852437580961767,1.0425751062567654
667,1,AlexandreMotorImagery,4,0.0,4,1.0,0.5,0.9837860884650727,1.0410261750614562
668,1,AlexandreMotorImagery,4,0.0,5,1.0,0.5,0.9823913084796966,1.0415226667627773
669,1,AlexandreMotorImagery,4,0.0,6,0.9821428571428571,0.5,0.9808973037524525,1.040373261929338
670,1,AlexandreMotorImagery,4,0.0,7,1.0,0.25,0.978992383105999,1.030593540224426
671,1,AlexandreMotorImagery,4,0.0,8,1.0,0.25,0.978035019440035,1.0312694514870997
672,1,AlexandreMotorImagery,4,0.0,9,1.0,0.25,0.9769711756751118,1.0319109656149117
673,1,AlexandreMotorImagery,4,0.0,10,1.0,0.25,0.9755175693975952,1.0322236297738379
674,1,AlexandreMotorImagery,4,0.0,11,1.0,0.25,0.9743752674750091,1.0344377629778596
675,1,AlexandreMotorImagery,4,0.0,12,1.0,0.25,0.9735151314262057,1.0340406774912345
676,1,AlexandreMotorImagery,4,0.0,13,1.0,0.25,0.9726982486111079,1.0338626206975785
677,1,AlexandreMotorImagery,4,0.0,14,1.0,0.25,0.9720374072024104,1.0339982386692577
678,1,AlexandreMotorImagery,4,0.0,15,1.0,0.25,0.9705933544174647,1.0333753994990613
679,1,AlexandreMotorImagery,4,0.0,16,1.0,0.25,0.9694432216800771,1.0327115102652782
680,1,AlexandreMotorImagery,4,0.1,1,0.9107142857142857,0.0,0.9936999912925896,1.0453216624213204
681,1,AlexandreMotorImagery,4,0.1,2,0.9107142857142857,0.0,0.9887600657339637,1.0444622843172522
682,1,AlexandreMotorImagery,4,0.1,3,1.0,0.0,0.9852873519439937,1.0459676571032694
683,1,AlexandreMotorImagery,4,0.1,4,1.0,0.25,0.9825570531253495,1.0471377125520365
684,1,AlexandreMotorImagery,4,0.1,5,1.0,0.25,0.980009434185283,1.0474193000613397
685,1,AlexandreMotorImagery,4,0.1,6,1.0,0.5,0.9777301046270817,1.0491440236870466
686,1,AlexandreMotorImagery,4,0.1,7,1.0,0.5,0.9761894713594821,1.0490333956730113
687,1,AlexandreMotorImagery,4,0.1,8,1.0,0.5,0.9744954533659597,1.0483224510221674
688,1,AlexandreMotorImagery,4,0.1,9,1.0,0.25,0.972632294320529,1.0474566450323861
689,1,AlexandreMotorImagery,4,0.1,10,1.0,0.25,0.9711670830788262,1.0472668887386878
690,1,AlexandreMotorImagery,4,0.1,11,1.0,0.0,0.9676570816721617,1.0403068343190722
691,1,AlexandreMotorImagery,4,0.1,12,1.0,0.0,0.9655675386916128,1.040735439590403
692,1,AlexandreMotorImagery,4,0.1,13,1.0,0.0,0.9626989469462283,1.0513043666508133
693,1,AlexandreMotorImagery,4,0.1,14,1.0,0.0,0.9582619178567856,1.0338884239287753
694,1,AlexandreMotorImagery,4,0.1,15,1.0,0.0,0.9565786395104421,1.0343550269836794
695,1,AlexandreMotorImagery,4,0.1,16,1.0,0.0,0.9552877026870732,1.0357557821055892
696,1,AlexandreMotorImagery,4,0.2,1,0.9285714285714286,0.5,0.9900154513454271,1.0440833645298067
697,1,AlexandreMotorImagery,4,0.2,2,0.9821428571428571,0.0,0.9824253750040337,1.0448239099250805
698,1,AlexandreMotorImagery,4,0.2,3,1.0,0.0,0.976798688897011,1.0445496480158634
699,1,AlexandreMotorImagery,4,0.2,4,1.0,0.25,0.9739477422970171,1.0416116930812738
700,1,AlexandreMotorImagery,4,0.2,5,1.0,0.0,0.9671201078200707,1.0327576647506111
701,1,AlexandreMotorImagery,4,0.2,6,1.0,0.25,0.9629121404483122,1.035883528036337
702,1,AlexandreMotorImagery,4,0.2,7,1.0,0.25,0.9591773953354263,1.0387107562682505
703,1,AlexandreMotorImagery,4,0.2,8,1.0,0.0,0.9556698223071817,1.0472208895653305
704,1,AlexandreMotorImagery,4,0.2,9,1.0,0.0,0.9527820069020763,1.0464405809944906
705,1,AlexandreMotorImagery,4,0.2,10,1.0,0.0,0.9496709566532355,1.0495333464576257
706,1,AlexandreMotorImagery,4,0.2,11,1.0,0.0,0.945602885065774,1.0511322736384854
707,1,AlexandreMotorImagery,4,0.2,12,1.0,0.0,0.9409755784185169,1.0639423930402698
708,1,AlexandreMotorImagery,4,0.2,13,1.0,0.0,0.9386238072552904,1.0636869136834133
709,1,AlexandreMotorImagery,4,0.2,14,1.0,0.0,0.9358763136278649,1.0620096784222228
710,1,AlexandreMotorImagery,4,0.2,15,1.0,0.0,0.9318441191654123,1.0552901888914341
711,1,AlexandreMotorImagery,4,0.2,16,1.0,0.0,0.9272051524544097,1.0560522822117413
712,1,AlexandreMotorImagery,4,0.3,1,0.9285714285714286,0.5,0.9796920304162424,1.074559077583394
713,1,AlexandreMotorImagery,4,0.3,2,0.9821428571428571,0.0,0.9684440598249332,1.0599699408870187
714,1,AlexandreMotorImagery,4,0.3,3,1.0,0.0,0.9582141073850421,1.0662241090769273
715,1,AlexandreMotorImagery,4,0.3,4,1.0,0.0,0.9493482911167906,1.0667868467244785
716,1,AlexandreMotorImagery,4,0.3,5,1.0,0.25,0.9428669110967486,1.0680478447790116
717,1,AlexandreMotorImagery,4,0.3,6,1.0,0.25,0.938311250339686,1.067057864147406
718,1,AlexandreMotorImagery,4,0.3,7,1.0,0.25,0.9286781857968047,1.0804002775558728
719,1,AlexandreMotorImagery,4,0.3,8,1.0,0.25,0.9213664712742883,1.086323918099015
720,1,AlexandreMotorImagery,4,0.3,9,1.0,0.25,0.9131875564670295,1.1087557134544586
721,1,AlexandreMotorImagery,4,0.3,10,1.0,0.25,0.9042242553551467,1.1003318393104573
722,1,AlexandreMotorImagery,4,0.3,11,1.0,0.25,0.8946774522293065,1.1128539261499628
723,1,AlexandreMotorImagery,4,0.3,12,1.0,0.25,0.8880456366376824,1.1038599697206557
724,1,AlexandreMotorImagery,4,0.3,13,1.0,0.25,0.8822539439164666,1.1063970987787726
725,1,AlexandreMotorImagery,4,0.3,14,1.0,0.25,0.8769915519762874,1.1156532064393179
726,1,AlexandreMotorImagery,4,0.3,15,1.0,0.25,0.8716555070798457,1.1175217619905575
727,1,AlexandreMotorImagery,4,0.3,16,1.0,0.25,0.8675726971577791,1.1154233953122294
728,1,AlexandreMotorImagery,4,0.4,1,0.9107142857142857,0.75,0.9795017516007677,1.0751335625016627
729,1,AlexandreMotorImagery,4,0.4,2,0.9642857142857143,0.5,0.9655650207087385,1.0660553628351268
730,1,AlexandreMotorImagery,4,0.4,3,1.0,0.5,0.9523420903905252,1.0545557195354358
731,1,AlexandreMotorImagery,4,0.4,4,1.0,0.25,0.9369110174831727,1.0603730015953359
732,1,AlexandreMotorImagery,4,0.4,5,1.0,0.25,0.9229959718697601,1.0812509955364398
733,1,AlexandreMotorImagery,4,0.4,6,1.0,0.5,0.9106262953758066,1.0972542068816982
734,1,AlexandreMotorImagery,4,0.4,7,1.0,0.25,0.8973942164087169,1.1037015622525939
735,1,AlexandreMotorImagery,4,0.4,8,1.0,0.25,0.8857006778875453,1.1088846581781233
736,1,AlexandreMotorImagery,4,0.4,9,1.0,0.5,0.8754515352985364,1.1119047681876255
737,1,AlexandreMotorImagery,4,0.4,10,1.0,0.5,0.8657433462592166,1.1254084098819985
738,1,AlexandreMotorImagery,4,0.4,11,1.0,0.5,0.8574044902569621,1.1457291594775167
739,1,AlexandreMotorImagery,4,0.4,12,1.0,0.5,0.8508326712103317,1.1503087870489255
740,1,AlexandreMotorImagery,4,0.4,13,1.0,0.5,0.842936631054497,1.145980491005768
741,1,AlexandreMotorImagery,4,0.4,14,1.0,0.5,0.8346206786547428,1.1520985746124373
742,1,AlexandreMotorImagery,4,0.4,15,1.0,0.25,0.8259452444658635,1.165601263036693
743,1,AlexandreMotorImagery,4,0.4,16,1.0,0.25,0.8174361664630629,1.1891100743884477
744,1,AlexandreMotorImagery,4,0.5,1,0.9464285714285714,0.5,0.965533334736994,1.04771000899413
745,1,AlexandreMotorImagery,4,0.5,2,0.9821428571428571,0.25,0.9431418774171223,1.05172166874244
746,1,AlexandreMotorImagery,4,0.5,3,1.0,0.25,0.922164964785657,1.0587715795382966
747,1,AlexandreMotorImagery,4,0.5,4,0.9821428571428571,0.5,0.9070621713865057,1.0755403481559667
748,1,AlexandreMotorImagery,4,0.5,5,0.9821428571428571,0.5,0.8916479219995554,1.1232361026156215
749,1,AlexandreMotorImagery,4,0.5,6,0.9821428571428571,0.5,0.8774869156793154,1.1158587141311946
750,1,AlexandreMotorImagery,4,0.5,7,0.9821428571428571,0.5,0.8654112502187334,1.1384722143601533
751,1,AlexandreMotorImagery,4,0.5,8,1.0,0.5,0.85364142043036,1.1505176031715656
752,1,AlexandreMotorImagery,4,0.5,9,1.0,0.5,0.8412679705696237,1.1681800750536127
753,1,AlexandreMotorImagery,4,0.5,10,1.0,0.5,0.828456710977308,1.1533604646402618
754,1,AlexandreMotorImagery,4,0.5,11,1.0,0.25,0.8177236305908221,1.1456129945477045
755,1,AlexandreMotorImagery,4,0.5,12,1.0,0.25,0.8075146204419348,1.1477077160471627
756,1,AlexandreMotorImagery,4,0.5,13,1.0,0.25,0.7976933538988398,1.156859217977205
757,1,AlexandreMotorImagery,4,0.5,14,1.0,0.25,0.7881314794609828,1.1724304430444772
758,1,AlexandreMotorImagery,4,0.5,15,1.0,0.25,0.7792078741542786,1.1750152048976987
759,1,AlexandreMotorImagery,4,0.5,16,1.0,0.5,0.7705372916996573,1.1826417851827853
760,1,AlexandreMotorImagery,4,0.6,1,0.9464285714285714,0.5,0.9521775449812462,1.0192923091654085
761,1,AlexandreMotorImagery,4,0.6,2,0.9821428571428571,0.25,0.9202386442516339,1.0588356486452557
762,1,AlexandreMotorImagery,4,0.6,3,0.9821428571428571,0.5,0.8991598912489234,1.0844214819790465
763,1,AlexandreMotorImagery,4,0.6,4,0.9821428571428571,0.5,0.881440452219261,1.0985794705851042
764,1,AlexandreMotorImagery,4,0.6,5,0.9821428571428571,0.5,0.8666463598351171,1.1140672484789509
765,1,AlexandreMotorImagery,4,0.6,6,1.0,0.5,0.8502147383855654,1.1459550397205696
766,1,AlexandreMotorImagery,4,0.6,7,1.0,0.5,0.835379764879529,1.157010165579293
767,1,AlexandreMotorImagery,4,0.6,8,1.0,0.5,0.818858954855751,1.1454247945864113
768,1,AlexandreMotorImagery,4,0.6,9,1.0,0.5,0.8055090186818746,1.152713517202237
769,1,AlexandreMotorImagery,4,0.6,10,1.0,0.5,0.7920580836670335,1.1724892476051207
770,1,AlexandreMotorImagery,4,0.6,11,1.0,0.5,0.7811114596609261,1.198458142076819
771,1,AlexandreMotorImagery,4,0.6,12,1.0,0.25,0.7707713482786017,1.19961444300746
772,1,AlexandreMotorImagery,4,0.6,13,1.0,0.25,0.7597573481055062,1.2098413299394988
773,1,AlexandreMotorImagery,4,0.6,14,1.0,0.25,0.7487209052061444,1.2075077352133299
774,1,AlexandreMotorImagery,4,0.6,15,1.0,0.25,0.7386793054447865,1.2030451272605454
775,1,AlexandreMotorImagery,4,0.6,16,1.0,0.25,0.7286251839283697,1.2185533640351305
776,1,AlexandreMotorImagery,4,0.7,1,0.9464285714285714,0.5,0.9413323033656086,1.0294675776239517
777,1,AlexandreMotorImagery,4,0.7,2,0.9464285714285714,0.25,0.8999018793161969,1.0416528409656096
778,1,AlexandreMotorImagery,4,0.7,3,0.9642857142857143,0.5,0.8703939445488335,1.0440879694967544
779,1,AlexandreMotorImagery,4,0.7,4,1.0,0.5,0.8458806213625133,1.0515905657812366
780,1,AlexandreMotorImagery,4,0.7,5,1.0,0.5,0.8260039152931146,1.0707230225580475
781,1,AlexandreMotorImagery,4,0.7,6,1.0,0.5,0.8070927540602435,1.1020795588787962
782,1,AlexandreMotorImagery,4,0.7,7,1.0,0.5,0.7898132419281432,1.093384562666319
783,1,AlexandreMotorImagery,4,0.7,8,1.0,0.5,0.7710505182756262,1.0805540533261129
784,1,AlexandreMotorImagery,4,0.7,9,1.0,0.5,0.7546399252504636,1.0986578422103275
785,1,AlexandreMotorImagery,4,0.7,10,1.0,0.5,0.7333645052477328,1.0583578351111473
786,1,AlexandreMotorImagery,4,0.7,11,1.0,0.5,0.7158626268089783,1.0178422476104407
787,1,AlexandreMotorImagery,4,0.7,12,1.0,0.5,0.701269071159896,1.0065539614111498
788,1,AlexandreMotorImagery,4,0.7,13,1.0,0.5,0.6845997097238783,0.9972156688412459
789,1,AlexandreMotorImagery,4,0.7,14,1.0,0.5,0.6648213619979358,0.9622233515733009
790,1,AlexandreMotorImagery,4,0.7,15,1.0,0.5,0.6471644859355338,0.9435270344506246
791,1,AlexandreMotorImagery,4,0.7,16,1.0,0.5,0.6249602709259228,0.9168519347225504
792,1,AlexandreMotorImagery,4,0.8,1,0.9464285714285714,0.75,0.9227078275807928,1.0285881555390959
793,1,AlexandreMotorImagery,4,0.8,2,0.9642857142857143,0.25,0.8655713828617557,0.9542809048191394
794,1,AlexandreMotorImagery,4,0.8,3,0.9642857142857143,0.5,0.835298793292322,1.0102655517114658
795,1,AlexandreMotorImagery,4,0.8,4,0.9821428571428571,0.25,0.8069406416244398,0.9914786141770279
796,1,AlexandreMotorImagery,4,0.8,5,0.9821428571428571,0.25,0.7781864178451012,0.9666058772520876
797,1,AlexandreMotorImagery,4,0.8,6,0.9821428571428571,0.5,0.7450053460515461,0.9269333575042635
798,1,AlexandreMotorImagery,4,0.8,7,0.9821428571428571,0.5,0.7165258713977384,0.9020865349822835
799,1,AlexandreMotorImagery,4,0.8,8,0.9821428571428571,0.5,0.6916969604051331,0.8917390901809862
800,1,AlexandreMotorImagery,4,0.8,9,0.9821428571428571,0.5,0.6517813198653941,0.8319035642619521
801,1,AlexandreMotorImagery,4,0.8,10,1.0,0.25,0.6277144684600066,0.8059342842355561
802,1,AlexandreMotorImagery,4,0.8,11,1.0,0.25,0.6066904766176363,0.7887316570021574
803,1,AlexandreMotorImagery,4,0.8,12,1.0,0.25,0.587510030226409,0.7687546788302116
804,1,AlexandreMotorImagery,4,0.8,13,1.0,0.25,0.5686273235249216,0.7595163071368731
805,1,AlexandreMotorImagery,4,0.8,14,1.0,0.25,0.546936627716132,0.742895702492151
806,1,AlexandreMotorImagery,4,0.8,15,1.0,0.25,0.5258882414240194,0.7119213348162832
807,1,AlexandreMotorImagery,4,0.8,16,1.0,0.25,0.504857515844057,0.6830884015732588
808,1,AlexandreMotorImagery,4,0.9,1,0.9107142857142857,0.5,0.8935473214747401,0.944586097164693
809,1,AlexandreMotorImagery,4,0.9,2,0.9642857142857143,0.5,0.8122383944158043,0.8865252715456909
810,1,AlexandreMotorImagery,4,0.9,3,0.9107142857142857,0.5,0.7430589725429672,0.824838374631188
811,1,AlexandreMotorImagery,4,0.9,4,0.9464285714285714,0.5,0.6832819701223338,0.7726824654042584
812,1,AlexandreMotorImagery,4,0.9,5,0.9642857142857143,0.5,0.639868611286969,0.7318843197489961
813,1,AlexandreMotorImagery,4,0.9,6,0.9285714285714286,0.5,0.5878049683278593,0.6783604843567052
814,1,AlexandreMotorImagery,4,0.9,7,0.9464285714285714,0.5,0.5495224289649991,0.6461756518439229
815,1,AlexandreMotorImagery,4,0.9,8,0.9821428571428571,0.5,0.5075649505506223,0.6087712978381425
816,1,AlexandreMotorImagery,4,0.9,9,0.9464285714285714,0.5,0.47035901098019045,0.5742123623679052
817,1,AlexandreMotorImagery,4,0.9,10,0.9642857142857143,0.5,0.4478525395374087,0.5553249765259638
818,1,AlexandreMotorImagery,4,0.9,11,0.9642857142857143,0.5,0.4192919414886812,0.5190102400580052
819,1,AlexandreMotorImagery,4,0.9,12,0.9642857142857143,0.5,0.396190645011651,0.4979481573558456
820,1,AlexandreMotorImagery,4,0.9,13,0.9642857142857143,0.5,0.3815528015467071,0.5290652509740645
821,1,AlexandreMotorImagery,4,0.9,14,0.9642857142857143,0.5,0.36273791959771096,0.5055868835649469
822,1,AlexandreMotorImagery,4,0.9,15,0.9642857142857143,0.5,0.35144082017192585,0.49160094201920657
823,1,AlexandreMotorImagery,4,0.9,16,0.9642857142857143,0.5,0.33634245096604704,0.477775846692593
824,1,AlexandreMotorImagery,4,1.0,1,0.9464285714285714,0.5,7.01360923215146e-31,7.149950775472724e-31
825,1,AlexandreMotorImagery,4,1.0,2,0.9464285714285714,0.5,0.0,0.0
826,1,AlexandreMotorImagery,4,1.0,3,0.9464285714285714,0.5,0.0,0.0
827,1,AlexandreMotorImagery,4,1.0,4,0.9464285714285714,0.5,0.0,0.0
828,1,AlexandreMotorImagery,4,1.0,5,0.9464285714285714,0.5,0.0,0.0
829,1,AlexandreMotorImagery,4,1.0,6,0.9464285714285714,0.5,0.0,0.0
830,1,AlexandreMotorImagery,5,0.0,1,0.8035714285714286,0.25,0.9964703210085321,0.967469863098339
831,1,AlexandreMotorImagery,5,0.0,2,0.9821428571428571,0.25,0.9938257795200517,0.9642540608310934
832,1,AlexandreMotorImagery,5,0.0,3,1.0,0.25,0.9897876118447949,0.9599978488832664
833,1,AlexandreMotorImagery,5,0.0,4,1.0,0.25,0.9840238681242431,0.9620349396409521
834,1,AlexandreMotorImagery,5,0.0,5,1.0,0.25,0.9815193353234001,0.9580588197182809
835,1,AlexandreMotorImagery,5,0.0,6,1.0,0.25,0.9798766705933455,0.9578528975202658
836,1,AlexandreMotorImagery,5,0.0,7,1.0,0.25,0.9786463850365844,0.957755509117508
837,1,AlexandreMotorImagery,5,0.0,8,1.0,0.5,0.9774623425844021,0.9567855468382238
838,1,AlexandreMotorImagery,5,0.0,9,1.0,0.25,0.9766533387676505,0.9575619644673296
839,1,AlexandreMotorImagery,5,0.0,10,1.0,0.5,0.97581934828275,0.9572818946440027
840,1,AlexandreMotorImagery,5,0.0,11,1.0,0.25,0.9746924419471564,0.9615519037998178
841,1,AlexandreMotorImagery,5,0.0,12,1.0,0.25,0.973942403730921,0.9632496911421611
842,1,AlexandreMotorImagery,5,0.0,13,1.0,0.5,0.9731963916013657,0.9645838669702095
843,1,AlexandreMotorImagery,5,0.0,14,1.0,0.75,0.9723888672458603,0.9643528386026797
844,1,AlexandreMotorImagery,5,0.0,15,1.0,0.75,0.9711614966665613,0.9632009827942506
845,1,AlexandreMotorImagery,5,0.0,16,1.0,0.5,0.9701383863952504,0.9631689207095473
846,1,AlexandreMotorImagery,5,0.1,1,0.9285714285714286,0.5,0.9908636751383014,0.95594228005112
847,1,AlexandreMotorImagery,5,0.1,2,1.0,0.25,0.9863651017996666,0.9577243479832458
848,1,AlexandreMotorImagery,5,0.1,3,1.0,0.25,0.9797997474800277,0.9608921458865555
849,1,AlexandreMotorImagery,5,0.1,4,1.0,0.5,0.977151547356487,0.9640038351926424
850,1,AlexandreMotorImagery,5,0.1,5,1.0,0.5,0.9747621696298711,0.9684994058578376
851,1,AlexandreMotorImagery,5,0.1,6,1.0,0.5,0.9718401791109597,0.964685594492367
852,1,AlexandreMotorImagery,5,0.1,7,1.0,0.5,0.9699566078425703,0.9641618342517572
853,1,AlexandreMotorImagery,5,0.1,8,1.0,0.5,0.9666270070690219,0.9682680197849677
854,1,AlexandreMotorImagery,5,0.1,9,1.0,0.5,0.9641641807887871,0.9719441055059207
855,1,AlexandreMotorImagery,5,0.1,10,1.0,0.5,0.9623304970105081,0.9707010051010927
856,1,AlexandreMotorImagery,5,0.1,11,1.0,0.5,0.9598340843524285,0.9710894961716127
857,1,AlexandreMotorImagery,5,0.1,12,1.0,0.5,0.9581820588984185,0.9717016660557661
858,1,AlexandreMotorImagery,5,0.1,13,1.0,0.5,0.955922766456327,0.9731187064700009
859,1,AlexandreMotorImagery,5,0.1,14,1.0,0.5,0.9544937638260338,0.9745780049261491
860,1,AlexandreMotorImagery,5,0.1,15,1.0,0.25,0.9518711801866324,0.9785102238331063
861,1,AlexandreMotorImagery,5,0.1,16,1.0,0.25,0.9503560589943054,0.9786609535197548
862,1,AlexandreMotorImagery,5,0.2,1,0.9107142857142857,0.25,0.9899016279307379,0.9627121510412116
863,1,AlexandreMotorImagery,5,0.2,2,0.9107142857142857,0.25,0.9868054841607198,0.9676425734553273
864,1,AlexandreMotorImagery,5,0.2,3,1.0,0.5,0.9811975770202506,0.9698774675646147
865,1,AlexandreMotorImagery,5,0.2,4,1.0,0.75,0.9744096983232123,0.9667890054760155
866,1,AlexandreMotorImagery,5,0.2,5,1.0,0.5,0.9698062112589201,0.976355048156207
867,1,AlexandreMotorImagery,5,0.2,6,1.0,0.25,0.9642104890887807,0.9684582158423437
868,1,AlexandreMotorImagery,5,0.2,7,1.0,0.0,0.9600183267644741,0.9703928323711833
869,1,AlexandreMotorImagery,5,0.2,8,1.0,0.25,0.9554054308998506,0.9706689973839251
870,1,AlexandreMotorImagery,5,0.2,9,1.0,0.25,0.952543088156249,0.9781859339767645
871,1,AlexandreMotorImagery,5,0.2,10,1.0,0.25,0.9499558635104906,0.9805874493324163
872,1,AlexandreMotorImagery,5,0.2,11,1.0,0.25,0.9476942840012034,0.9797155733276511
873,1,AlexandreMotorImagery,5,0.2,12,1.0,0.25,0.9427412606933987,0.9761572958046697
874,1,AlexandreMotorImagery,5,0.2,13,1.0,0.25,0.9391593623612852,0.9888865093514307
875,1,AlexandreMotorImagery,5,0.2,14,1.0,0.25,0.9350902237249797,0.9884613582042545
876,1,AlexandreMotorImagery,5,0.2,15,1.0,0.25,0.9310461073276747,0.9960359475558656
877,1,AlexandreMotorImagery,5,0.2,16,1.0,0.25,0.9283952953468101,1.0017765041890956
878,1,AlexandreMotorImagery,5,0.3,1,0.9285714285714286,0.25,0.9817499542104834,1.0057604296252955
879,1,AlexandreMotorImagery,5,0.3,2,1.0,0.5,0.9686763159971514,1.0174953406398928
880,1,AlexandreMotorImagery,5,0.3,3,1.0,0.5,0.9548290546390077,1.052395624200943
881,1,AlexandreMotorImagery,5,0.3,4,1.0,0.5,0.944110584856237,1.0508046634638184
882,1,AlexandreMotorImagery,5,0.3,5,1.0,0.5,0.9352416216697994,1.0622939430797793
883,1,AlexandreMotorImagery,5,0.3,6,1.0,0.5,0.9274749780967516,1.0657737062599915
884,1,AlexandreMotorImagery,5,0.3,7,1.0,0.5,0.9184933142152444,1.0797402185244742
885,1,AlexandreMotorImagery,5,0.3,8,1.0,0.5,0.9120256596875447,1.0817854776721687
886,1,AlexandreMotorImagery,5,0.3,9,1.0,0.5,0.9032639739591527,1.0726941656556008
887,1,AlexandreMotorImagery,5,0.3,10,1.0,0.5,0.8983114463201874,1.068383419223585
888,1,AlexandreMotorImagery,5,0.3,11,1.0,0.5,0.891248561072994,1.072263617584455
889,1,AlexandreMotorImagery,5,0.3,12,1.0,0.5,0.8861284202321777,1.0790020033786172
890,1,AlexandreMotorImagery,5,0.3,13,1.0,0.5,0.881949873684796,1.083631540924034
891,1,AlexandreMotorImagery,5,0.3,14,1.0,0.5,0.8755118512008194,1.1144746769798626
892,1,AlexandreMotorImagery,5,0.3,15,1.0,0.5,0.8703284734640228,1.1517040337942728
893,1,AlexandreMotorImagery,5,0.3,16,1.0,0.5,0.8667145742558816,1.1544687519295775
894,1,AlexandreMotorImagery,5,0.4,1,0.9107142857142857,0.25,0.9792752064118119,1.006467040453574
895,1,AlexandreMotorImagery,5,0.4,2,0.9642857142857143,0.75,0.962768298985887,1.0115918119689404
896,1,AlexandreMotorImagery,5,0.4,3,1.0,0.75,0.9467304310322753,1.056980072361907
897,1,AlexandreMotorImagery,5,0.4,4,1.0,0.5,0.9338032478630255,1.0926874400793916
898,1,AlexandreMotorImagery,5,0.4,5,1.0,0.5,0.9159480344469685,1.1226383701948788
899,1,AlexandreMotorImagery,5,0.4,6,1.0,0.5,0.9044824584589188,1.145010092178313
900,1,AlexandreMotorImagery,5,0.4,7,1.0,0.5,0.8931244060230068,1.1598613835949176
901,1,AlexandreMotorImagery,5,0.4,8,0.9821428571428571,0.5,0.8843547527261498,1.167051237142356
902,1,AlexandreMotorImagery,5,0.4,9,0.9821428571428571,0.5,0.8751009909762626,1.1767721982739303
903,1,AlexandreMotorImagery,5,0.4,10,1.0,0.5,0.867482183770251,1.1803494536562986
904,1,AlexandreMotorImagery,5,0.4,11,0.9821428571428571,0.25,0.8575464896322096,1.1994698152969865
905,1,AlexandreMotorImagery,5,0.4,12,1.0,0.25,0.8481299367393696,1.2154106374373956
906,1,AlexandreMotorImagery,5,0.4,13,1.0,0.25,0.8389697847780475,1.225341190456651
907,1,AlexandreMotorImagery,5,0.4,14,1.0,0.25,0.8309143692806001,1.2279503888905356
908,1,AlexandreMotorImagery,5,0.4,15,1.0,0.25,0.8209517668314444,1.2322968175041336
909,1,AlexandreMotorImagery,5,0.4,16,1.0,0.0,0.8124448801000393,1.2392297675504798
910,1,AlexandreMotorImagery,5,0.5,1,0.9285714285714286,0.25,0.9711312859864185,0.9891178849546686
911,1,AlexandreMotorImagery,5,0.5,2,0.9464285714285714,0.25,0.94788881516343,1.0276156421053755
912,1,AlexandreMotorImagery,5,0.5,3,1.0,0.75,0.9259859677168059,1.0374390164499303
913,1,AlexandreMotorImagery,5,0.5,4,1.0,0.75,0.9095456061865417,1.0642554192840619
914,1,AlexandreMotorImagery,5,0.5,5,0.9821428571428571,0.75,0.8934668629620214,1.0746353876503087
915,1,AlexandreMotorImagery,5,0.5,6,1.0,0.75,0.8781647669118422,1.1159515605830876
916,1,AlexandreMotorImagery,5,0.5,7,1.0,0.75,0.8637460380624242,1.154503988032221
917,1,AlexandreMotorImagery,5,0.5,8,1.0,0.75,0.8513066735644184,1.1768161685187253
918,1,AlexandreMotorImagery,5,0.5,9,1.0,0.75,0.8384028243925528,1.2035376742776738
919,1,AlexandreMotorImagery,5,0.5,10,1.0,0.75,0.8267430851430588,1.2187447890861245
920,1,AlexandreMotorImagery,5,0.5,11,1.0,0.75,0.8152102514904823,1.2514490101748437
921,1,AlexandreMotorImagery,5,0.5,12,1.0,0.75,0.8037496193213034,1.2554899139098252
922,1,AlexandreMotorImagery,5,0.5,13,1.0,0.75,0.7936902678296593,1.251426078700891
923,1,AlexandreMotorImagery,5,0.5,14,1.0,0.75,0.7839161777200602,1.2635336996085815
924,1,AlexandreMotorImagery,5,0.5,15,1.0,0.75,0.7754291295370583,1.2683855856953343
925,1,AlexandreMotorImagery,5,0.5,16,1.0,0.75,0.7665709334766662,1.2844346275972738
926,1,AlexandreMotorImagery,5,0.6,1,1.0,0.25,0.9548990118006493,0.9552553914169464
927,1,AlexandreMotorImagery,5,0.6,2,1.0,0.75,0.9250478760822882,0.958244337602306
928,1,AlexandreMotorImagery,5,0.6,3,1.0,0.5,0.9033041992320859,0.972140478426856
929,1,AlexandreMotorImagery,5,0.6,4,1.0,0.5,0.8797012162189418,0.9771816520109898
930,1,AlexandreMotorImagery,5,0.6,5,1.0,0.75,0.8637887644260415,1.0063466833932804
931,1,AlexandreMotorImagery,5,0.6,6,1.0,0.5,0.8502620309768366,1.0219265555633534
932,1,AlexandreMotorImagery,5,0.6,7,1.0,0.5,0.83365044140403,1.0368348162559156
933,1,AlexandreMotorImagery,5,0.6,8,1.0,0.5,0.8166420880355737,1.0394373921870768
934,1,AlexandreMotorImagery,5,0.6,9,1.0,0.5,0.797514144621785,1.023800860680799
935,1,AlexandreMotorImagery,5,0.6,10,1.0,0.5,0.7840745000147141,1.0306005773747788
936,1,AlexandreMotorImagery,5,0.6,11,1.0,0.5,0.7712818977359575,1.0385715330131013
937,1,AlexandreMotorImagery,5,0.6,12,1.0,0.5,0.7594100512449833,1.0510510630258108
938,1,AlexandreMotorImagery,5,0.6,13,1.0,0.75,0.7474091551247426,1.0544286034565613
939,1,AlexandreMotorImagery,5,0.6,14,1.0,0.75,0.7372937035183917,1.0593703003454253
940,1,AlexandreMotorImagery,5,0.6,15,1.0,0.75,0.7271784904277419,1.050073024748843
941,1,AlexandreMotorImagery,5,0.6,16,1.0,0.75,0.7166063960552626,1.043476015413008
942,1,AlexandreMotorImagery,5,0.7,1,0.9821428571428571,0.5,0.9421474578328412,0.9738242227345919
943,1,AlexandreMotorImagery,5,0.7,2,0.9285714285714286,0.25,0.9003309366536995,0.9864136435434788
944,1,AlexandreMotorImagery,5,0.7,3,0.9464285714285714,0.25,0.8740986576340971,1.019764514929206
945,1,AlexandreMotorImagery,5,0.7,4,0.9821428571428571,0.75,0.8518113932879132,1.0295262552834155
946,1,AlexandreMotorImagery,5,0.7,5,0.9642857142857143,0.5,0.8300359724724305,1.0325794033459885
947,1,AlexandreMotorImagery,5,0.7,6,1.0,0.5,0.8093302744262497,1.0391363564170704
948,1,AlexandreMotorImagery,5,0.7,7,1.0,0.5,0.7870636899232477,1.0539769565433146
949,1,AlexandreMotorImagery,5,0.7,8,1.0,0.25,0.7703093912129151,1.050545070406299
950,1,AlexandreMotorImagery,5,0.7,9,1.0,0.5,0.7366763863781034,1.0089356016064235
951,1,AlexandreMotorImagery,5,0.7,10,1.0,0.75,0.7177575891053182,0.9902235576577607
952,1,AlexandreMotorImagery,5,0.7,11,1.0,0.5,0.7027032531966958,0.9802813395815387
953,1,AlexandreMotorImagery,5,0.7,12,1.0,0.75,0.686787658850831,0.965298522741496
954,1,AlexandreMotorImagery,5,0.7,13,1.0,0.5,0.6657680363116192,0.9437428373006777
955,1,AlexandreMotorImagery,5,0.7,14,1.0,0.5,0.6520316330574755,0.9218269309756668
956,1,AlexandreMotorImagery,5,0.7,15,1.0,0.75,0.632360679386563,0.8930656028964822
957,1,AlexandreMotorImagery,5,0.7,16,1.0,0.75,0.61968432565912,0.8841469793167691
958,1,AlexandreMotorImagery,5,0.8,1,0.9642857142857143,0.5,0.9237989815119432,1.0778982400522261
959,1,AlexandreMotorImagery,5,0.8,2,0.9821428571428571,0.25,0.8586908223745188,0.9994922088095402
960,1,AlexandreMotorImagery,5,0.8,3,0.9821428571428571,0.25,0.827597554199059,1.0412605102053851
961,1,AlexandreMotorImagery,5,0.8,4,1.0,0.5,0.8019404739668534,1.0298188123348408
962,1,AlexandreMotorImagery,5,0.8,5,1.0,0.5,0.7723609808486791,1.0196274412110677
963,1,AlexandreMotorImagery,5,0.8,6,1.0,0.25,0.7415343982866481,0.9918776113601153
964,1,AlexandreMotorImagery,5,0.8,7,1.0,0.25,0.7120667309728519,0.9723536945823091
965,1,AlexandreMotorImagery,5,0.8,8,1.0,0.5,0.685336384915047,0.9485707444384663
966,1,AlexandreMotorImagery,5,0.8,9,1.0,0.5,0.663265041923399,0.9266388950436054
967,1,AlexandreMotorImagery,5,0.8,10,1.0,0.75,0.6411141478213904,0.9120248991073218
968,1,AlexandreMotorImagery,5,0.8,11,1.0,0.5,0.6092686917665074,0.8676336370267073
969,1,AlexandreMotorImagery,5,0.8,12,1.0,0.5,0.5915768376684664,0.8451202402619712
970,1,AlexandreMotorImagery,5,0.8,13,1.0,0.5,0.5744974810133929,0.8312412315163632
971,1,AlexandreMotorImagery,5,0.8,14,1.0,0.5,0.5483972303490002,0.7970884271057622
972,1,AlexandreMotorImagery,5,0.8,15,1.0,0.5,0.5337925915530329,0.7799957374425585
973,1,AlexandreMotorImagery,5,0.8,16,1.0,0.5,0.5161789653980876,0.7642123983783882
974,1,AlexandreMotorImagery,5,0.9,1,1.0,0.5,0.885772230530157,1.0114036646331792
975,1,AlexandreMotorImagery,5,0.9,2,0.9642857142857143,0.5,0.800085229731337,0.9088533840068674
976,1,AlexandreMotorImagery,5,0.9,3,0.9821428571428571,0.25,0.7375528491392523,0.8535955120574013
977,1,AlexandreMotorImagery,5,0.9,4,0.9642857142857143,0.5,0.6797061629130031,0.785004486178746
978,1,AlexandreMotorImagery,5,0.9,5,0.9821428571428571,0.5,0.6348859412463211,0.7440028260124797
979,1,AlexandreMotorImagery,5,0.9,6,0.9821428571428571,0.5,0.5976098624092289,0.7068090277501716
980,1,AlexandreMotorImagery,5,0.9,7,0.9821428571428571,0.5,0.5649540611181244,0.6714710362134181
981,1,AlexandreMotorImagery,5,0.9,8,0.9821428571428571,0.5,0.5286845247226276,0.6375606872526921
982,1,AlexandreMotorImagery,5,0.9,9,0.9821428571428571,0.5,0.505039862730283,0.6167335986289638
983,1,AlexandreMotorImagery,5,0.9,10,0.9821428571428571,0.5,0.480156903633317,0.602716350815499
984,1,AlexandreMotorImagery,5,0.9,11,0.9821428571428571,0.5,0.4592230880573902,0.6672316295276737
985,1,AlexandreMotorImagery,5,0.9,12,0.9821428571428571,0.5,0.4405807056337469,0.6572925124896006
986,1,AlexandreMotorImagery,5,0.9,13,0.9821428571428571,0.5,0.42613842541872954,0.6495815133106019
987,1,AlexandreMotorImagery,5,0.9,14,1.0,0.5,0.407793894142356,0.6425231272731954
988,1,AlexandreMotorImagery,5,0.9,15,1.0,0.5,0.39520745194872753,0.6418932059201227
989,1,AlexandreMotorImagery,5,0.9,16,1.0,0.5,0.38113415837796427,0.6268894246278188
990,1,AlexandreMotorImagery,5,1.0,1,0.9821428571428571,0.25,7.0171350951721974e-31,7.052881053050679e-31
991,1,AlexandreMotorImagery,5,1.0,2,0.9821428571428571,0.25,0.0,0.0
992,1,AlexandreMotorImagery,5,1.0,3,0.9821428571428571,0.25,0.0,0.0
993,1,AlexandreMotorImagery,5,1.0,4,0.9821428571428571,0.25,0.0,0.0
994,1,AlexandreMotorImagery,5,1.0,5,0.9821428571428571,0.25,0.0,0.0
995,1,AlexandreMotorImagery,5,1.0,6,0.9821428571428571,0.25,0.0,0.0
996,1,AlexandreMotorImagery,6,0.0,1,0.7142857142857143,0.25,0.9922121549253818,1.1021634459508527
997,1,AlexandreMotorImagery,6,0.0,2,0.9821428571428571,0.25,0.9880903664248537,1.1032506803631532
998,1,AlexandreMotorImagery,6,0.0,3,0.9821428571428571,0.0,0.9857164270575369,1.102474396449992
999,1,AlexandreMotorImagery,6,0.0,4,1.0,0.0,0.9840760209987612,1.10246456961916
1000,1,AlexandreMotorImagery,6,0.0,5,1.0,0.0,0.9822113654482647,1.10191379648735
1001,1,AlexandreMotorImagery,6,0.0,6,1.0,0.0,0.981200714504035,1.103278001352299
1002,1,AlexandreMotorImagery,6,0.0,7,1.0,0.0,0.9796388184259371,1.1054443320725438
1003,1,AlexandreMotorImagery,6,0.0,8,1.0,0.0,0.9784923808695256,1.1052495058933844
1004,1,AlexandreMotorImagery,6,0.0,9,1.0,0.0,0.977621374338047,1.105405304955896
1005,1,AlexandreMotorImagery,6,0.0,10,1.0,0.0,0.9766254908211237,1.104890410976596
1006,1,AlexandreMotorImagery,6,0.0,11,1.0,0.0,0.9759317850086731,1.1047970667965594
1007,1,AlexandreMotorImagery,6,0.0,12,1.0,0.25,0.9746530532906157,1.106545848165725
1008,1,AlexandreMotorImagery,6,0.0,13,1.0,0.25,0.9735709054916556,1.1049008074666506
1009,1,AlexandreMotorImagery,6,0.0,14,1.0,0.25,0.9727928723507875,1.102590874577221
1010,1,AlexandreMotorImagery,6,0.0,15,1.0,0.25,0.9719621423827857,1.1023130955484632
1011,1,AlexandreMotorImagery,6,0.0,16,1.0,0.25,0.9704002648098349,1.1080152206068612
1012,1,AlexandreMotorImagery,6,0.1,1,0.9642857142857143,0.0,0.9894177365752919,1.1010275457400929
1013,1,AlexandreMotorImagery,6,0.1,2,0.9821428571428571,0.75,0.9826949626434694,1.107009256261164
1014,1,AlexandreMotorImagery,6,0.1,3,1.0,0.5,0.9791555563311299,1.1106797578408663
1015,1,AlexandreMotorImagery,6,0.1,4,1.0,0.5,0.9746612774297685,1.1233736460272665
1016,1,AlexandreMotorImagery,6,0.1,5,1.0,0.75,0.9724963507370046,1.1251091199049805
1017,1,AlexandreMotorImagery,6,0.1,6,1.0,0.75,0.9701178457094988,1.1296049796968797
1018,1,AlexandreMotorImagery,6,0.1,7,1.0,0.5,0.9674574296121319,1.1271729303794529
1019,1,AlexandreMotorImagery,6,0.1,8,1.0,0.5,0.9648889179530882,1.1264271076840031
1020,1,AlexandreMotorImagery,6,0.1,9,1.0,0.25,0.9626483439471368,1.122305340805437
1021,1,AlexandreMotorImagery,6,0.1,10,1.0,0.25,0.9608158011498048,1.123118434812949
1022,1,AlexandreMotorImagery,6,0.1,11,1.0,0.5,0.959085096735254,1.125115040752465
1023,1,AlexandreMotorImagery,6,0.1,12,1.0,0.5,0.957242922230904,1.1245359288266714
1024,1,AlexandreMotorImagery,6,0.1,13,1.0,0.5,0.9558389316011108,1.1235708856462292
1025,1,AlexandreMotorImagery,6,0.1,14,1.0,0.5,0.9541352866414543,1.1234084227883985
1026,1,AlexandreMotorImagery,6,0.1,15,1.0,0.25,0.9511584408874527,1.1206676025328897
1027,1,AlexandreMotorImagery,6,0.1,16,1.0,0.25,0.9494841159902843,1.1209620501397903
1028,1,AlexandreMotorImagery,6,0.2,1,0.9821428571428571,0.25,0.9876791263889575,1.1206473598042692
1029,1,AlexandreMotorImagery,6,0.2,2,0.9642857142857143,1.0,0.979268962661593,1.1361141759419995
1030,1,AlexandreMotorImagery,6,0.2,3,1.0,1.0,0.9742683607550939,1.1432336728934984
1031,1,AlexandreMotorImagery,6,0.2,4,1.0,1.0,0.971527757892826,1.1442878738553162
1032,1,AlexandreMotorImagery,6,0.2,5,1.0,1.0,0.9651425328046742,1.1544633669765223
1033,1,AlexandreMotorImagery,6,0.2,6,1.0,0.5,0.9603511809940622,1.1703261244714123
1034,1,AlexandreMotorImagery,6,0.2,7,1.0,0.5,0.9565439767452864,1.1716433404287687
1035,1,AlexandreMotorImagery,6,0.2,8,1.0,0.5,0.9513170337188593,1.1793225570674657
1036,1,AlexandreMotorImagery,6,0.2,9,1.0,0.5,0.9476010099966634,1.1884758491604137
1037,1,AlexandreMotorImagery,6,0.2,10,1.0,0.5,0.9449208182228077,1.1881097364575406
1038,1,AlexandreMotorImagery,6,0.2,11,1.0,0.5,0.9416263578227686,1.201347271403792
1039,1,AlexandreMotorImagery,6,0.2,12,1.0,0.5,0.9375106035131259,1.1924935886712407
1040,1,AlexandreMotorImagery,6,0.2,13,1.0,0.25,0.9344688657623492,1.197737224058661
1041,1,AlexandreMotorImagery,6,0.2,14,1.0,0.25,0.9323961219641105,1.197551034588755
1042,1,AlexandreMotorImagery,6,0.2,15,1.0,0.25,0.9284663761842602,1.190781635010947
1043,1,AlexandreMotorImagery,6,0.2,16,1.0,0.25,0.9259121457590751,1.1896561619010126
1044,1,AlexandreMotorImagery,6,0.3,1,0.9821428571428571,0.75,0.9806317492993103,1.0911702703915682
1045,1,AlexandreMotorImagery,6,0.3,2,1.0,0.5,0.9698488058151625,1.1212361747990407
1046,1,AlexandreMotorImagery,6,0.3,3,0.9821428571428571,0.75,0.9595253598695112,1.1003143416371806
1047,1,AlexandreMotorImagery,6,0.3,4,1.0,0.75,0.9517712503590666,1.1168473242017518
1048,1,AlexandreMotorImagery,6,0.3,5,1.0,0.75,0.9441416782673716,1.125723400394869
1049,1,AlexandreMotorImagery,6,0.3,6,1.0,0.75,0.9394069461749711,1.1298125257102505
1050,1,AlexandreMotorImagery,6,0.3,7,1.0,0.75,0.9309765445253942,1.1698554966263661
1051,1,AlexandreMotorImagery,6,0.3,8,1.0,0.5,0.9208077412522453,1.1871490339595963
1052,1,AlexandreMotorImagery,6,0.3,9,1.0,0.5,0.9136557610059406,1.2055985076838436
1053,1,AlexandreMotorImagery,6,0.3,10,1.0,0.5,0.9057318833252641,1.2082648702299705
1054,1,AlexandreMotorImagery,6,0.3,11,1.0,0.5,0.9000227081315411,1.216445996116962
1055,1,AlexandreMotorImagery,6,0.3,12,1.0,0.25,0.8927492735946299,1.2129008953209457
1056,1,AlexandreMotorImagery,6,0.3,13,1.0,0.5,0.8879918795974164,1.2162136707804934
1057,1,AlexandreMotorImagery,6,0.3,14,1.0,0.5,0.8814172378242886,1.2182776491083331
1058,1,AlexandreMotorImagery,6,0.3,15,1.0,0.5,0.8764060564630184,1.2193583462318456
1059,1,AlexandreMotorImagery,6,0.3,16,1.0,0.5,0.8709387950453386,1.2293201005381906
1060,1,AlexandreMotorImagery,6,0.4,1,0.9642857142857143,0.25,0.9791099129916767,1.0998497746104883
1061,1,AlexandreMotorImagery,6,0.4,2,0.9821428571428571,0.25,0.9669853539678595,1.1362891837332958
1062,1,AlexandreMotorImagery,6,0.4,3,0.9821428571428571,0.5,0.9532417756616887,1.188515544577915
1063,1,AlexandreMotorImagery,6,0.4,4,1.0,0.5,0.9395374909124747,1.169889768043126
1064,1,AlexandreMotorImagery,6,0.4,5,1.0,0.5,0.9216766662806821,1.154655744094344
1065,1,AlexandreMotorImagery,6,0.4,6,1.0,0.5,0.9102666115151651,1.1714119814531587
1066,1,AlexandreMotorImagery,6,0.4,7,1.0,0.5,0.8986539594613578,1.1892199311670797
1067,1,AlexandreMotorImagery,6,0.4,8,1.0,0.5,0.8884247805311578,1.2169553022173867
1068,1,AlexandreMotorImagery,6,0.4,9,1.0,0.75,0.8805931058012579,1.2326564989093451
1069,1,AlexandreMotorImagery,6,0.4,10,1.0,0.75,0.8710877574705198,1.2458298418603833
1070,1,AlexandreMotorImagery,6,0.4,11,1.0,0.5,0.8614418931057486,1.2577748496269718
1071,1,AlexandreMotorImagery,6,0.4,12,1.0,0.5,0.8510663639061501,1.2792340107178368
1072,1,AlexandreMotorImagery,6,0.4,13,1.0,0.5,0.8423978965970315,1.301811762468575
1073,1,AlexandreMotorImagery,6,0.4,14,1.0,0.5,0.8343513701879032,1.3152999180647014
1074,1,AlexandreMotorImagery,6,0.4,15,1.0,0.5,0.8261769680443339,1.3157488384283504
1075,1,AlexandreMotorImagery,6,0.4,16,1.0,0.5,0.8183552275029632,1.3348652662263296
1076,1,AlexandreMotorImagery,6,0.5,1,0.9642857142857143,0.25,0.9650337457286355,1.1315248965094504
1077,1,AlexandreMotorImagery,6,0.5,2,0.9821428571428571,0.75,0.9424769127042014,1.1733253719603063
1078,1,AlexandreMotorImagery,6,0.5,3,0.9821428571428571,0.5,0.9199737018453923,1.1684991427397948
1079,1,AlexandreMotorImagery,6,0.5,4,0.9821428571428571,0.25,0.9040212014473713,1.1889786099087754
1080,1,AlexandreMotorImagery,6,0.5,5,1.0,0.5,0.8906200075556315,1.1962638016452545
1081,1,AlexandreMotorImagery,6,0.5,6,0.9821428571428571,0.25,0.8759150122100153,1.225526066490485
1082,1,AlexandreMotorImagery,6,0.5,7,1.0,0.5,0.8618538389460406,1.2274090489376075
1083,1,AlexandreMotorImagery,6,0.5,8,1.0,0.0,0.84984570615578,1.233440739618202
1084,1,AlexandreMotorImagery,6,0.5,9,1.0,0.0,0.8377374608204344,1.2543137253306846
1085,1,AlexandreMotorImagery,6,0.5,10,1.0,0.0,0.8266993834855647,1.2673885729376153
1086,1,AlexandreMotorImagery,6,0.5,11,1.0,0.0,0.8173165092964666,1.2600065113512455
1087,1,AlexandreMotorImagery,6,0.5,12,1.0,0.0,0.8064178101190822,1.249550776759812
1088,1,AlexandreMotorImagery,6,0.5,13,1.0,0.0,0.7954259346200597,1.2546212821704341
1089,1,AlexandreMotorImagery,6,0.5,14,1.0,0.0,0.786204937368688,1.254865937920272
1090,1,AlexandreMotorImagery,6,0.5,15,1.0,0.0,0.7771399992388468,1.2516661582861923
1091,1,AlexandreMotorImagery,6,0.5,16,1.0,0.0,0.7677502515695196,1.264340250356753
1092,1,AlexandreMotorImagery,6,0.6,1,0.9821428571428571,0.5,0.9522041912441972,1.1186798799059228
1093,1,AlexandreMotorImagery,6,0.6,2,0.9642857142857143,0.5,0.9261421660034527,1.1226006376097892
1094,1,AlexandreMotorImagery,6,0.6,3,0.9821428571428571,0.5,0.9032134848196719,1.1451049111959763
1095,1,AlexandreMotorImagery,6,0.6,4,1.0,0.25,0.8860995569274949,1.1623794134176095
1096,1,AlexandreMotorImagery,6,0.6,5,1.0,0.0,0.8703072040139489,1.1929931079072906
1097,1,AlexandreMotorImagery,6,0.6,6,1.0,0.0,0.8549267929606449,1.2128701676366758
1098,1,AlexandreMotorImagery,6,0.6,7,1.0,0.0,0.839593144365078,1.244158628754348
1099,1,AlexandreMotorImagery,6,0.6,8,1.0,0.0,0.8235858751359986,1.265916574584835
1100,1,AlexandreMotorImagery,6,0.6,9,1.0,0.0,0.8093082825163976,1.273373270754339
1101,1,AlexandreMotorImagery,6,0.6,10,1.0,0.0,0.7947648091659385,1.2547786597081205
1102,1,AlexandreMotorImagery,6,0.6,11,1.0,0.0,0.7822566204263158,1.266775970350192
1103,1,AlexandreMotorImagery,6,0.6,12,1.0,0.0,0.7704682183439572,1.262658076831199
1104,1,AlexandreMotorImagery,6,0.6,13,1.0,0.25,0.7558588842904254,1.257123578762157
1105,1,AlexandreMotorImagery,6,0.6,14,1.0,0.25,0.7457495122838415,1.26633121631039
1106,1,AlexandreMotorImagery,6,0.6,15,1.0,0.0,0.7359517731646524,1.2513660720662276
1107,1,AlexandreMotorImagery,6,0.6,16,1.0,0.0,0.7258383253422244,1.2822565105468855
1108,1,AlexandreMotorImagery,6,0.7,1,0.9107142857142857,0.0,0.9416857884965274,1.1568572990016477
1109,1,AlexandreMotorImagery,6,0.7,2,1.0,0.75,0.9012439670934473,1.1990794567124199
1110,1,AlexandreMotorImagery,6,0.7,3,0.9821428571428571,0.75,0.8770449558938004,1.197982743439253
1111,1,AlexandreMotorImagery,6,0.7,4,0.9642857142857143,0.75,0.8547942998709859,1.2467986454686848
1112,1,AlexandreMotorImagery,6,0.7,5,1.0,0.75,0.8346236077192017,1.2678826275268984
1113,1,AlexandreMotorImagery,6,0.7,6,0.9821428571428571,0.75,0.815377855356006,1.2517013967195774
1114,1,AlexandreMotorImagery,6,0.7,7,0.9821428571428571,0.75,0.7956254238925083,1.2783514555008448
1115,1,AlexandreMotorImagery,6,0.7,8,1.0,0.75,0.7779641969341842,1.2743857946855484
1116,1,AlexandreMotorImagery,6,0.7,9,1.0,0.75,0.7614960106807538,1.285179447930238
1117,1,AlexandreMotorImagery,6,0.7,10,1.0,0.5,0.7328229321856794,1.2560877624744826
1118,1,AlexandreMotorImagery,6,0.7,11,1.0,0.5,0.7169980267910165,1.2486248821782233
1119,1,AlexandreMotorImagery,6,0.7,12,1.0,0.5,0.701426181279765,1.2233412535546675
1120,1,AlexandreMotorImagery,6,0.7,13,1.0,0.5,0.6838859179283995,1.1923025074646396
1121,1,AlexandreMotorImagery,6,0.7,14,1.0,0.5,0.6683903470734203,1.148168146384866
1122,1,AlexandreMotorImagery,6,0.7,15,1.0,0.5,0.6552537179411082,1.1341920510657395
1123,1,AlexandreMotorImagery,6,0.7,16,1.0,0.75,0.6394733077886751,1.1118397491374021
1124,1,AlexandreMotorImagery,6,0.8,1,0.9107142857142857,0.0,0.9235270585861137,1.0564979958172074
1125,1,AlexandreMotorImagery,6,0.8,2,0.9821428571428571,0.0,0.8847393720477549,1.0829503758642172
1126,1,AlexandreMotorImagery,6,0.8,3,0.9464285714285714,0.25,0.8334942395411367,1.0512013050286573
1127,1,AlexandreMotorImagery,6,0.8,4,1.0,0.25,0.7920647288124099,1.0307040183817895
1128,1,AlexandreMotorImagery,6,0.8,5,1.0,0.25,0.7633955778341963,0.9930185768188822
1129,1,AlexandreMotorImagery,6,0.8,6,1.0,0.25,0.7239582526264405,0.953803234647756
1130,1,AlexandreMotorImagery,6,0.8,7,1.0,0.5,0.6949897708297007,0.9286868175184261
1131,1,AlexandreMotorImagery,6,0.8,8,1.0,0.5,0.6707457625297261,0.9123393193347018
1132,1,AlexandreMotorImagery,6,0.8,9,1.0,0.5,0.6402955468455902,0.8906850511751372
1133,1,AlexandreMotorImagery,6,0.8,10,1.0,0.5,0.6200219342147052,0.8786006895288756
1134,1,AlexandreMotorImagery,6,0.8,11,1.0,0.5,0.5939315715930021,0.8476086346153032
1135,1,AlexandreMotorImagery,6,0.8,12,1.0,0.5,0.5789167485168134,0.8383581138349728
1136,1,AlexandreMotorImagery,6,0.8,13,1.0,0.5,0.5543372754859218,0.8059331049655708
1137,1,AlexandreMotorImagery,6,0.8,14,1.0,0.5,0.5334349195429929,0.7809949274924172
1138,1,AlexandreMotorImagery,6,0.8,15,1.0,0.5,0.5195436961854288,0.7695172858823877
1139,1,AlexandreMotorImagery,6,0.8,16,1.0,0.5,0.5053551200638973,0.7551718308470441
1140,1,AlexandreMotorImagery,6,0.9,1,0.9107142857142857,0.25,0.891324119667054,1.052158837160657
1141,1,AlexandreMotorImagery,6,0.9,2,0.9642857142857143,0.5,0.7850903339663023,0.9647077052578761
1142,1,AlexandreMotorImagery,6,0.9,3,0.9464285714285714,0.25,0.7231038307632042,0.9027216223791368
1143,1,AlexandreMotorImagery,6,0.9,4,0.9642857142857143,0.25,0.656782862301597,0.8243988074579836
1144,1,AlexandreMotorImagery,6,0.9,5,0.9642857142857143,0.5,0.6148684388760605,0.7811742382813573
1145,1,AlexandreMotorImagery,6,0.9,6,0.9642857142857143,0.5,0.5572764476682806,0.7235916996983861
1146,1,AlexandreMotorImagery,6,0.9,7,0.9642857142857143,0.25,0.5280368717915059,0.7019327192503242
1147,1,AlexandreMotorImagery,6,0.9,8,0.9642857142857143,0.25,0.5045098489080336,0.6827088840745115
1148,1,AlexandreMotorImagery,6,0.9,9,0.9821428571428571,0.25,0.474137256740584,0.659352193736477
1149,1,AlexandreMotorImagery,6,0.9,10,0.9642857142857143,0.25,0.4466814638141278,0.6370809164054443
1150,1,AlexandreMotorImagery,6,0.9,11,0.9821428571428571,0.25,0.4267834144985576,0.6194549798085117
1151,1,AlexandreMotorImagery,6,0.9,12,0.9821428571428571,0.25,0.40527063190229135,0.610612147987904
1152,1,AlexandreMotorImagery,6,0.9,13,0.9821428571428571,0.25,0.3897964031784846,0.5999528503553165
1153,1,AlexandreMotorImagery,6,0.9,14,0.9821428571428571,0.25,0.3740944348534071,0.5872046056781616
1154,1,AlexandreMotorImagery,6,0.9,15,1.0,0.25,0.35430086968836294,0.5578338188887534
1155,1,AlexandreMotorImagery,6,0.9,16,0.9821428571428571,0.25,0.3431306245595803,0.5533058727982454
1156,1,AlexandreMotorImagery,6,1.0,1,0.9821428571428571,0.0,1.0632361070615935e-30,1.3093718202024499e-30
1157,1,AlexandreMotorImagery,6,1.0,2,0.9821428571428571,0.0,0.0,0.0
1158,1,AlexandreMotorImagery,6,1.0,3,0.9821428571428571,0.0,0.0,0.0
1159,1,AlexandreMotorImagery,6,1.0,4,0.9821428571428571,0.0,0.0,0.0
1160,1,AlexandreMotorImagery,6,1.0,5,0.9821428571428571,0.0,0.0,0.0
1161,1,AlexandreMotorImagery,6,1.0,6,0.9821428571428571,0.0,0.0,0.0
1162,1,AlexandreMotorImagery,7,0.0,1,0.9464285714285714,0.25,0.9959771845330471,1.0524424243384907
1163,1,AlexandreMotorImagery,7,0.0,2,0.9821428571428571,0.5,0.9915317746056711,1.052079858527729
1164,1,AlexandreMotorImagery,7,0.0,3,1.0,0.25,0.9862060453689787,1.0551490406767086
1165,1,AlexandreMotorImagery,7,0.0,4,1.0,0.5,0.9839837920370631,1.053404950831322
1166,1,AlexandreMotorImagery,7,0.0,5,1.0,0.5,0.9823879944033719,1.051231472500501
1167,1,AlexandreMotorImagery,7,0.0,6,1.0,0.5,0.9804316550586117,1.0547292844760128
1168,1,AlexandreMotorImagery,7,0.0,7,1.0,0.75,0.9790336812612677,1.0557852163738577
1169,1,AlexandreMotorImagery,7,0.0,8,1.0,0.75,0.9780462568669596,1.0565314846425493
1170,1,AlexandreMotorImagery,7,0.0,9,1.0,0.5,0.9773193694121343,1.05677357805101
1171,1,AlexandreMotorImagery,7,0.0,10,1.0,0.5,0.9762405579182701,1.0567854228367197
1172,1,AlexandreMotorImagery,7,0.0,11,1.0,0.5,0.9753551178967369,1.0580052054662374
1173,1,AlexandreMotorImagery,7,0.0,12,1.0,0.5,0.9737324467147119,1.0654155665931904
1174,1,AlexandreMotorImagery,7,0.0,13,1.0,0.25,0.9728034682273154,1.0669172386078631
1175,1,AlexandreMotorImagery,7,0.0,14,1.0,0.5,0.9714601096274124,1.069417763984794
1176,1,AlexandreMotorImagery,7,0.0,15,1.0,0.25,0.9705389749904549,1.0733283871199504
1177,1,AlexandreMotorImagery,7,0.0,16,1.0,0.25,0.9698371955125318,1.073462289692936
1178,1,AlexandreMotorImagery,7,0.1,1,0.9821428571428571,0.75,0.9930719678867485,1.052658177426589
1179,1,AlexandreMotorImagery,7,0.1,2,1.0,0.75,0.9887529288997936,1.055228441781897
1180,1,AlexandreMotorImagery,7,0.1,3,1.0,0.75,0.9847965853677161,1.0565648058952142
1181,1,AlexandreMotorImagery,7,0.1,4,1.0,0.75,0.9816497219530372,1.056460099792596
1182,1,AlexandreMotorImagery,7,0.1,5,1.0,0.75,0.9793820799059428,1.0588489729672315
1183,1,AlexandreMotorImagery,7,0.1,6,1.0,0.5,0.9759224949332609,1.0606531865735818
1184,1,AlexandreMotorImagery,7,0.1,7,1.0,0.5,0.973641000522938,1.053420910347906
1185,1,AlexandreMotorImagery,7,0.1,8,1.0,0.5,0.9717243844357932,1.0530742400456483
1186,1,AlexandreMotorImagery,7,0.1,9,1.0,0.5,0.969129999046801,1.0545950078477087
1187,1,AlexandreMotorImagery,7,0.1,10,1.0,0.25,0.9667784109282178,1.0546481138549952
1188,1,AlexandreMotorImagery,7,0.1,11,1.0,0.25,0.9646668810055541,1.054695901773026
1189,1,AlexandreMotorImagery,7,0.1,12,1.0,0.5,0.9621839223034274,1.0553042695530614
1190,1,AlexandreMotorImagery,7,0.1,13,1.0,0.75,0.9598877348378332,1.0651206314497559
1191,1,AlexandreMotorImagery,7,0.1,14,1.0,0.25,0.9569790974295782,1.0677437622618053
1192,1,AlexandreMotorImagery,7,0.1,15,1.0,0.5,0.955003060725898,1.0722138737785973
1193,1,AlexandreMotorImagery,7,0.1,16,1.0,0.5,0.953170162739342,1.0677857491696814
1194,1,AlexandreMotorImagery,7,0.2,1,0.9642857142857143,0.25,0.9873190644812972,1.059184380262108
1195,1,AlexandreMotorImagery,7,0.2,2,0.9642857142857143,0.25,0.9844120308791546,1.0654688006921111
1196,1,AlexandreMotorImagery,7,0.2,3,1.0,0.5,0.9794318205140341,1.071493942004232
1197,1,AlexandreMotorImagery,7,0.2,4,1.0,0.75,0.9752168905246795,1.0692497638811171
1198,1,AlexandreMotorImagery,7,0.2,5,1.0,0.75,0.9715033036232608,1.0682643654261836
1199,1,AlexandreMotorImagery,7,0.2,6,1.0,0.75,0.966711520244469,1.0714800180409323
1200,1,AlexandreMotorImagery,7,0.2,7,1.0,0.75,0.9622996117369083,1.0729134779533172
1201,1,AlexandreMotorImagery,7,0.2,8,1.0,1.0,0.9563678889763302,1.0813326620244996
1202,1,AlexandreMotorImagery,7,0.2,9,1.0,0.75,0.9499666303200464,1.084327548687111
1203,1,AlexandreMotorImagery,7,0.2,10,1.0,0.75,0.9462993344203151,1.0924696713673707
1204,1,AlexandreMotorImagery,7,0.2,11,1.0,0.5,0.9413195489503609,1.0930517574474747
1205,1,AlexandreMotorImagery,7,0.2,12,1.0,0.5,0.9373717857571976,1.093176948719757
1206,1,AlexandreMotorImagery,7,0.2,13,1.0,0.75,0.9324484587667853,1.1032535935030803
1207,1,AlexandreMotorImagery,7,0.2,14,1.0,0.5,0.9280723093127742,1.088785512383318
1208,1,AlexandreMotorImagery,7,0.2,15,1.0,0.75,0.924922062176971,1.0920440822209556
1209,1,AlexandreMotorImagery,7,0.2,16,1.0,0.75,0.9224786683960312,1.0938223281220711
1210,1,AlexandreMotorImagery,7,0.3,1,0.9464285714285714,0.25,0.9792347415934508,1.0649238512271446
1211,1,AlexandreMotorImagery,7,0.3,2,1.0,0.25,0.9660270908934736,1.073089799128698
1212,1,AlexandreMotorImagery,7,0.3,3,0.9821428571428571,0.25,0.9546603159516626,1.1088801337679304
1213,1,AlexandreMotorImagery,7,0.3,4,1.0,0.25,0.9451136064647606,1.113702785105436
1214,1,AlexandreMotorImagery,7,0.3,5,0.9821428571428571,0.0,0.9362476916190565,1.1055293690434178
1215,1,AlexandreMotorImagery,7,0.3,6,0.9821428571428571,0.0,0.9317453146830819,1.1095465235660105
1216,1,AlexandreMotorImagery,7,0.3,7,1.0,0.5,0.9222281730759543,1.1299465820481416
1217,1,AlexandreMotorImagery,7,0.3,8,1.0,0.0,0.9146513622969559,1.124271533199958
1218,1,AlexandreMotorImagery,7,0.3,9,1.0,0.25,0.9080783231138013,1.1305370364653173
1219,1,AlexandreMotorImagery,7,0.3,10,1.0,0.75,0.9000514247239969,1.1622390868418533
1220,1,AlexandreMotorImagery,7,0.3,11,1.0,1.0,0.8942657709963377,1.1631984779110796
1221,1,AlexandreMotorImagery,7,0.3,12,1.0,1.0,0.8885937540653887,1.168900791185717
1222,1,AlexandreMotorImagery,7,0.3,13,1.0,0.75,0.8806626508125409,1.166523839564217
1223,1,AlexandreMotorImagery,7,0.3,14,1.0,0.75,0.8745797332399701,1.1615401635731732
1224,1,AlexandreMotorImagery,7,0.3,15,1.0,0.75,0.8682360679156405,1.1846611198197945
1225,1,AlexandreMotorImagery,7,0.3,16,1.0,0.75,0.863913152618856,1.1883426336317822
1226,1,AlexandreMotorImagery,7,0.4,1,0.9285714285714286,0.0,0.9773388589375505,1.0672276394299252
1227,1,AlexandreMotorImagery,7,0.4,2,1.0,0.25,0.9640365699067311,1.0649899023777254
1228,1,AlexandreMotorImagery,7,0.4,3,0.9642857142857143,0.25,0.9481017047040968,1.07157821736992
1229,1,AlexandreMotorImagery,7,0.4,4,1.0,0.25,0.934806556220158,1.104984834694122
1230,1,AlexandreMotorImagery,7,0.4,5,0.9821428571428571,0.5,0.9199079972689268,1.1292748253858655
1231,1,AlexandreMotorImagery,7,0.4,6,0.9821428571428571,0.5,0.9064112641635096,1.1536392397542814
1232,1,AlexandreMotorImagery,7,0.4,7,0.9642857142857143,0.5,0.8946988079007571,1.1521883525339112
1233,1,AlexandreMotorImagery,7,0.4,8,0.9642857142857143,0.5,0.8853169269398082,1.1552534839388628
1234,1,AlexandreMotorImagery,7,0.4,9,0.9821428571428571,0.5,0.8772952129153884,1.158851117283173
1235,1,AlexandreMotorImagery,7,0.4,10,0.9821428571428571,0.75,0.8681150777318911,1.171387066035163
1236,1,AlexandreMotorImagery,7,0.4,11,0.9821428571428571,0.75,0.857602833030679,1.1765649401686331
1237,1,AlexandreMotorImagery,7,0.4,12,1.0,0.5,0.8479441105709177,1.1817655115570722
1238,1,AlexandreMotorImagery,7,0.4,13,1.0,0.5,0.8391031666293006,1.1802359685365533
1239,1,AlexandreMotorImagery,7,0.4,14,1.0,0.25,0.8285104672209098,1.1750514847895321
1240,1,AlexandreMotorImagery,7,0.4,15,1.0,0.25,0.8197066835041243,1.188375227112898
1241,1,AlexandreMotorImagery,7,0.4,16,1.0,0.25,0.8114643273503672,1.182116381013295
1242,1,AlexandreMotorImagery,7,0.5,1,0.9464285714285714,0.75,0.9720779208481967,1.1096580735053516
1243,1,AlexandreMotorImagery,7,0.5,2,1.0,0.0,0.9510878959963801,1.084984871391501
1244,1,AlexandreMotorImagery,7,0.5,3,0.9821428571428571,0.5,0.9315087722536259,1.1170652388279039
1245,1,AlexandreMotorImagery,7,0.5,4,1.0,0.5,0.9139298589967689,1.147016800311427
1246,1,AlexandreMotorImagery,7,0.5,5,1.0,0.25,0.8966722386751088,1.1597251964886515
1247,1,AlexandreMotorImagery,7,0.5,6,1.0,0.25,0.8807658954653883,1.1753899466179942
1248,1,AlexandreMotorImagery,7,0.5,7,1.0,0.25,0.8652425362670226,1.1877743273949648
1249,1,AlexandreMotorImagery,7,0.5,8,1.0,0.25,0.8515421799866301,1.1855083110147322
1250,1,AlexandreMotorImagery,7,0.5,9,1.0,0.25,0.840822375503023,1.2001876990759643
1251,1,AlexandreMotorImagery,7,0.5,10,1.0,0.25,0.8281589532292271,1.2201121522486322
1252,1,AlexandreMotorImagery,7,0.5,11,1.0,0.5,0.8171510150307026,1.2293543417256714
1253,1,AlexandreMotorImagery,7,0.5,12,1.0,0.5,0.806522986688031,1.254232049142887
1254,1,AlexandreMotorImagery,7,0.5,13,1.0,0.5,0.796492637401376,1.2541146188511163
1255,1,AlexandreMotorImagery,7,0.5,14,1.0,0.5,0.7868934256450909,1.288012792816407
1256,1,AlexandreMotorImagery,7,0.5,15,1.0,0.5,0.7787298439838036,1.2874713153054047
1257,1,AlexandreMotorImagery,7,0.5,16,1.0,0.5,0.7705551357597905,1.2890323291037922
1258,1,AlexandreMotorImagery,7,0.6,1,0.9285714285714286,0.5,0.9557219661790357,1.0980000263644434
1259,1,AlexandreMotorImagery,7,0.6,2,1.0,0.5,0.9272996209850828,1.1072639732635174
1260,1,AlexandreMotorImagery,7,0.6,3,1.0,0.25,0.9057085144930707,1.1169163418203627
1261,1,AlexandreMotorImagery,7,0.6,4,0.9642857142857143,0.5,0.8850365125085887,1.154188194385183
1262,1,AlexandreMotorImagery,7,0.6,5,0.9642857142857143,0.5,0.8661490074745889,1.1670943519504697
1263,1,AlexandreMotorImagery,7,0.6,6,0.9821428571428571,0.5,0.84608373395033,1.18536068600851
1264,1,AlexandreMotorImagery,7,0.6,7,0.9821428571428571,0.25,0.8308472747126434,1.2129588794247357
1265,1,AlexandreMotorImagery,7,0.6,8,0.9821428571428571,0.25,0.8156373109161658,1.233141899521479
1266,1,AlexandreMotorImagery,7,0.6,9,0.9821428571428571,0.25,0.8021135630476776,1.2479400648603753
1267,1,AlexandreMotorImagery,7,0.6,10,1.0,0.25,0.7889142847113577,1.2351618107422806
1268,1,AlexandreMotorImagery,7,0.6,11,1.0,0.25,0.7756073740244223,1.2182637575430355
1269,1,AlexandreMotorImagery,7,0.6,12,1.0,0.25,0.7637562784239963,1.239471763840269
1270,1,AlexandreMotorImagery,7,0.6,13,1.0,0.25,0.7527985372247268,1.242898483591391
1271,1,AlexandreMotorImagery,7,0.6,14,1.0,0.5,0.7421684337072175,1.2338547088441407
1272,1,AlexandreMotorImagery,7,0.6,15,1.0,0.25,0.7310443685910443,1.2197716795000684
1273,1,AlexandreMotorImagery,7,0.6,16,1.0,0.25,0.7211044381050098,1.2334451595090106
1274,1,AlexandreMotorImagery,7,0.7,1,0.9821428571428571,0.25,0.9418376967838474,1.0534189264635747
1275,1,AlexandreMotorImagery,7,0.7,2,0.9821428571428571,0.25,0.9028019179916127,1.0548217728582552
1276,1,AlexandreMotorImagery,7,0.7,3,0.9821428571428571,0.25,0.8703901627863528,1.0608832815219444
1277,1,AlexandreMotorImagery,7,0.7,4,0.9642857142857143,0.25,0.8471993146816519,1.0738830345033297
1278,1,AlexandreMotorImagery,7,0.7,5,0.9642857142857143,0.25,0.82365204480801,1.075665041646168
1279,1,AlexandreMotorImagery,7,0.7,6,0.9642857142857143,0.25,0.8043158557080335,1.092069087907538
1280,1,AlexandreMotorImagery,7,0.7,7,0.9821428571428571,0.25,0.7852966213758853,1.093653091695831
1281,1,AlexandreMotorImagery,7,0.7,8,0.9821428571428571,0.25,0.7670428619001675,1.0714256447380606
1282,1,AlexandreMotorImagery,7,0.7,9,1.0,0.25,0.7465797625252217,1.0646185085977966
1283,1,AlexandreMotorImagery,7,0.7,10,1.0,0.25,0.7310506109538527,1.0524006166706368
1284,1,AlexandreMotorImagery,7,0.7,11,1.0,0.25,0.7120491181444373,1.0416344321175477
1285,1,AlexandreMotorImagery,7,0.7,12,1.0,0.25,0.6913705849757761,1.0228022438921287
1286,1,AlexandreMotorImagery,7,0.7,13,1.0,0.25,0.6742910455920533,0.9971723774773407
1287,1,AlexandreMotorImagery,7,0.7,14,1.0,0.25,0.6610124177929813,0.9844721699147501
1288,1,AlexandreMotorImagery,7,0.7,15,1.0,0.25,0.6468398763703838,0.9743880780336643
1289,1,AlexandreMotorImagery,7,0.7,16,1.0,0.25,0.6304190307582512,0.9352695307394925
1290,1,AlexandreMotorImagery,7,0.8,1,0.9464285714285714,0.25,0.9239214424808614,1.1375695765120808
1291,1,AlexandreMotorImagery,7,0.8,2,0.9821428571428571,0.25,0.8728509172178824,1.0793647679936413
1292,1,AlexandreMotorImagery,7,0.8,3,0.9642857142857143,0.25,0.8328185583049723,1.0615034556772138
1293,1,AlexandreMotorImagery,7,0.8,4,0.9821428571428571,0.25,0.8007623500811252,1.0447410581241714
1294,1,AlexandreMotorImagery,7,0.8,5,0.9821428571428571,0.25,0.7621534004923743,1.0247677166414717
1295,1,AlexandreMotorImagery,7,0.8,6,0.9821428571428571,0.5,0.7324090571361938,0.9944670385593763
1296,1,AlexandreMotorImagery,7,0.8,7,0.9821428571428571,0.5,0.7043381141713996,0.9583724097655625
1297,1,AlexandreMotorImagery,7,0.8,8,1.0,0.25,0.6704986673461112,0.9192368706570964
1298,1,AlexandreMotorImagery,7,0.8,9,1.0,0.25,0.642391556156138,0.8955306591421084
1299,1,AlexandreMotorImagery,7,0.8,10,1.0,0.25,0.6172120351737537,0.8711608945364632
1300,1,AlexandreMotorImagery,7,0.8,11,1.0,0.5,0.5874917830589914,0.8281541036902023
1301,1,AlexandreMotorImagery,7,0.8,12,1.0,0.5,0.5690439777759819,0.8087908333550186
1302,1,AlexandreMotorImagery,7,0.8,13,1.0,0.5,0.5532020209730177,0.7918175369256134
1303,1,AlexandreMotorImagery,7,0.8,14,1.0,0.5,0.5329582094735215,0.7660928226546715
1304,1,AlexandreMotorImagery,7,0.8,15,1.0,0.5,0.5176753893581753,0.7425866285481364
1305,1,AlexandreMotorImagery,7,0.8,16,1.0,0.5,0.49368888626781915,0.7114020311277386
1306,1,AlexandreMotorImagery,7,0.9,1,0.9285714285714286,0.25,0.8888687457036506,1.0742184233865302
1307,1,AlexandreMotorImagery,7,0.9,2,0.9464285714285714,0.5,0.8073635960220609,0.9845512776157886
1308,1,AlexandreMotorImagery,7,0.9,3,0.9642857142857143,0.25,0.7354708690234998,0.9105181845609508
1309,1,AlexandreMotorImagery,7,0.9,4,0.9642857142857143,0.5,0.6761963700905137,0.8405490559237044
1310,1,AlexandreMotorImagery,7,0.9,5,0.9642857142857143,0.5,0.6187934572494832,0.780407553128111
1311,1,AlexandreMotorImagery,7,0.9,6,0.9821428571428571,0.5,0.5807976868588506,0.745737829656297
1312,1,AlexandreMotorImagery,7,0.9,7,0.9821428571428571,0.5,0.5554519283009264,0.7212323877695441
1313,1,AlexandreMotorImagery,7,0.9,8,1.0,0.5,0.5204556019190345,0.6799977914243476
1314,1,AlexandreMotorImagery,7,0.9,9,1.0,0.5,0.489429601146985,0.6581287048095054
1315,1,AlexandreMotorImagery,7,0.9,10,1.0,0.5,0.4688211974503202,0.6483200756233711
1316,1,AlexandreMotorImagery,7,0.9,11,1.0,0.5,0.44458393870167046,0.635181673596359
1317,1,AlexandreMotorImagery,7,0.9,12,1.0,0.5,0.4253626325941258,0.6793951353508393
1318,1,AlexandreMotorImagery,7,0.9,13,1.0,0.5,0.403413055538005,0.6518774539495614
1319,1,AlexandreMotorImagery,7,0.9,14,1.0,0.5,0.386804846409955,0.6360237900276364
1320,1,AlexandreMotorImagery,7,0.9,15,1.0,0.5,0.37428636357554323,0.6546308893455501
1321,1,AlexandreMotorImagery,7,0.9,16,1.0,0.5,0.36038708885899795,0.6365109817473305
1322,1,AlexandreMotorImagery,7,1.0,1,0.9464285714285714,0.5,8.327608236019418e-31,8.99415389430893e-31
1323,1,AlexandreMotorImagery,7,1.0,2,0.9464285714285714,0.5,0.0,0.0
1324,1,AlexandreMotorImagery,7,1.0,3,0.9464285714285714,0.5,0.0,0.0
1325,1,AlexandreMotorImagery,7,1.0,4,0.9464285714285714,0.5,0.0,0.0
1326,1,AlexandreMotorImagery,7,1.0,5,0.9464285714285714,0.5,0.0,0.0
1327,1,AlexandreMotorImagery,7,1.0,6,0.9464285714285714,0.5,0.0,0.0
1328,1,AlexandreMotorImagery,8,0.0,1,0.7321428571428571,0.25,0.993852923242857,0.9420770608887651
1329,1,AlexandreMotorImagery,8,0.0,2,0.9821428571428571,0.75,0.9886731734684788,0.9429783069205867
1330,1,AlexandreMotorImagery,8,0.0,3,1.0,0.75,0.9844780717173838,0.9402792090861901
1331,1,AlexandreMotorImagery,8,0.0,4,1.0,0.5,0.982397563752028,0.9420895685904657
1332,1,AlexandreMotorImagery,8,0.0,5,1.0,0.75,0.9811522701263282,0.94165767814829
1333,1,AlexandreMotorImagery,8,0.0,6,1.0,0.75,0.9796696729093373,0.9421290681621858
1334,1,AlexandreMotorImagery,8,0.0,7,1.0,0.75,0.9785343903062326,0.9409323933347665
1335,1,AlexandreMotorImagery,8,0.0,8,1.0,0.75,0.9773585394061907,0.9416573877220052
1336,1,AlexandreMotorImagery,8,0.0,9,1.0,0.75,0.9765082657055136,0.9414810122882425
1337,1,AlexandreMotorImagery,8,0.0,10,1.0,0.75,0.9755505872681031,0.9411939858016097
1338,1,AlexandreMotorImagery,8,0.0,11,1.0,0.75,0.974246292618803,0.945624757865207
1339,1,AlexandreMotorImagery,8,0.0,12,1.0,0.75,0.9733955402720973,0.9479126556721121
1340,1,AlexandreMotorImagery,8,0.0,13,1.0,0.75,0.9721399878357208,0.9498595685590601
1341,1,AlexandreMotorImagery,8,0.0,14,1.0,0.75,0.9712301423730515,0.95365014704424
1342,1,AlexandreMotorImagery,8,0.0,15,1.0,0.5,0.9700858818624606,0.955436238761936
1343,1,AlexandreMotorImagery,8,0.0,16,1.0,0.5,0.9689326160233039,0.9566708876301465
1344,1,AlexandreMotorImagery,8,0.1,1,0.8928571428571429,0.75,0.9909472761240932,0.9471759306177413
1345,1,AlexandreMotorImagery,8,0.1,2,1.0,0.5,0.9859318202333703,0.9452770155562864
1346,1,AlexandreMotorImagery,8,0.1,3,1.0,0.5,0.9819035640581047,0.9415951243616146
1347,1,AlexandreMotorImagery,8,0.1,4,1.0,0.5,0.9786270444188884,0.9435354940268157
1348,1,AlexandreMotorImagery,8,0.1,5,1.0,0.0,0.97619984012054,0.9440228937948753
1349,1,AlexandreMotorImagery,8,0.1,6,1.0,0.25,0.9736648998792807,0.941313077931893
1350,1,AlexandreMotorImagery,8,0.1,7,1.0,0.25,0.9719441612105572,0.9422680768874381
1351,1,AlexandreMotorImagery,8,0.1,8,1.0,0.5,0.9695674721210131,0.9443612672957493
1352,1,AlexandreMotorImagery,8,0.1,9,1.0,0.25,0.9677872265105384,0.944990968271263
1353,1,AlexandreMotorImagery,8,0.1,10,1.0,0.25,0.9666308448941373,0.9455697355239802
1354,1,AlexandreMotorImagery,8,0.1,11,1.0,0.25,0.9641596699206679,0.9420854763667138
1355,1,AlexandreMotorImagery,8,0.1,12,1.0,0.25,0.9623755797054285,0.9438375088176953
1356,1,AlexandreMotorImagery,8,0.1,13,1.0,0.25,0.9602468299397622,0.9464593801647863
1357,1,AlexandreMotorImagery,8,0.1,14,1.0,0.25,0.958633862823368,0.9458269615121931
1358,1,AlexandreMotorImagery,8,0.1,15,1.0,0.25,0.9575523737491415,0.9463613764569945
1359,1,AlexandreMotorImagery,8,0.1,16,1.0,0.5,0.9563968328654626,0.9460095676955996
1360,1,AlexandreMotorImagery,8,0.2,1,0.9285714285714286,0.25,0.9820668222875197,0.9627347389286965
1361,1,AlexandreMotorImagery,8,0.2,2,1.0,0.5,0.9758716476192014,0.9722531986035489
1362,1,AlexandreMotorImagery,8,0.2,3,1.0,0.5,0.9692000650446732,1.0112935185982181
1363,1,AlexandreMotorImagery,8,0.2,4,1.0,0.5,0.9643076428228848,1.0118584535920103
1364,1,AlexandreMotorImagery,8,0.2,5,1.0,0.5,0.9585021927877554,1.0261529469215203
1365,1,AlexandreMotorImagery,8,0.2,6,1.0,0.5,0.9525312514650696,1.038940226437826
1366,1,AlexandreMotorImagery,8,0.2,7,1.0,0.5,0.9485136379757083,1.0511950801180099
1367,1,AlexandreMotorImagery,8,0.2,8,1.0,0.5,0.9449510098070961,1.0567142339254114
1368,1,AlexandreMotorImagery,8,0.2,9,1.0,0.5,0.9406067272007096,1.0570409852103635
1369,1,AlexandreMotorImagery,8,0.2,10,1.0,0.5,0.9378087410553534,1.0585940661111168
1370,1,AlexandreMotorImagery,8,0.2,11,1.0,0.25,0.9353835585152054,1.0610679512752934
1371,1,AlexandreMotorImagery,8,0.2,12,1.0,0.25,0.9334240702273039,1.0631357741444698
1372,1,AlexandreMotorImagery,8,0.2,13,1.0,0.5,0.9314869920342924,1.0642203854157528
1373,1,AlexandreMotorImagery,8,0.2,14,1.0,0.25,0.9290402895212442,1.072914102359326
1374,1,AlexandreMotorImagery,8,0.2,15,1.0,0.25,0.9247321122743117,1.0777722504892269
1375,1,AlexandreMotorImagery,8,0.2,16,1.0,0.5,0.9207317009289183,1.0741725508219988
1376,1,AlexandreMotorImagery,8,0.3,1,0.9642857142857143,0.25,0.976305420168022,0.9638835336730894
1377,1,AlexandreMotorImagery,8,0.3,2,1.0,0.5,0.9637790145418681,0.9749737887323879
1378,1,AlexandreMotorImagery,8,0.3,3,0.9821428571428571,0.25,0.9469650779758599,1.002263024113402
1379,1,AlexandreMotorImagery,8,0.3,4,1.0,0.25,0.9387395951429424,0.9981509648855731
1380,1,AlexandreMotorImagery,8,0.3,5,1.0,0.25,0.9324724483063943,1.0020093444630453
1381,1,AlexandreMotorImagery,8,0.3,6,1.0,0.25,0.9255478081059931,1.0107434034236462
1382,1,AlexandreMotorImagery,8,0.3,7,1.0,0.25,0.915759646026487,1.031572796377902
1383,1,AlexandreMotorImagery,8,0.3,8,1.0,0.25,0.9100924767847299,1.0347830884729459
1384,1,AlexandreMotorImagery,8,0.3,9,1.0,0.25,0.9049191604282759,1.0346308399564033
1385,1,AlexandreMotorImagery,8,0.3,10,1.0,0.25,0.8970386262924354,1.0624609198090085
1386,1,AlexandreMotorImagery,8,0.3,11,1.0,0.25,0.8908246688117014,1.062218848822757
1387,1,AlexandreMotorImagery,8,0.3,12,1.0,0.25,0.8828796094704306,1.0759295603060157
1388,1,AlexandreMotorImagery,8,0.3,13,1.0,0.25,0.8766966171705055,1.0740443073237118
1389,1,AlexandreMotorImagery,8,0.3,14,1.0,0.25,0.8717954743286734,1.0856273801272007
1390,1,AlexandreMotorImagery,8,0.3,15,1.0,0.25,0.8657954697335793,1.0952945284476012
1391,1,AlexandreMotorImagery,8,0.3,16,1.0,0.25,0.8611405462106755,1.0968408819855275
1392,1,AlexandreMotorImagery,8,0.4,1,0.9642857142857143,0.25,0.9759308172618887,0.953428404612178
1393,1,AlexandreMotorImagery,8,0.4,2,1.0,0.25,0.9613619479665197,0.9697925596227066
1394,1,AlexandreMotorImagery,8,0.4,3,1.0,0.25,0.9463213773447411,0.9727907920247902
1395,1,AlexandreMotorImagery,8,0.4,4,1.0,0.75,0.9336445177560793,0.9849665076244958
1396,1,AlexandreMotorImagery,8,0.4,5,1.0,0.5,0.9183795799200264,0.9957730846635416
1397,1,AlexandreMotorImagery,8,0.4,6,1.0,0.5,0.9034687571401072,1.0313073736100777
1398,1,AlexandreMotorImagery,8,0.4,7,1.0,0.75,0.8910036638332991,1.0390138024507678
1399,1,AlexandreMotorImagery,8,0.4,8,1.0,0.75,0.8796877883343048,1.055967243120772
1400,1,AlexandreMotorImagery,8,0.4,9,1.0,0.75,0.8690909518805301,1.0477082248787337
1401,1,AlexandreMotorImagery,8,0.4,10,1.0,0.75,0.8595617907872587,1.0452304818481202
1402,1,AlexandreMotorImagery,8,0.4,11,1.0,0.75,0.8498895328937253,1.043886712525221
1403,1,AlexandreMotorImagery,8,0.4,12,1.0,0.75,0.8418651011574547,1.0451321237804398
1404,1,AlexandreMotorImagery,8,0.4,13,1.0,0.75,0.8340939580703994,1.065824896270498
1405,1,AlexandreMotorImagery,8,0.4,14,1.0,0.75,0.825162625594063,1.100389027436099
1406,1,AlexandreMotorImagery,8,0.4,15,1.0,0.75,0.8172491562717688,1.1023775334838493
1407,1,AlexandreMotorImagery,8,0.4,16,1.0,0.75,0.8099702160230116,1.1014803634398715
1408,1,AlexandreMotorImagery,8,0.5,1,0.9821428571428571,0.25,0.9648913356078384,0.9485112368026383
1409,1,AlexandreMotorImagery,8,0.5,2,0.9821428571428571,0.25,0.9418897784373553,0.9531118495073787
1410,1,AlexandreMotorImagery,8,0.5,3,0.9821428571428571,0.25,0.9195109721118682,0.985301281595864
1411,1,AlexandreMotorImagery,8,0.5,4,1.0,0.25,0.9033733760900676,0.9955340492545989
1412,1,AlexandreMotorImagery,8,0.5,5,1.0,0.5,0.8882752099271549,1.0243536878668884
1413,1,AlexandreMotorImagery,8,0.5,6,1.0,0.25,0.8727108781749754,1.046566566094824
1414,1,AlexandreMotorImagery,8,0.5,7,1.0,0.25,0.8606342599256627,1.0636556210296702
1415,1,AlexandreMotorImagery,8,0.5,8,1.0,0.5,0.8478062780297256,1.060194797326815
1416,1,AlexandreMotorImagery,8,0.5,9,1.0,0.5,0.8351769019133868,1.0754606355699587
1417,1,AlexandreMotorImagery,8,0.5,10,1.0,0.5,0.8234253222641064,1.076635564367602
1418,1,AlexandreMotorImagery,8,0.5,11,1.0,0.5,0.81129487720919,1.1015796698696425
1419,1,AlexandreMotorImagery,8,0.5,12,1.0,0.5,0.8005700480173971,1.129947698768112
1420,1,AlexandreMotorImagery,8,0.5,13,1.0,0.5,0.7905791459036118,1.1408522198094238
1421,1,AlexandreMotorImagery,8,0.5,14,1.0,0.5,0.7811100540404922,1.1536420226530084
1422,1,AlexandreMotorImagery,8,0.5,15,1.0,0.5,0.7720739301309093,1.1564150613642377
1423,1,AlexandreMotorImagery,8,0.5,16,1.0,0.25,0.763054647584143,1.1699132429777455
1424,1,AlexandreMotorImagery,8,0.6,1,0.9642857142857143,0.25,0.9520217119663004,0.9556500927226028
1425,1,AlexandreMotorImagery,8,0.6,2,0.9642857142857143,0.0,0.9175348726410122,0.9683945539711634
1426,1,AlexandreMotorImagery,8,0.6,3,0.9642857142857143,0.25,0.8938083627555612,0.970843429649595
1427,1,AlexandreMotorImagery,8,0.6,4,0.9821428571428571,0.5,0.8736792971888316,0.9758237396176279
1428,1,AlexandreMotorImagery,8,0.6,5,1.0,0.5,0.8567504885108449,1.001564238630753
1429,1,AlexandreMotorImagery,8,0.6,6,1.0,0.25,0.8417191517643802,1.0133515501612507
1430,1,AlexandreMotorImagery,8,0.6,7,1.0,0.5,0.8272322643413572,1.0329019535175592
1431,1,AlexandreMotorImagery,8,0.6,8,1.0,0.5,0.8133815287708598,1.051540305978511
1432,1,AlexandreMotorImagery,8,0.6,9,1.0,0.5,0.7997499412420401,1.0628803601094594
1433,1,AlexandreMotorImagery,8,0.6,10,1.0,0.5,0.7875860177137411,1.061994354625233
1434,1,AlexandreMotorImagery,8,0.6,11,1.0,0.5,0.7739234821145511,1.0509871109692894
1435,1,AlexandreMotorImagery,8,0.6,12,1.0,0.5,0.7566939337855091,1.0180714307844805
1436,1,AlexandreMotorImagery,8,0.6,13,1.0,0.5,0.7457880155086675,1.0408298217727305
1437,1,AlexandreMotorImagery,8,0.6,14,1.0,0.5,0.7347793863058384,1.046102321585117
1438,1,AlexandreMotorImagery,8,0.6,15,1.0,0.5,0.7193313223919346,1.024489347684549
1439,1,AlexandreMotorImagery,8,0.6,16,1.0,0.5,0.7103660405788325,1.0387990571731176
1440,1,AlexandreMotorImagery,8,0.7,1,0.9821428571428571,0.0,0.9396251176756242,0.9910271618975295
1441,1,AlexandreMotorImagery,8,0.7,2,1.0,0.25,0.9020292933126229,1.043171916317901
1442,1,AlexandreMotorImagery,8,0.7,3,1.0,0.25,0.8667817551682547,0.9982647495996784
1443,1,AlexandreMotorImagery,8,0.7,4,0.9642857142857143,0.5,0.8307569741461549,0.9616108098482611
1444,1,AlexandreMotorImagery,8,0.7,5,1.0,0.5,0.809729963633281,0.9589239457945965
1445,1,AlexandreMotorImagery,8,0.7,6,1.0,0.25,0.784969231061928,0.947936533062282
1446,1,AlexandreMotorImagery,8,0.7,7,1.0,0.5,0.7627597554290925,0.9272787715733735
1447,1,AlexandreMotorImagery,8,0.7,8,1.0,0.75,0.7433658186477068,0.9054918761551928
1448,1,AlexandreMotorImagery,8,0.7,9,1.0,0.75,0.7265462399341216,0.8987027852080691
1449,1,AlexandreMotorImagery,8,0.7,10,1.0,0.5,0.7043172230098281,0.8749927749694917
1450,1,AlexandreMotorImagery,8,0.7,11,1.0,0.5,0.6834477181259451,0.8548210378283858
1451,1,AlexandreMotorImagery,8,0.7,12,1.0,0.5,0.6640790809799397,0.823913529029852
1452,1,AlexandreMotorImagery,8,0.7,13,1.0,0.5,0.6478471222609128,0.8020597808661073
1453,1,AlexandreMotorImagery,8,0.7,14,1.0,0.5,0.6293853060275082,0.779646095086849
1454,1,AlexandreMotorImagery,8,0.7,15,1.0,0.5,0.6116773089582579,0.7607465101904656
1455,1,AlexandreMotorImagery,8,0.7,16,1.0,0.5,0.5959406924157102,0.7454451266554364
1456,1,AlexandreMotorImagery,8,0.8,1,1.0,0.0,0.9185633436543071,0.9561427319112309
1457,1,AlexandreMotorImagery,8,0.8,2,0.9285714285714286,0.5,0.8622554696758569,0.9349017820377498
1458,1,AlexandreMotorImagery,8,0.8,3,0.9821428571428571,0.5,0.8196657806530517,0.9223546452412337
1459,1,AlexandreMotorImagery,8,0.8,4,0.9464285714285714,0.5,0.7883071539774738,0.9070952667763822
1460,1,AlexandreMotorImagery,8,0.8,5,1.0,0.5,0.7476780281380114,0.8635524515665363
1461,1,AlexandreMotorImagery,8,0.8,6,1.0,0.5,0.7137476040660212,0.8385346983528643
1462,1,AlexandreMotorImagery,8,0.8,7,1.0,0.5,0.6856079474870516,0.8143765585442526
1463,1,AlexandreMotorImagery,8,0.8,8,1.0,0.5,0.6577603135826624,0.7896691775644304
1464,1,AlexandreMotorImagery,8,0.8,9,1.0,0.5,0.6260810503413906,0.7645282216226379
1465,1,AlexandreMotorImagery,8,0.8,10,1.0,0.5,0.6043262237867559,0.7497904921605044
1466,1,AlexandreMotorImagery,8,0.8,11,1.0,0.5,0.5834570528843042,0.7331911094209775
1467,1,AlexandreMotorImagery,8,0.8,12,1.0,0.5,0.5623983171097114,0.7180422675117545
1468,1,AlexandreMotorImagery,8,0.8,13,1.0,0.5,0.5396535138475131,0.6873716824494084
1469,1,AlexandreMotorImagery,8,0.8,14,1.0,0.5,0.5184524807531922,0.6658785512742827
1470,1,AlexandreMotorImagery,8,0.8,15,1.0,0.5,0.498903315237943,0.6459435432407133
1471,1,AlexandreMotorImagery,8,0.8,16,1.0,0.5,0.4823022526615158,0.6261091115477163
1472,1,AlexandreMotorImagery,8,0.9,1,0.9821428571428571,0.5,0.8876025260897108,0.9516433144812185
1473,1,AlexandreMotorImagery,8,0.9,2,0.9821428571428571,0.0,0.7983561191750062,0.8581435218272615
1474,1,AlexandreMotorImagery,8,0.9,3,0.9821428571428571,0.0,0.7324615479521039,0.808418669148735
1475,1,AlexandreMotorImagery,8,0.9,4,0.9821428571428571,0.25,0.6624944694099208,0.7628802463778434
1476,1,AlexandreMotorImagery,8,0.9,5,0.9821428571428571,0.25,0.6125921379445746,0.7141014423531755
1477,1,AlexandreMotorImagery,8,0.9,6,1.0,0.25,0.5516155561216021,0.6445161744485636
1478,1,AlexandreMotorImagery,8,0.9,7,0.9821428571428571,0.0,0.5190595417460573,0.6230552163325284
1479,1,AlexandreMotorImagery,8,0.9,8,0.9821428571428571,0.0,0.4877525429625384,0.5959595844297978
1480,1,AlexandreMotorImagery,8,0.9,9,1.0,0.0,0.4633417531657891,0.5705991463957321
1481,1,AlexandreMotorImagery,8,0.9,10,0.9821428571428571,0.0,0.4290703667130511,0.5389122362369096
1482,1,AlexandreMotorImagery,8,0.9,11,0.9821428571428571,0.0,0.4089670942878352,0.517600885144601
1483,1,AlexandreMotorImagery,8,0.9,12,0.9821428571428571,0.0,0.395121246247041,0.509316652394435
1484,1,AlexandreMotorImagery,8,0.9,13,0.9821428571428571,0.0,0.36777751379355234,0.4732820961138707
1485,1,AlexandreMotorImagery,8,0.9,14,1.0,0.0,0.35560897384581447,0.48940119419189393
1486,1,AlexandreMotorImagery,8,0.9,15,0.9821428571428571,0.0,0.33999751932597566,0.4691530183333876
1487,1,AlexandreMotorImagery,8,0.9,16,0.9821428571428571,0.0,0.3239929543084421,0.45486920637150735
1488,1,AlexandreMotorImagery,8,1.0,1,0.9464285714285714,0.25,6.97527317704284e-31,6.970683255798088e-31
1489,1,AlexandreMotorImagery,8,1.0,2,0.9464285714285714,0.25,0.0,0.0
1490,1,AlexandreMotorImagery,8,1.0,3,0.9464285714285714,0.25,0.0,0.0
1491,1,AlexandreMotorImagery,8,1.0,4,0.9464285714285714,0.25,0.0,0.0
1492,1,AlexandreMotorImagery,8,1.0,5,0.9464285714285714,0.25,0.0,0.0
1493,1,AlexandreMotorImagery,8,1.0,6,0.9464285714285714,0.25,0.0,0.0
1494,1,AlexandreMotorImagery,9,0.0,1,0.8392857142857143,0.0,0.9927052221346689,1.0755475493388105
1495,1,AlexandreMotorImagery,9,0.0,2,1.0,0.5,0.9899669398920783,1.0789129894725848
1496,1,AlexandreMotorImagery,9,0.0,3,1.0,0.5,0.9886127769447942,1.078580656022875
1497,1,AlexandreMotorImagery,9,0.0,4,1.0,0.5,0.986963953944485,1.0815902166988118
1498,1,AlexandreMotorImagery,9,0.0,5,1.0,0.5,0.9860102307648059,1.0818520632775868
1499,1,AlexandreMotorImagery,9,0.0,6,1.0,0.25,0.9835964270292373,1.0846724527706166
1500,1,AlexandreMotorImagery,9,0.0,7,1.0,0.25,0.9821379457092241,1.0843418809594103
1501,1,AlexandreMotorImagery,9,0.0,8,1.0,0.25,0.9807779960583124,1.0842742048281881
1502,1,AlexandreMotorImagery,9,0.0,9,1.0,0.25,0.9787731131684929,1.084091130859205
1503,1,AlexandreMotorImagery,9,0.0,10,1.0,0.25,0.9778828131588264,1.084464645849689
1504,1,AlexandreMotorImagery,9,0.0,11,1.0,0.25,0.9771540130660552,1.0852261995785253
1505,1,AlexandreMotorImagery,9,0.0,12,1.0,0.5,0.9753985550509854,1.0840972330155878
1506,1,AlexandreMotorImagery,9,0.0,13,1.0,0.5,0.9746037374389895,1.0835254991036196
1507,1,AlexandreMotorImagery,9,0.0,14,1.0,0.5,0.9736667527216949,1.0851868780052363
1508,1,AlexandreMotorImagery,9,0.0,15,1.0,0.5,0.9726910776105168,1.0873827572903856
1509,1,AlexandreMotorImagery,9,0.0,16,1.0,0.5,0.9717390666635709,1.0865767560084123
1510,1,AlexandreMotorImagery,9,0.1,1,0.9285714285714286,0.5,0.9874992144983127,1.0708369841110683
1511,1,AlexandreMotorImagery,9,0.1,2,1.0,0.5,0.9814772370151555,1.0694599654800692
1512,1,AlexandreMotorImagery,9,0.1,3,1.0,0.5,0.9779278881378687,1.0784002672902053
1513,1,AlexandreMotorImagery,9,0.1,4,1.0,0.5,0.9751426391083219,1.0806308964149347
1514,1,AlexandreMotorImagery,9,0.1,5,1.0,0.25,0.9732342437870241,1.0846661465798677
1515,1,AlexandreMotorImagery,9,0.1,6,1.0,0.25,0.9712663911893734,1.0851202443914152
1516,1,AlexandreMotorImagery,9,0.1,7,1.0,0.25,0.968443422057201,1.0833048004546715
1517,1,AlexandreMotorImagery,9,0.1,8,1.0,0.25,0.9657677712244223,1.0826837843018262
1518,1,AlexandreMotorImagery,9,0.1,9,1.0,0.25,0.9635067319995522,1.0825216138500682
1519,1,AlexandreMotorImagery,9,0.1,10,1.0,0.25,0.9608782625530305,1.088198822040967
1520,1,AlexandreMotorImagery,9,0.1,11,1.0,0.25,0.9586519635365355,1.088842347721933
1521,1,AlexandreMotorImagery,9,0.1,12,1.0,0.25,0.9563737091673787,1.0832643997877314
1522,1,AlexandreMotorImagery,9,0.1,13,1.0,0.25,0.9536651314502694,1.0829274372502535
1523,1,AlexandreMotorImagery,9,0.1,14,1.0,0.25,0.9517614720927531,1.0803344984981658
1524,1,AlexandreMotorImagery,9,0.1,15,1.0,0.25,0.9506487062110581,1.0805587966291765
1525,1,AlexandreMotorImagery,9,0.1,16,1.0,0.25,0.9490245023389454,1.0826503435120884
1526,1,AlexandreMotorImagery,9,0.2,1,0.9464285714285714,0.5,0.9818080594168161,1.0736100851574946
1527,1,AlexandreMotorImagery,9,0.2,2,1.0,0.25,0.9742267341860898,1.0776301016189638
1528,1,AlexandreMotorImagery,9,0.2,3,1.0,0.5,0.9668228768940356,1.0684951987305373
1529,1,AlexandreMotorImagery,9,0.2,4,1.0,0.25,0.9614587964810383,1.0693219604870408
1530,1,AlexandreMotorImagery,9,0.2,5,1.0,0.25,0.9561581335980142,1.093053151351232
1531,1,AlexandreMotorImagery,9,0.2,6,1.0,0.25,0.9506189372560465,1.091216487800121
1532,1,AlexandreMotorImagery,9,0.2,7,1.0,0.25,0.9464747333282277,1.0963166172525498
1533,1,AlexandreMotorImagery,9,0.2,8,1.0,0.25,0.9429754225100415,1.1113389447372615
1534,1,AlexandreMotorImagery,9,0.2,9,1.0,0.25,0.9398379999085912,1.115646735870389
1535,1,AlexandreMotorImagery,9,0.2,10,1.0,0.0,0.9351260839477802,1.1192801607043685
1536,1,AlexandreMotorImagery,9,0.2,11,1.0,0.0,0.9308783055519906,1.1348207611035854
1537,1,AlexandreMotorImagery,9,0.2,12,1.0,0.0,0.927281319718653,1.1307402230409114
1538,1,AlexandreMotorImagery,9,0.2,13,1.0,0.5,0.9234274690929857,1.1433954495803065
1539,1,AlexandreMotorImagery,9,0.2,14,1.0,0.25,0.9190185489398448,1.1389433893179746
1540,1,AlexandreMotorImagery,9,0.2,15,1.0,0.25,0.9143412321919138,1.1442229124718428
1541,1,AlexandreMotorImagery,9,0.2,16,1.0,0.25,0.9117361284875724,1.1478422985420549
1542,1,AlexandreMotorImagery,9,0.3,1,0.9464285714285714,0.5,0.9792395567536677,1.1214412908536604
1543,1,AlexandreMotorImagery,9,0.3,2,0.9464285714285714,0.5,0.9678464257979322,1.1203617084695972
1544,1,AlexandreMotorImagery,9,0.3,3,1.0,0.75,0.955289105439477,1.1826824976740455
1545,1,AlexandreMotorImagery,9,0.3,4,1.0,0.5,0.9451982697743437,1.1797529470525532
1546,1,AlexandreMotorImagery,9,0.3,5,1.0,0.5,0.936556521881254,1.1704244124403482
1547,1,AlexandreMotorImagery,9,0.3,6,1.0,0.5,0.929253501508795,1.1917496603898283
1548,1,AlexandreMotorImagery,9,0.3,7,1.0,0.5,0.923456805707533,1.1993293636683455
1549,1,AlexandreMotorImagery,9,0.3,8,1.0,0.5,0.9181147713226883,1.2071501263066127
1550,1,AlexandreMotorImagery,9,0.3,9,1.0,0.5,0.9125139747481346,1.2049456425585652
1551,1,AlexandreMotorImagery,9,0.3,10,1.0,0.5,0.9069162439725866,1.2418264097991814
1552,1,AlexandreMotorImagery,9,0.3,11,1.0,0.5,0.9028090115836976,1.250438436893825
1553,1,AlexandreMotorImagery,9,0.3,12,1.0,0.5,0.8947040417974853,1.262643060321719
1554,1,AlexandreMotorImagery,9,0.3,13,1.0,0.25,0.8886578521951851,1.2663356554055287
1555,1,AlexandreMotorImagery,9,0.3,14,1.0,0.25,0.8816001675303974,1.2716368243839495
1556,1,AlexandreMotorImagery,9,0.3,15,1.0,0.25,0.8758232955323451,1.286267627396079
1557,1,AlexandreMotorImagery,9,0.3,16,1.0,0.25,0.8711366954234517,1.2893778503907174
1558,1,AlexandreMotorImagery,9,0.4,1,0.9464285714285714,0.5,0.9793534303234431,1.095260934530854
1559,1,AlexandreMotorImagery,9,0.4,2,0.9285714285714286,0.5,0.9653520092919885,1.1027198194916308
1560,1,AlexandreMotorImagery,9,0.4,3,0.9642857142857143,0.5,0.955598813061312,1.1465193761627186
1561,1,AlexandreMotorImagery,9,0.4,4,0.9642857142857143,0.5,0.940298599957113,1.1718989273926568
1562,1,AlexandreMotorImagery,9,0.4,5,0.9464285714285714,0.5,0.9244948331468735,1.1787618907012634
1563,1,AlexandreMotorImagery,9,0.4,6,0.9642857142857143,0.25,0.912434231526113,1.2102271210978073
1564,1,AlexandreMotorImagery,9,0.4,7,0.9642857142857143,0.5,0.900807205544047,1.2477087072716082
1565,1,AlexandreMotorImagery,9,0.4,8,0.9821428571428571,0.5,0.8892589572416758,1.2652269459946335
1566,1,AlexandreMotorImagery,9,0.4,9,0.9821428571428571,0.5,0.879486953652917,1.2890111643701083
1567,1,AlexandreMotorImagery,9,0.4,10,1.0,0.75,0.8671919420133918,1.2759162235188937
1568,1,AlexandreMotorImagery,9,0.4,11,0.9821428571428571,0.5,0.8563675887292012,1.2894722093440665
1569,1,AlexandreMotorImagery,9,0.4,12,1.0,0.75,0.8450553308587542,1.2930894886784816
1570,1,AlexandreMotorImagery,9,0.4,13,1.0,1.0,0.8354774665795747,1.31329546156841
1571,1,AlexandreMotorImagery,9,0.4,14,1.0,0.5,0.8261093317923784,1.3078182975288448
1572,1,AlexandreMotorImagery,9,0.4,15,1.0,0.5,0.8181691126724606,1.3232030498134242
1573,1,AlexandreMotorImagery,9,0.4,16,1.0,0.5,0.8107577364498876,1.348828711891841
1574,1,AlexandreMotorImagery,9,0.5,1,0.9107142857142857,0.5,0.9651412283734333,1.0929007699795286
1575,1,AlexandreMotorImagery,9,0.5,2,0.9642857142857143,0.5,0.9424936041003545,1.1199896559016063
1576,1,AlexandreMotorImagery,9,0.5,3,1.0,0.5,0.9238013481043691,1.1220691801255904
1577,1,AlexandreMotorImagery,9,0.5,4,1.0,0.5,0.9063231835972931,1.1406708215280266
1578,1,AlexandreMotorImagery,9,0.5,5,1.0,0.5,0.890973759633709,1.1387045863502607
1579,1,AlexandreMotorImagery,9,0.5,6,1.0,0.5,0.8774574680440373,1.150854364730995
1580,1,AlexandreMotorImagery,9,0.5,7,0.9821428571428571,0.5,0.864276897920699,1.175672006443789
1581,1,AlexandreMotorImagery,9,0.5,8,0.9642857142857143,0.5,0.8525030057924008,1.214637834324974
1582,1,AlexandreMotorImagery,9,0.5,9,1.0,0.5,0.8398467165076748,1.223811614564857
1583,1,AlexandreMotorImagery,9,0.5,10,0.9821428571428571,0.5,0.8276087902972644,1.246259453072397
1584,1,AlexandreMotorImagery,9,0.5,11,1.0,0.5,0.8154001502130885,1.2701296400316344
1585,1,AlexandreMotorImagery,9,0.5,12,1.0,0.5,0.8021428680544971,1.2656610653677165
1586,1,AlexandreMotorImagery,9,0.5,13,1.0,0.5,0.7926360466327634,1.2694972434259686
1587,1,AlexandreMotorImagery,9,0.5,14,1.0,0.5,0.7832533216957593,1.267332577553063
1588,1,AlexandreMotorImagery,9,0.5,15,1.0,0.5,0.7754323306937388,1.2706241315178177
1589,1,AlexandreMotorImagery,9,0.5,16,1.0,0.5,0.7666263821721694,1.2856334627596746
1590,1,AlexandreMotorImagery,9,0.6,1,0.9107142857142857,0.25,0.9495755758300951,1.1165993262394691
1591,1,AlexandreMotorImagery,9,0.6,2,0.9642857142857143,0.75,0.9179679211939692,1.100562763856622
1592,1,AlexandreMotorImagery,9,0.6,3,1.0,0.5,0.8931027360721767,1.1153554894198396
1593,1,AlexandreMotorImagery,9,0.6,4,1.0,0.5,0.8754965799399893,1.1283946941418763
1594,1,AlexandreMotorImagery,9,0.6,5,1.0,0.5,0.8583588187613871,1.145970253286596
1595,1,AlexandreMotorImagery,9,0.6,6,1.0,0.5,0.843094897998108,1.1659227884363286
1596,1,AlexandreMotorImagery,9,0.6,7,1.0,0.25,0.8279247018077828,1.1736607351674675
1597,1,AlexandreMotorImagery,9,0.6,8,1.0,0.25,0.8148591867353386,1.173778786174262
1598,1,AlexandreMotorImagery,9,0.6,9,1.0,0.25,0.7995493881044491,1.153576206154571
1599,1,AlexandreMotorImagery,9,0.6,10,1.0,0.5,0.7863777274733676,1.1610605392811892
1600,1,AlexandreMotorImagery,9,0.6,11,1.0,0.5,0.7750319756580222,1.1712879807871357
1601,1,AlexandreMotorImagery,9,0.6,12,1.0,0.5,0.7611324971567325,1.170979453473248
1602,1,AlexandreMotorImagery,9,0.6,13,1.0,0.5,0.7508987033429718,1.1674358032203132
1603,1,AlexandreMotorImagery,9,0.6,14,1.0,0.5,0.7372194150914243,1.1663807754404205
1604,1,AlexandreMotorImagery,9,0.6,15,1.0,0.5,0.7254906620073168,1.1683145699793007
1605,1,AlexandreMotorImagery,9,0.6,16,1.0,0.5,0.7083032243122892,1.1454432892455977
1606,1,AlexandreMotorImagery,9,0.7,1,0.9464285714285714,0.0,0.9366195582654067,1.1366421114247656
1607,1,AlexandreMotorImagery,9,0.7,2,0.9464285714285714,0.75,0.8894474687942163,1.1215028659260016
1608,1,AlexandreMotorImagery,9,0.7,3,0.9642857142857143,0.75,0.8605532983317281,1.1729078697278688
1609,1,AlexandreMotorImagery,9,0.7,4,0.9821428571428571,0.75,0.8402110047628546,1.1680694996232248
1610,1,AlexandreMotorImagery,9,0.7,5,0.9642857142857143,1.0,0.8181160076820743,1.1315953046384286
1611,1,AlexandreMotorImagery,9,0.7,6,0.9821428571428571,0.75,0.7980132699218733,1.1383628273387756
1612,1,AlexandreMotorImagery,9,0.7,7,1.0,0.75,0.7805590866900081,1.1763992161623607
1613,1,AlexandreMotorImagery,9,0.7,8,1.0,0.75,0.7605533242232213,1.1513090262515666
1614,1,AlexandreMotorImagery,9,0.7,9,1.0,0.75,0.7451986348887623,1.1615485119917925
1615,1,AlexandreMotorImagery,9,0.7,10,1.0,0.75,0.7261843047524437,1.1519818008730354
1616,1,AlexandreMotorImagery,9,0.7,11,1.0,0.25,0.7077061992995624,1.1264201897081354
1617,1,AlexandreMotorImagery,9,0.7,12,1.0,0.75,0.6888364594033872,1.0952607128434217
1618,1,AlexandreMotorImagery,9,0.7,13,1.0,0.5,0.6735256830317788,1.0793877641280967
1619,1,AlexandreMotorImagery,9,0.7,14,1.0,0.75,0.6585147443712572,1.0632570919489972
1620,1,AlexandreMotorImagery,9,0.7,15,1.0,0.5,0.6413068928427568,1.0516618358505614
1621,1,AlexandreMotorImagery,9,0.7,16,1.0,0.75,0.6232624058825779,1.018902324600611
1622,1,AlexandreMotorImagery,9,0.8,1,0.9107142857142857,0.25,0.9261854819112264,1.091520757349717
1623,1,AlexandreMotorImagery,9,0.8,2,1.0,0.0,0.8875822683549119,1.1251510807536274
1624,1,AlexandreMotorImagery,9,0.8,3,0.9464285714285714,0.5,0.8533087260203936,1.0974230361773478
1625,1,AlexandreMotorImagery,9,0.8,4,0.9821428571428571,0.25,0.8137041320596596,1.0578472887847759
1626,1,AlexandreMotorImagery,9,0.8,5,0.9642857142857143,0.75,0.7596631012621701,1.0065436352223094
1627,1,AlexandreMotorImagery,9,0.8,6,0.9642857142857143,0.5,0.7315820361690927,0.9873506577242315
1628,1,AlexandreMotorImagery,9,0.8,7,1.0,0.75,0.704372718170315,0.9582668237078288
1629,1,AlexandreMotorImagery,9,0.8,8,0.9821428571428571,0.5,0.6692032530183687,0.9007758403679751
1630,1,AlexandreMotorImagery,9,0.8,9,0.9821428571428571,0.5,0.6415124480142768,0.8736726022104272
1631,1,AlexandreMotorImagery,9,0.8,10,0.9821428571428571,0.5,0.6165508842278499,0.8456470325852906
1632,1,AlexandreMotorImagery,9,0.8,11,0.9821428571428571,0.25,0.5922151863446233,0.8177895182051711
1633,1,AlexandreMotorImagery,9,0.8,12,0.9821428571428571,0.25,0.5700624389113855,0.7897553943363793
1634,1,AlexandreMotorImagery,9,0.8,13,0.9821428571428571,0.25,0.5439475851753193,0.7565449658791644
1635,1,AlexandreMotorImagery,9,0.8,14,1.0,0.5,0.5202412799122949,0.7247441112901251
1636,1,AlexandreMotorImagery,9,0.8,15,1.0,0.5,0.4991961747569039,0.6997923697869796
1637,1,AlexandreMotorImagery,9,0.8,16,1.0,0.5,0.4816056874948714,0.6856401051747885
1638,1,AlexandreMotorImagery,9,0.9,1,0.9821428571428571,0.25,0.8986595325406417,1.0734232974269942
1639,1,AlexandreMotorImagery,9,0.9,2,1.0,0.5,0.8067827969573782,0.969323800277715
1640,1,AlexandreMotorImagery,9,0.9,3,0.9821428571428571,0.5,0.7206572921771363,0.879451733508694
1641,1,AlexandreMotorImagery,9,0.9,4,1.0,0.25,0.6512532418025834,0.8095788199013028
1642,1,AlexandreMotorImagery,9,0.9,5,0.9821428571428571,0.5,0.5900244471812335,0.7422064168054848
1643,1,AlexandreMotorImagery,9,0.9,6,0.9821428571428571,0.5,0.5460060447565661,0.7023975915261169
1644,1,AlexandreMotorImagery,9,0.9,7,0.9821428571428571,0.5,0.5080942997777675,0.6659473370493029
1645,1,AlexandreMotorImagery,9,0.9,8,0.9821428571428571,0.25,0.46855557521948404,0.6131852225899436
1646,1,AlexandreMotorImagery,9,0.9,9,0.9821428571428571,0.25,0.4515253168137255,0.600654315829042
1647,1,AlexandreMotorImagery,9,0.9,10,0.9821428571428571,0.25,0.4309831927862902,0.5814314516781519
1648,1,AlexandreMotorImagery,9,0.9,11,0.9821428571428571,0.25,0.4127002490006311,0.5612164464382658
1649,1,AlexandreMotorImagery,9,0.9,12,1.0,0.25,0.3943748005498299,0.5583075378241443
1650,1,AlexandreMotorImagery,9,0.9,13,0.9821428571428571,0.0,0.3746697403856505,0.5344866607068892
1651,1,AlexandreMotorImagery,9,0.9,14,1.0,0.0,0.35967976190495143,0.5237577323431988
1652,1,AlexandreMotorImagery,9,0.9,15,1.0,0.0,0.34451541979822464,0.5056402242577211
1653,1,AlexandreMotorImagery,9,0.9,16,1.0,0.0,0.3332902706386631,0.49409352695027986
1654,1,AlexandreMotorImagery,9,1.0,1,0.9642857142857143,0.75,6.494419591508481e-31,7.210986141027016e-31
1655,1,AlexandreMotorImagery,9,1.0,2,0.9642857142857143,0.75,0.0,0.0
1656,1,AlexandreMotorImagery,9,1.0,3,0.9642857142857143,0.75,0.0,0.0
1657,1,AlexandreMotorImagery,9,1.0,4,0.9642857142857143,0.75,0.0,0.0
1658,1,AlexandreMotorImagery,9,1.0,5,0.9642857142857143,0.75,0.0,0.0
1659,1,AlexandreMotorImagery,9,1.0,6,0.9642857142857143,0.75,0.0,0.0
1660,1,AlexandreMotorImagery,10,0.0,1,0.75,0.25,0.9951277869121631,1.0516982307527052
1661,1,AlexandreMotorImagery,10,0.0,2,0.9821428571428571,0.25,0.989921150356127,1.0455957770008735
1662,1,AlexandreMotorImagery,10,0.0,3,0.9821428571428571,0.5,0.9864817036884798,1.0444162278012021
1663,1,AlexandreMotorImagery,10,0.0,4,1.0,0.5,0.9825274442673184,1.0436156799153447
1664,1,AlexandreMotorImagery,10,0.0,5,1.0,0.5,0.9807629610914872,1.0482980949220642
1665,1,AlexandreMotorImagery,10,0.0,6,1.0,0.25,0.9789421288712578,1.0487001682853359
1666,1,AlexandreMotorImagery,10,0.0,7,1.0,0.0,0.9778956418806383,1.0465024139573595
1667,1,AlexandreMotorImagery,10,0.0,8,1.0,0.25,0.9770105951522197,1.0465784625805323
1668,1,AlexandreMotorImagery,10,0.0,9,1.0,0.0,0.9762091105059338,1.0459996409333114
1669,1,AlexandreMotorImagery,10,0.0,10,1.0,0.25,0.9751550757254385,1.0480697065275646
1670,1,AlexandreMotorImagery,10,0.0,11,1.0,0.5,0.9741346669871218,1.0469691511850712
1671,1,AlexandreMotorImagery,10,0.0,12,1.0,0.5,0.9728289302350644,1.046313131621009
1672,1,AlexandreMotorImagery,10,0.0,13,1.0,0.5,0.9718924215144531,1.046178913355257
1673,1,AlexandreMotorImagery,10,0.0,14,1.0,0.5,0.9709694702877288,1.0413343578069911
1674,1,AlexandreMotorImagery,10,0.0,15,1.0,0.5,0.9702415692912149,1.0376889410468373
1675,1,AlexandreMotorImagery,10,0.0,16,1.0,0.5,0.9693734763604439,1.034726822891846
1676,1,AlexandreMotorImagery,10,0.1,1,0.9464285714285714,0.25,0.9888686288381586,1.024931044170041
1677,1,AlexandreMotorImagery,10,0.1,2,1.0,0.75,0.9846229970015506,1.0211184963807947
1678,1,AlexandreMotorImagery,10,0.1,3,0.9821428571428571,0.5,0.9815626201559734,1.01764211269151
1679,1,AlexandreMotorImagery,10,0.1,4,1.0,0.25,0.9788148730983407,1.0158723792389006
1680,1,AlexandreMotorImagery,10,0.1,5,1.0,0.0,0.9752613057751482,1.0218794478118591
1681,1,AlexandreMotorImagery,10,0.1,6,1.0,0.25,0.9721133653056335,1.0235925003994555
1682,1,AlexandreMotorImagery,10,0.1,7,1.0,0.5,0.9697390792241088,1.024799226151499
1683,1,AlexandreMotorImagery,10,0.1,8,1.0,0.5,0.9677982344519043,1.0280420019965548
1684,1,AlexandreMotorImagery,10,0.1,9,1.0,0.5,0.9660934086537735,1.0310950145028608
1685,1,AlexandreMotorImagery,10,0.1,10,1.0,0.5,0.9642989248101345,1.0317749025069
1686,1,AlexandreMotorImagery,10,0.1,11,1.0,0.25,0.9621093953363504,1.032320585259338
1687,1,AlexandreMotorImagery,10,0.1,12,1.0,0.5,0.9603072187060114,1.0312416694073
1688,1,AlexandreMotorImagery,10,0.1,13,1.0,0.5,0.957716578753857,1.0308261660035694
1689,1,AlexandreMotorImagery,10,0.1,14,1.0,0.5,0.955416720658444,1.030970560197924
1690,1,AlexandreMotorImagery,10,0.1,15,1.0,0.5,0.9539820975446195,1.0316317913261979
1691,1,AlexandreMotorImagery,10,0.1,16,1.0,0.5,0.9518406429129976,1.0324489737280924
1692,1,AlexandreMotorImagery,10,0.2,1,0.9107142857142857,0.25,0.9890475908306383,1.073788033842572
1693,1,AlexandreMotorImagery,10,0.2,2,0.9821428571428571,0.75,0.9817949613767113,1.0890050524292565
1694,1,AlexandreMotorImagery,10,0.2,3,1.0,0.5,0.9754367312644339,1.0904438668627003
1695,1,AlexandreMotorImagery,10,0.2,4,0.9821428571428571,0.75,0.9713763890840746,1.0927915073992067
1696,1,AlexandreMotorImagery,10,0.2,5,1.0,0.75,0.9682627974979222,1.096431219871476
1697,1,AlexandreMotorImagery,10,0.2,6,1.0,0.75,0.9623349165194814,1.0933797450287133
1698,1,AlexandreMotorImagery,10,0.2,7,1.0,0.75,0.9596170283793174,1.094282841340652
1699,1,AlexandreMotorImagery,10,0.2,8,1.0,0.75,0.9573846481000484,1.0949912935601651
1700,1,AlexandreMotorImagery,10,0.2,9,1.0,0.75,0.9533758141875274,1.0940501655506811
1701,1,AlexandreMotorImagery,10,0.2,10,1.0,0.75,0.949245531260846,1.1013650392519867
1702,1,AlexandreMotorImagery,10,0.2,11,1.0,0.5,0.9439675623232932,1.1059569218128438
1703,1,AlexandreMotorImagery,10,0.2,12,1.0,0.5,0.940001882074995,1.1061207292365132
1704,1,AlexandreMotorImagery,10,0.2,13,1.0,0.5,0.9357311174634392,1.1160785508207238
1705,1,AlexandreMotorImagery,10,0.2,14,1.0,0.5,0.9319422864868085,1.1249173257553462
1706,1,AlexandreMotorImagery,10,0.2,15,1.0,0.5,0.9291664964632227,1.1265738129937277
1707,1,AlexandreMotorImagery,10,0.2,16,1.0,0.5,0.927306882189789,1.1318626925284458
1708,1,AlexandreMotorImagery,10,0.3,1,0.9285714285714286,0.5,0.9796864196843821,1.0711291179054865
1709,1,AlexandreMotorImagery,10,0.3,2,1.0,0.5,0.9657241630293041,1.0793832076785084
1710,1,AlexandreMotorImagery,10,0.3,3,1.0,0.5,0.9530139591701635,1.0888972113959683
1711,1,AlexandreMotorImagery,10,0.3,4,1.0,0.5,0.9442476894651677,1.0922710681434855
1712,1,AlexandreMotorImagery,10,0.3,5,1.0,0.25,0.940263887004841,1.1010665881187862
1713,1,AlexandreMotorImagery,10,0.3,6,1.0,0.75,0.9309715989558434,1.0999196572328527
1714,1,AlexandreMotorImagery,10,0.3,7,1.0,0.75,0.9232064865999012,1.122165927397983
1715,1,AlexandreMotorImagery,10,0.3,8,1.0,0.5,0.917562369901738,1.1286110258379305
1716,1,AlexandreMotorImagery,10,0.3,9,1.0,0.5,0.9122525422017633,1.1316664825863263
1717,1,AlexandreMotorImagery,10,0.3,10,1.0,0.5,0.9074948338415798,1.1479053646816464
1718,1,AlexandreMotorImagery,10,0.3,11,1.0,0.5,0.904186374216153,1.153806337319598
1719,1,AlexandreMotorImagery,10,0.3,12,1.0,0.25,0.9001318978383475,1.1506663732047566
1720,1,AlexandreMotorImagery,10,0.3,13,1.0,0.0,0.8963670626413033,1.151096829075677
1721,1,AlexandreMotorImagery,10,0.3,14,1.0,0.25,0.8930079275217839,1.1463023463141657
1722,1,AlexandreMotorImagery,10,0.3,15,1.0,0.0,0.890140070502302,1.1493614192908839
1723,1,AlexandreMotorImagery,10,0.3,16,1.0,0.25,0.8833721905721708,1.1512188392022027
1724,1,AlexandreMotorImagery,10,0.4,1,0.9285714285714286,0.25,0.9800023258857811,1.0753802706236473
1725,1,AlexandreMotorImagery,10,0.4,2,1.0,0.5,0.9668227675265562,1.0942131536887312
1726,1,AlexandreMotorImagery,10,0.4,3,0.9821428571428571,0.0,0.9503069269922269,1.0850618306727322
1727,1,AlexandreMotorImagery,10,0.4,4,1.0,0.25,0.9376132423723856,1.1008084199366226
1728,1,AlexandreMotorImagery,10,0.4,5,1.0,0.5,0.9236342150166834,1.1204587121227643
1729,1,AlexandreMotorImagery,10,0.4,6,1.0,0.5,0.9126634727879822,1.1448108736922882
1730,1,AlexandreMotorImagery,10,0.4,7,1.0,0.5,0.8994924226097382,1.1526455886828308
1731,1,AlexandreMotorImagery,10,0.4,8,1.0,0.5,0.888462766027579,1.164499581291755
1732,1,AlexandreMotorImagery,10,0.4,9,1.0,0.5,0.8771343438089277,1.211396938806992
1733,1,AlexandreMotorImagery,10,0.4,10,1.0,0.5,0.8670895571830889,1.2091145947167095
1734,1,AlexandreMotorImagery,10,0.4,11,1.0,0.5,0.8573954626079253,1.2235357852674373
1735,1,AlexandreMotorImagery,10,0.4,12,1.0,0.5,0.8487802976066906,1.2436566041104746
1736,1,AlexandreMotorImagery,10,0.4,13,1.0,0.5,0.8395079558223156,1.2490477863451426
1737,1,AlexandreMotorImagery,10,0.4,14,1.0,0.5,0.8298495227248247,1.2513861790578102
1738,1,AlexandreMotorImagery,10,0.4,15,1.0,0.25,0.8223540650048065,1.2393450146497031
1739,1,AlexandreMotorImagery,10,0.4,16,1.0,0.5,0.8139045680749687,1.2376580551085006
1740,1,AlexandreMotorImagery,10,0.5,1,0.9821428571428571,0.25,0.9619559675710898,1.0352990635136148
1741,1,AlexandreMotorImagery,10,0.5,2,1.0,0.25,0.9414794366467585,1.0571688473314302
1742,1,AlexandreMotorImagery,10,0.5,3,1.0,0.25,0.9227760667327571,1.0746249346185694
1743,1,AlexandreMotorImagery,10,0.5,4,1.0,0.5,0.9080788415020935,1.0809100184321694
1744,1,AlexandreMotorImagery,10,0.5,5,0.9821428571428571,0.25,0.8944232179076653,1.1082638979967085
1745,1,AlexandreMotorImagery,10,0.5,6,0.9821428571428571,0.5,0.8806919647556855,1.1000174630748716
1746,1,AlexandreMotorImagery,10,0.5,7,1.0,0.5,0.8667858233587181,1.0971042338796402
1747,1,AlexandreMotorImagery,10,0.5,8,1.0,0.5,0.8532232934309092,1.1078796494786856
1748,1,AlexandreMotorImagery,10,0.5,9,1.0,0.5,0.8419404191758695,1.121849125076639
1749,1,AlexandreMotorImagery,10,0.5,10,1.0,0.5,0.8308056311873371,1.1200441747352972
1750,1,AlexandreMotorImagery,10,0.5,11,1.0,0.5,0.8199330816915694,1.1169521237084508
1751,1,AlexandreMotorImagery,10,0.5,12,1.0,0.5,0.8090062806317664,1.1547312629700386
1752,1,AlexandreMotorImagery,10,0.5,13,1.0,0.5,0.7995078955336286,1.157832850846026
1753,1,AlexandreMotorImagery,10,0.5,14,1.0,0.25,0.7910583226992349,1.1606988143133543
1754,1,AlexandreMotorImagery,10,0.5,15,1.0,0.25,0.7821920487503525,1.1710789399160415
1755,1,AlexandreMotorImagery,10,0.5,16,1.0,0.25,0.7733380009588572,1.1614906128460007
1756,1,AlexandreMotorImagery,10,0.6,1,0.9464285714285714,0.0,0.9550022433540148,1.0129684448824832
1757,1,AlexandreMotorImagery,10,0.6,2,0.9821428571428571,0.25,0.9242999825816172,1.0182887727896097
1758,1,AlexandreMotorImagery,10,0.6,3,1.0,0.5,0.9021421876345355,1.018701139965929
1759,1,AlexandreMotorImagery,10,0.6,4,1.0,0.25,0.8838710566107596,1.0551043736328314
1760,1,AlexandreMotorImagery,10,0.6,5,1.0,0.25,0.8663660262276595,1.0901362239730537
1761,1,AlexandreMotorImagery,10,0.6,6,0.9821428571428571,0.25,0.8498379696754912,1.1222578831841306
1762,1,AlexandreMotorImagery,10,0.6,7,0.9821428571428571,0.25,0.8345959259445692,1.1343967243068682
1763,1,AlexandreMotorImagery,10,0.6,8,0.9821428571428571,0.25,0.8177911444999346,1.1373667939229024
1764,1,AlexandreMotorImagery,10,0.6,9,1.0,0.5,0.7976969096522131,1.0910621439537518
1765,1,AlexandreMotorImagery,10,0.6,10,1.0,0.0,0.782000253481303,1.0811042411641907
1766,1,AlexandreMotorImagery,10,0.6,11,1.0,0.25,0.7695884453488235,1.099437583580521
1767,1,AlexandreMotorImagery,10,0.6,12,1.0,0.25,0.7597714662971282,1.1103651990811405
1768,1,AlexandreMotorImagery,10,0.6,13,1.0,0.25,0.7488787114305766,1.113398589827711
1769,1,AlexandreMotorImagery,10,0.6,14,1.0,0.25,0.7337652073872389,1.089156762094595
1770,1,AlexandreMotorImagery,10,0.6,15,1.0,0.25,0.7238766486194942,1.088532015834175
1771,1,AlexandreMotorImagery,10,0.6,16,1.0,0.25,0.7124330976881539,1.0894098740550775
1772,1,AlexandreMotorImagery,10,0.7,1,0.9464285714285714,0.25,0.9369268547586365,1.0654715506876133
1773,1,AlexandreMotorImagery,10,0.7,2,1.0,0.25,0.8973547251936582,1.0530638965772527
1774,1,AlexandreMotorImagery,10,0.7,3,0.9821428571428571,0.25,0.8659603480174017,1.025815768312121
1775,1,AlexandreMotorImagery,10,0.7,4,0.9821428571428571,0.25,0.8432364971574143,1.0326454778591745
1776,1,AlexandreMotorImagery,10,0.7,5,1.0,0.25,0.8231633551252177,1.0364617816623887
1777,1,AlexandreMotorImagery,10,0.7,6,0.9821428571428571,0.25,0.8038552633643515,1.0536925637164618
1778,1,AlexandreMotorImagery,10,0.7,7,0.9821428571428571,0.25,0.7883135768840074,1.0654224272856259
1779,1,AlexandreMotorImagery,10,0.7,8,0.9821428571428571,0.25,0.7723065249501249,1.0754521654208504
1780,1,AlexandreMotorImagery,10,0.7,9,1.0,0.5,0.7479848209999612,1.044645006539826
1781,1,AlexandreMotorImagery,10,0.7,10,1.0,0.5,0.727597143337097,1.019546320799935
1782,1,AlexandreMotorImagery,10,0.7,11,1.0,0.5,0.7144407290553173,1.0062252251905448
1783,1,AlexandreMotorImagery,10,0.7,12,1.0,0.25,0.6915152977847843,0.971356614481065
1784,1,AlexandreMotorImagery,10,0.7,13,1.0,0.25,0.6691347221767029,0.9423970014908352
1785,1,AlexandreMotorImagery,10,0.7,14,1.0,0.5,0.6538529238207129,0.9297944513566022
1786,1,AlexandreMotorImagery,10,0.7,15,1.0,0.5,0.6395088751232539,0.9104922796838418
1787,1,AlexandreMotorImagery,10,0.7,16,1.0,0.5,0.6207712928769271,0.8893615033191854
1788,1,AlexandreMotorImagery,10,0.8,1,0.9642857142857143,0.5,0.923387590655073,1.0022659843326458
1789,1,AlexandreMotorImagery,10,0.8,2,0.9464285714285714,0.25,0.8676318614506474,0.9568392833362467
1790,1,AlexandreMotorImagery,10,0.8,3,1.0,0.25,0.8268056631452676,0.9314825138534627
1791,1,AlexandreMotorImagery,10,0.8,4,0.9642857142857143,0.25,0.7987001305294517,0.9326614057674808
1792,1,AlexandreMotorImagery,10,0.8,5,1.0,0.5,0.7652726933879742,0.8969781098945556
1793,1,AlexandreMotorImagery,10,0.8,6,1.0,0.5,0.7322609086059523,0.8760749241234012
1794,1,AlexandreMotorImagery,10,0.8,7,1.0,0.75,0.7013888384235147,0.8503479145308713
1795,1,AlexandreMotorImagery,10,0.8,8,1.0,0.75,0.6671626520209395,0.8094096398047009
1796,1,AlexandreMotorImagery,10,0.8,9,1.0,0.75,0.6412740269212025,0.7859507881574944
1797,1,AlexandreMotorImagery,10,0.8,10,1.0,0.75,0.6075569593103002,0.7518004340196027
1798,1,AlexandreMotorImagery,10,0.8,11,1.0,0.75,0.5837713565224827,0.7292982357600652
1799,1,AlexandreMotorImagery,10,0.8,12,1.0,0.75,0.5575453060765477,0.6970320987472967
1800,1,AlexandreMotorImagery,10,0.8,13,1.0,0.75,0.5401145970375572,0.6860699406398566
1801,1,AlexandreMotorImagery,10,0.8,14,1.0,0.75,0.5201683511995397,0.6676103160323464
1802,1,AlexandreMotorImagery,10,0.8,15,1.0,0.5,0.4989521456989999,0.6434974953193595
1803,1,AlexandreMotorImagery,10,0.8,16,1.0,0.75,0.4782030489803214,0.6268531350828188
1804,1,AlexandreMotorImagery,10,0.9,1,0.9821428571428571,0.0,0.8899349108831458,1.0461232942696481
1805,1,AlexandreMotorImagery,10,0.9,2,0.9642857142857143,0.5,0.7980903540300835,0.9121133015965508
1806,1,AlexandreMotorImagery,10,0.9,3,0.9464285714285714,0.5,0.7273938466278737,0.8554104120045876
1807,1,AlexandreMotorImagery,10,0.9,4,0.9642857142857143,0.25,0.6624876688018272,0.7887475822035044
1808,1,AlexandreMotorImagery,10,0.9,5,0.9642857142857143,0.25,0.616217071594379,0.7439608318195745
1809,1,AlexandreMotorImagery,10,0.9,6,0.9642857142857143,0.25,0.5781537484777949,0.7216409847761858
1810,1,AlexandreMotorImagery,10,0.9,7,0.9642857142857143,0.25,0.5306874844762839,0.6655747021076357
1811,1,AlexandreMotorImagery,10,0.9,8,0.9642857142857143,0.25,0.49379009156355885,0.6317937614990256
1812,1,AlexandreMotorImagery,10,0.9,9,0.9821428571428571,0.25,0.4642092742543474,0.6083243696559058
1813,1,AlexandreMotorImagery,10,0.9,10,0.9821428571428571,0.25,0.44480181514728395,0.5879440575175642
1814,1,AlexandreMotorImagery,10,0.9,11,1.0,0.25,0.42246309896122114,0.5715001453011102
1815,1,AlexandreMotorImagery,10,0.9,12,1.0,0.5,0.39968258613229257,0.5442476375729496
1816,1,AlexandreMotorImagery,10,0.9,13,1.0,0.5,0.384291617387278,0.5356671354020892
1817,1,AlexandreMotorImagery,10,0.9,14,1.0,0.5,0.3700721382758544,0.5190731480592384
1818,1,AlexandreMotorImagery,10,0.9,15,1.0,0.5,0.3521052899194214,0.5018575875763278
1819,1,AlexandreMotorImagery,10,0.9,16,1.0,0.5,0.3398733162601124,0.494526535796598
1820,1,AlexandreMotorImagery,10,1.0,1,0.9821428571428571,0.5,7.488714462108932e-31,8.334431157208034e-31
1821,1,AlexandreMotorImagery,10,1.0,2,0.9821428571428571,0.5,0.0,0.0
1822,1,AlexandreMotorImagery,10,1.0,3,0.9821428571428571,0.5,0.0,0.0
1823,1,AlexandreMotorImagery,10,1.0,4,0.9821428571428571,0.5,0.0,0.0
1824,1,AlexandreMotorImagery,10,1.0,5,0.9821428571428571,0.5,0.0,0.0
1825,1,AlexandreMotorImagery,10,1.0,6,0.9821428571428571,0.5,0.0,0.0
1826,1,AlexandreMotorImagery,11,0.0,1,0.7678571428571429,0.5,0.9951357356777814,0.9664591246094499
1827,1,AlexandreMotorImagery,11,0.0,2,0.9642857142857143,0.25,0.990546531264008,0.9652011859564066
1828,1,AlexandreMotorImagery,11,0.0,3,1.0,0.5,0.9879408194451971,0.9658109099877941
1829,1,AlexandreMotorImagery,11,0.0,4,1.0,0.25,0.9861835336684402,0.9671511580912574
1830,1,AlexandreMotorImagery,11,0.0,5,1.0,0.5,0.9848376541574636,0.9724754617985231
1831,1,AlexandreMotorImagery,11,0.0,6,1.0,0.5,0.9819255060525056,0.973883386031288
1832,1,AlexandreMotorImagery,11,0.0,7,1.0,0.5,0.9797085611850092,0.9752103810298157
1833,1,AlexandreMotorImagery,11,0.0,8,1.0,0.5,0.978399387687779,0.9741244532187708
1834,1,AlexandreMotorImagery,11,0.0,9,1.0,0.5,0.9769140155076977,0.9752381156496451
1835,1,AlexandreMotorImagery,11,0.0,10,1.0,0.25,0.9759907235702233,0.9779072785763528
1836,1,AlexandreMotorImagery,11,0.0,11,1.0,0.5,0.9751121504601649,0.9780193318230951
1837,1,AlexandreMotorImagery,11,0.0,12,1.0,0.5,0.9740082691702592,0.9795005691898753
1838,1,AlexandreMotorImagery,11,0.0,13,1.0,0.5,0.9730561918324337,0.9804952254277413
1839,1,AlexandreMotorImagery,11,0.0,14,1.0,0.5,0.971874731546145,0.9831272313094374
1840,1,AlexandreMotorImagery,11,0.0,15,1.0,0.5,0.9709214059896408,0.9831912943093617
1841,1,AlexandreMotorImagery,11,0.0,16,1.0,0.5,0.9700739672351671,0.9843305932948034
1842,1,AlexandreMotorImagery,11,0.1,1,0.9107142857142857,0.75,0.9906240260061782,0.960889474561247
1843,1,AlexandreMotorImagery,11,0.1,2,0.9821428571428571,0.5,0.9877485558304415,0.9604452989757635
1844,1,AlexandreMotorImagery,11,0.1,3,1.0,0.25,0.984168605784079,0.9628795228650427
1845,1,AlexandreMotorImagery,11,0.1,4,1.0,0.25,0.9789388773823663,0.9605768591413067
1846,1,AlexandreMotorImagery,11,0.1,5,1.0,0.25,0.9757582548633278,0.9616622126168959
1847,1,AlexandreMotorImagery,11,0.1,6,1.0,0.25,0.9736597566740194,0.967965135298528
1848,1,AlexandreMotorImagery,11,0.1,7,1.0,0.25,0.9716838491485434,0.9690348846560163
1849,1,AlexandreMotorImagery,11,0.1,8,1.0,0.25,0.9700845841305794,0.9676458109197168
1850,1,AlexandreMotorImagery,11,0.1,9,1.0,0.5,0.9681696279600246,0.9682026654518596
1851,1,AlexandreMotorImagery,11,0.1,10,1.0,0.5,0.9663176111072143,0.967256111342082
1852,1,AlexandreMotorImagery,11,0.1,11,1.0,0.25,0.9649521785635192,0.9657880913331877
1853,1,AlexandreMotorImagery,11,0.1,12,1.0,0.25,0.9640814041949124,0.9660265826343685
1854,1,AlexandreMotorImagery,11,0.1,13,1.0,0.25,0.9625604101403362,0.9666540899523306
1855,1,AlexandreMotorImagery,11,0.1,14,1.0,0.25,0.9606547118249054,0.9674940925565242
1856,1,AlexandreMotorImagery,11,0.1,15,1.0,0.25,0.9581298900097334,0.9709588826203412
1857,1,AlexandreMotorImagery,11,0.1,16,1.0,0.25,0.9564455589606548,0.9713422985724711
1858,1,AlexandreMotorImagery,11,0.2,1,0.9285714285714286,0.5,0.9881854622364834,0.9676698472801647
1859,1,AlexandreMotorImagery,11,0.2,2,1.0,0.5,0.9852938956496641,0.9672689218893701
1860,1,AlexandreMotorImagery,11,0.2,3,1.0,0.5,0.979401174013884,0.9706341282721606
1861,1,AlexandreMotorImagery,11,0.2,4,1.0,0.25,0.9736303781016827,0.9762174911242281
1862,1,AlexandreMotorImagery,11,0.2,5,1.0,0.25,0.965579686701329,0.9758237004203019
1863,1,AlexandreMotorImagery,11,0.2,6,1.0,0.25,0.9603202633219248,0.9819685965426114
1864,1,AlexandreMotorImagery,11,0.2,7,1.0,0.25,0.9566261632517913,0.9997735816876575
1865,1,AlexandreMotorImagery,11,0.2,8,1.0,0.25,0.9537526785612569,1.0029659259133519
1866,1,AlexandreMotorImagery,11,0.2,9,1.0,0.0,0.9503458219190121,1.006362415171018
1867,1,AlexandreMotorImagery,11,0.2,10,1.0,0.0,0.9463216241354043,1.0001631888271472
1868,1,AlexandreMotorImagery,11,0.2,11,1.0,0.25,0.9426114072274177,1.00291551591642
1869,1,AlexandreMotorImagery,11,0.2,12,1.0,0.25,0.9398812249449663,1.008350102509017
1870,1,AlexandreMotorImagery,11,0.2,13,1.0,0.25,0.9372639052072557,1.010060814286083
1871,1,AlexandreMotorImagery,11,0.2,14,1.0,0.25,0.9350665404021027,1.013464634603562
1872,1,AlexandreMotorImagery,11,0.2,15,1.0,0.25,0.9286314758478333,1.021980738346493
1873,1,AlexandreMotorImagery,11,0.2,16,1.0,0.25,0.9262715360857693,1.0251455003234342
1874,1,AlexandreMotorImagery,11,0.3,1,0.9642857142857143,0.25,0.9851416075101329,0.9815458260267279
1875,1,AlexandreMotorImagery,11,0.3,2,1.0,0.25,0.970833160508276,0.9974654201814482
1876,1,AlexandreMotorImagery,11,0.3,3,1.0,0.25,0.9582855854329293,1.0025993256531667
1877,1,AlexandreMotorImagery,11,0.3,4,1.0,0.0,0.9496213754348373,1.0263098234713803
1878,1,AlexandreMotorImagery,11,0.3,5,1.0,0.0,0.9440482272826999,1.0314083270898127
1879,1,AlexandreMotorImagery,11,0.3,6,1.0,0.0,0.9358509680129315,1.0320207680365119
1880,1,AlexandreMotorImagery,11,0.3,7,0.9821428571428571,0.0,0.9242869698941875,1.0510706012974083
1881,1,AlexandreMotorImagery,11,0.3,8,1.0,0.0,0.9154355643981518,1.0461022736835566
1882,1,AlexandreMotorImagery,11,0.3,9,1.0,0.25,0.9088682051162988,1.0621380316432174
1883,1,AlexandreMotorImagery,11,0.3,10,1.0,0.25,0.9001290253098927,1.058619270773207
1884,1,AlexandreMotorImagery,11,0.3,11,1.0,0.25,0.8933544198952844,1.0688395128970036
1885,1,AlexandreMotorImagery,11,0.3,12,1.0,0.25,0.886637700423145,1.062242534888234
1886,1,AlexandreMotorImagery,11,0.3,13,1.0,0.0,0.8808354049074988,1.07915149906023
1887,1,AlexandreMotorImagery,11,0.3,14,1.0,0.25,0.8727720808494762,1.0802589149065192
1888,1,AlexandreMotorImagery,11,0.3,15,1.0,0.25,0.8668094307748443,1.0910787707627598
1889,1,AlexandreMotorImagery,11,0.3,16,1.0,0.0,0.8609715696989085,1.0973923572909532
1890,1,AlexandreMotorImagery,11,0.4,1,0.9464285714285714,0.25,0.9805794246473329,0.9955641573456547
1891,1,AlexandreMotorImagery,11,0.4,2,1.0,0.25,0.9654921474818142,1.0134321350007993
1892,1,AlexandreMotorImagery,11,0.4,3,0.9821428571428571,0.25,0.9507783686735921,1.029549780749664
1893,1,AlexandreMotorImagery,11,0.4,4,0.9821428571428571,0.0,0.9378932037695888,1.049529252117204
1894,1,AlexandreMotorImagery,11,0.4,5,0.9821428571428571,0.0,0.9213830091685493,1.0665030434950955
1895,1,AlexandreMotorImagery,11,0.4,6,0.9821428571428571,0.0,0.9083183880705578,1.0705428584420091
1896,1,AlexandreMotorImagery,11,0.4,7,1.0,0.0,0.8972042409090691,1.0797608862466592
1897,1,AlexandreMotorImagery,11,0.4,8,1.0,0.0,0.8867562360434205,1.1334603722641428
1898,1,AlexandreMotorImagery,11,0.4,9,0.9821428571428571,0.0,0.8771365112389992,1.1418175968692224
1899,1,AlexandreMotorImagery,11,0.4,10,0.9821428571428571,0.0,0.8661737525044296,1.137234328520626
1900,1,AlexandreMotorImagery,11,0.4,11,1.0,0.25,0.8571570363538722,1.14216094177991
1901,1,AlexandreMotorImagery,11,0.4,12,1.0,0.25,0.8466377370523543,1.1458334261743013
1902,1,AlexandreMotorImagery,11,0.4,13,1.0,0.25,0.8361520918967249,1.1485050751084334
1903,1,AlexandreMotorImagery,11,0.4,14,1.0,0.25,0.8275036337625122,1.1479266109714694
1904,1,AlexandreMotorImagery,11,0.4,15,1.0,0.25,0.8194071242252408,1.1539511118111645
1905,1,AlexandreMotorImagery,11,0.4,16,1.0,0.25,0.8109815960508066,1.1635212725127937
1906,1,AlexandreMotorImagery,11,0.5,1,0.9464285714285714,0.5,0.9698737788983063,0.9694854172136006
1907,1,AlexandreMotorImagery,11,0.5,2,0.9464285714285714,0.5,0.9447876897947594,0.9887971074780209
1908,1,AlexandreMotorImagery,11,0.5,3,0.9821428571428571,0.25,0.9237733328584729,1.0127078078359724
1909,1,AlexandreMotorImagery,11,0.5,4,0.9821428571428571,0.25,0.9050507097147557,1.0253183255332072
1910,1,AlexandreMotorImagery,11,0.5,5,1.0,0.25,0.8884121919943931,1.0431580500011128
1911,1,AlexandreMotorImagery,11,0.5,6,1.0,0.25,0.8734745531774784,1.0619435414068
1912,1,AlexandreMotorImagery,11,0.5,7,1.0,0.25,0.8604154754190887,1.1016251429721484
1913,1,AlexandreMotorImagery,11,0.5,8,1.0,0.25,0.8472970491899359,1.1076252707316754
1914,1,AlexandreMotorImagery,11,0.5,9,1.0,0.25,0.8351102883365844,1.1143817956744824
1915,1,AlexandreMotorImagery,11,0.5,10,1.0,0.25,0.8238956168853693,1.138964088306844
1916,1,AlexandreMotorImagery,11,0.5,11,1.0,0.25,0.8131014965179129,1.1495143084148118
1917,1,AlexandreMotorImagery,11,0.5,12,1.0,0.25,0.8033370300720513,1.1493872756613523
1918,1,AlexandreMotorImagery,11,0.5,13,1.0,0.25,0.7929466729044972,1.1825257931267947
1919,1,AlexandreMotorImagery,11,0.5,14,1.0,0.25,0.7836433707427484,1.2129052653337147
1920,1,AlexandreMotorImagery,11,0.5,15,1.0,0.25,0.7749019550334403,1.2256997660026094
1921,1,AlexandreMotorImagery,11,0.5,16,1.0,0.25,0.7655465411200612,1.2544147037324311
1922,1,AlexandreMotorImagery,11,0.6,1,0.9821428571428571,0.5,0.9531049860943885,1.045054730579848
1923,1,AlexandreMotorImagery,11,0.6,2,0.9821428571428571,0.5,0.9179033528036857,1.0096967613817003
1924,1,AlexandreMotorImagery,11,0.6,3,0.9821428571428571,0.25,0.8947951333482553,1.0029184271901892
1925,1,AlexandreMotorImagery,11,0.6,4,1.0,0.25,0.8761655370483387,1.0203064839470113
1926,1,AlexandreMotorImagery,11,0.6,5,1.0,0.25,0.8603409975414122,1.0429916041194809
1927,1,AlexandreMotorImagery,11,0.6,6,1.0,0.25,0.8434511752011454,1.060583026055105
1928,1,AlexandreMotorImagery,11,0.6,7,1.0,0.25,0.8275695828037141,1.0757270749011272
1929,1,AlexandreMotorImagery,11,0.6,8,1.0,0.25,0.8127016240086502,1.0784090520002827
1930,1,AlexandreMotorImagery,11,0.6,9,1.0,0.25,0.7991465024720513,1.0848964295346633
1931,1,AlexandreMotorImagery,11,0.6,10,1.0,0.25,0.7805241393452285,1.06791892836228
1932,1,AlexandreMotorImagery,11,0.6,11,1.0,0.25,0.7687864947871443,1.0700004238822243
1933,1,AlexandreMotorImagery,11,0.6,12,1.0,0.25,0.7561993288613452,1.0716678168064822
1934,1,AlexandreMotorImagery,11,0.6,13,1.0,0.25,0.7434577404424247,1.0792502250910185
1935,1,AlexandreMotorImagery,11,0.6,14,1.0,0.25,0.731057500388277,1.0637723404513704
1936,1,AlexandreMotorImagery,11,0.6,15,1.0,0.25,0.7132984736240545,1.0372521185310766
1937,1,AlexandreMotorImagery,11,0.6,16,1.0,0.25,0.7006446021223396,1.0281081196004156
1938,1,AlexandreMotorImagery,11,0.7,1,0.9821428571428571,0.5,0.9384228578945917,1.075965093368901
1939,1,AlexandreMotorImagery,11,0.7,2,0.9821428571428571,0.5,0.90473205145149,1.0828935340481265
1940,1,AlexandreMotorImagery,11,0.7,3,0.9285714285714286,0.25,0.865473250999506,1.0617669716228941
1941,1,AlexandreMotorImagery,11,0.7,4,0.9642857142857143,0.25,0.8390573729621835,1.0703691708752274
1942,1,AlexandreMotorImagery,11,0.7,5,0.9821428571428571,0.25,0.8178580795534771,1.1074593842983438
1943,1,AlexandreMotorImagery,11,0.7,6,0.9642857142857143,0.25,0.7987640420726952,1.1081125814982589
1944,1,AlexandreMotorImagery,11,0.7,7,0.9821428571428571,0.25,0.7809305387441928,1.1016192151611102
1945,1,AlexandreMotorImagery,11,0.7,8,1.0,0.25,0.7558949348181917,1.0686298224964803
1946,1,AlexandreMotorImagery,11,0.7,9,1.0,0.25,0.7400958135464669,1.0715355737585832
1947,1,AlexandreMotorImagery,11,0.7,10,1.0,0.25,0.7253931472067767,1.0806927159262236
1948,1,AlexandreMotorImagery,11,0.7,11,1.0,0.25,0.7077321821462811,1.0586951345082933
1949,1,AlexandreMotorImagery,11,0.7,12,1.0,0.25,0.6811803258334621,1.000725238038999
1950,1,AlexandreMotorImagery,11,0.7,13,1.0,0.25,0.6640289893104436,0.9853690201254016
1951,1,AlexandreMotorImagery,11,0.7,14,1.0,0.25,0.6502980296865386,0.9723346882323108
1952,1,AlexandreMotorImagery,11,0.7,15,1.0,0.25,0.6371661348123334,0.9569721386105977
1953,1,AlexandreMotorImagery,11,0.7,16,1.0,0.25,0.6213305041501823,0.9533666264412186
1954,1,AlexandreMotorImagery,11,0.8,1,0.9285714285714286,0.5,0.9236808656929398,1.0079330149791896
1955,1,AlexandreMotorImagery,11,0.8,2,1.0,0.25,0.8643616952406689,0.9961733977957666
1956,1,AlexandreMotorImagery,11,0.8,3,0.9821428571428571,0.25,0.8332565508446821,1.0126354645873266
1957,1,AlexandreMotorImagery,11,0.8,4,0.9821428571428571,0.25,0.800101919985004,1.0018242155238601
1958,1,AlexandreMotorImagery,11,0.8,5,1.0,0.25,0.766793216717967,0.9701294959751495
1959,1,AlexandreMotorImagery,11,0.8,6,1.0,0.25,0.7316481809797909,0.9387503947056582
1960,1,AlexandreMotorImagery,11,0.8,7,1.0,0.25,0.690796508523293,0.8897645527604009
1961,1,AlexandreMotorImagery,11,0.8,8,1.0,0.25,0.6569743707486292,0.8408018478995012
1962,1,AlexandreMotorImagery,11,0.8,9,1.0,0.25,0.6308415051182071,0.8169119099996539
1963,1,AlexandreMotorImagery,11,0.8,10,1.0,0.25,0.6083306829925145,0.7899400350492871
1964,1,AlexandreMotorImagery,11,0.8,11,1.0,0.5,0.5768810336344088,0.745347312944165
1965,1,AlexandreMotorImagery,11,0.8,12,1.0,0.25,0.5556558588156926,0.728630215392606
1966,1,AlexandreMotorImagery,11,0.8,13,1.0,0.25,0.5378524371863468,0.7100047258100339
1967,1,AlexandreMotorImagery,11,0.8,14,1.0,0.25,0.5168739641922941,0.6770645656753702
1968,1,AlexandreMotorImagery,11,0.8,15,1.0,0.25,0.5021985392074239,0.6674369721950276
1969,1,AlexandreMotorImagery,11,0.8,16,1.0,0.25,0.49005516702514657,0.6595030200608898
1970,1,AlexandreMotorImagery,11,0.9,1,0.9285714285714286,0.75,0.8856848649893458,0.9917377046049196
1971,1,AlexandreMotorImagery,11,0.9,2,0.8928571428571429,0.25,0.7897456930026557,0.9071328877004796
1972,1,AlexandreMotorImagery,11,0.9,3,0.9642857142857143,0.25,0.7241968503932785,0.8480799980730445
1973,1,AlexandreMotorImagery,11,0.9,4,0.9464285714285714,0.25,0.6597496731070207,0.7856129027547226
1974,1,AlexandreMotorImagery,11,0.9,5,0.9642857142857143,0.25,0.5934250898622017,0.7207178505245048
1975,1,AlexandreMotorImagery,11,0.9,6,0.9821428571428571,0.25,0.5375305470219867,0.6674840051046762
1976,1,AlexandreMotorImagery,11,0.9,7,0.9464285714285714,0.25,0.509277272605463,0.6448657163062242
1977,1,AlexandreMotorImagery,11,0.9,8,0.9821428571428571,0.25,0.48147895942074076,0.6176802535698582
1978,1,AlexandreMotorImagery,11,0.9,9,0.9821428571428571,0.25,0.45202283902800183,0.5811683172153606
1979,1,AlexandreMotorImagery,11,0.9,10,1.0,0.25,0.42848629011024364,0.5612245295231586
1980,1,AlexandreMotorImagery,11,0.9,11,0.9821428571428571,0.25,0.40709532569320217,0.5376264711390792
1981,1,AlexandreMotorImagery,11,0.9,12,0.9821428571428571,0.25,0.3913920378626261,0.5481435023542204
1982,1,AlexandreMotorImagery,11,0.9,13,1.0,0.25,0.37470592727608343,0.5307216777644237
1983,1,AlexandreMotorImagery,11,0.9,14,1.0,0.25,0.3559365997654077,0.5152899431149589
1984,1,AlexandreMotorImagery,11,0.9,15,1.0,0.25,0.3451210126924239,0.5062061419969511
1985,1,AlexandreMotorImagery,11,0.9,16,1.0,0.25,0.3334306518234647,0.5007003496112938
1986,1,AlexandreMotorImagery,11,1.0,1,0.9821428571428571,0.25,5.745270731197833e-31,6.073365152821007e-31
1987,1,AlexandreMotorImagery,11,1.0,2,0.9821428571428571,0.25,0.0,0.0
1988,1,AlexandreMotorImagery,11,1.0,3,0.9821428571428571,0.25,0.0,0.0
1989,1,AlexandreMotorImagery,11,1.0,4,0.9821428571428571,0.25,0.0,0.0
1990,1,AlexandreMotorImagery,11,1.0,5,0.9821428571428571,0.25,0.0,0.0
1991,1,AlexandreMotorImagery,11,1.0,6,0.9821428571428571,0.25,0.0,0.0
1992,1,AlexandreMotorImagery,12,0.0,1,0.7719298245614035,0.3333333333333333,0.9950685469884382,0.9577230914741666
1993,1,AlexandreMotorImagery,12,0.0,2,1.0,0.6666666666666666,0.9918286099302511,0.9544767722050487
1994,1,AlexandreMotorImagery,12,0.0,3,1.0,0.6666666666666666,0.9886893629813921,0.9495426848361871
1995,1,AlexandreMotorImagery,12,0.0,4,1.0,0.6666666666666666,0.9869690008832912,0.9484957369688614
1996,1,AlexandreMotorImagery,12,0.0,5,1.0,0.6666666666666666,0.984699016598809,0.9499165636488285
1997,1,AlexandreMotorImagery,12,0.0,6,1.0,0.6666666666666666,0.9832443990076034,0.949820791061282
1998,1,AlexandreMotorImagery,12,0.0,7,1.0,0.6666666666666666,0.9818651161762534,0.9498282638849077
1999,1,AlexandreMotorImagery,12,0.0,8,1.0,0.6666666666666666,0.980964375557132,0.948849585681261
2000,1,AlexandreMotorImagery,12,0.0,9,1.0,0.6666666666666666,0.9796913688846193,0.9483142334831344
2001,1,AlexandreMotorImagery,12,0.0,10,1.0,0.6666666666666666,0.9783506079173854,0.9548109975707219
2002,1,AlexandreMotorImagery,12,0.0,11,1.0,0.3333333333333333,0.9772510420918725,0.9508069944584783
2003,1,AlexandreMotorImagery,12,0.0,12,1.0,0.3333333333333333,0.9761123446298178,0.9509877951034453
2004,1,AlexandreMotorImagery,12,0.0,13,1.0,0.3333333333333333,0.9752508298102811,0.9503827880707915
2005,1,AlexandreMotorImagery,12,0.0,14,1.0,0.3333333333333333,0.9740676091682993,0.9507829363459864
2006,1,AlexandreMotorImagery,12,0.0,15,1.0,0.3333333333333333,0.9731762248987645,0.9503978302805822
2007,1,AlexandreMotorImagery,12,0.0,16,1.0,0.3333333333333333,0.9720801613232095,0.9540071852649388
2008,1,AlexandreMotorImagery,12,0.1,1,0.8947368421052632,0.3333333333333333,0.9912309343791903,0.9515615899441346
2009,1,AlexandreMotorImagery,12,0.1,2,0.9649122807017544,0.6666666666666666,0.986644282819358,0.9456039134225478
2010,1,AlexandreMotorImagery,12,0.1,3,0.9473684210526315,0.6666666666666666,0.9840326082534248,0.9424620538893628
2011,1,AlexandreMotorImagery,12,0.1,4,0.9824561403508771,0.3333333333333333,0.981379975041982,0.9428007686043286
2012,1,AlexandreMotorImagery,12,0.1,5,0.9824561403508771,0.3333333333333333,0.97910740570694,0.9427413786986915
2013,1,AlexandreMotorImagery,12,0.1,6,1.0,0.3333333333333333,0.9768672916306992,0.9482060212008587
2014,1,AlexandreMotorImagery,12,0.1,7,1.0,0.6666666666666666,0.9737777711025885,0.9566869155019251
2015,1,AlexandreMotorImagery,12,0.1,8,1.0,0.6666666666666666,0.971086881430061,0.9581515039970018
2016,1,AlexandreMotorImagery,12,0.1,9,1.0,0.6666666666666666,0.9695991553448076,0.9571575973418134
2017,1,AlexandreMotorImagery,12,0.1,10,1.0,0.6666666666666666,0.9671316060891009,0.9636267794415168
2018,1,AlexandreMotorImagery,12,0.1,11,1.0,0.6666666666666666,0.9650664986115874,0.9605022847000888
2019,1,AlexandreMotorImagery,12,0.1,12,1.0,0.6666666666666666,0.9635570214126585,0.9613143541156652
2020,1,AlexandreMotorImagery,12,0.1,13,1.0,0.6666666666666666,0.9615175277997879,0.9574564727827624
2021,1,AlexandreMotorImagery,12,0.1,14,1.0,0.6666666666666666,0.9593706857270656,0.9570301382359013
2022,1,AlexandreMotorImagery,12,0.1,15,1.0,0.6666666666666666,0.957698076669376,0.9621276768296413
2023,1,AlexandreMotorImagery,12,0.1,16,1.0,0.6666666666666666,0.9553895814935558,0.9577413196017392
2024,1,AlexandreMotorImagery,12,0.2,1,0.9473684210526315,0.0,0.9922453325741265,0.9656539249999904
2025,1,AlexandreMotorImagery,12,0.2,2,1.0,0.6666666666666666,0.9844321385546606,0.9612634298488264
2026,1,AlexandreMotorImagery,12,0.2,3,1.0,0.3333333333333333,0.9814255082544276,0.9621512501215446
2027,1,AlexandreMotorImagery,12,0.2,4,1.0,0.6666666666666666,0.9750315875650765,0.9696039430940097
2028,1,AlexandreMotorImagery,12,0.2,5,1.0,0.3333333333333333,0.9700033050421839,1.009586355557037
2029,1,AlexandreMotorImagery,12,0.2,6,1.0,0.3333333333333333,0.9634431767581547,1.0426513750144184
2030,1,AlexandreMotorImagery,12,0.2,7,1.0,0.3333333333333333,0.9591408662774469,1.0519065644197885
2031,1,AlexandreMotorImagery,12,0.2,8,1.0,0.3333333333333333,0.9552354180956567,1.061107580919285
2032,1,AlexandreMotorImagery,12,0.2,9,1.0,0.3333333333333333,0.9509350726312596,1.0731311855092107
2033,1,AlexandreMotorImagery,12,0.2,10,1.0,0.6666666666666666,0.9474570260671484,1.0764716371938523
2034,1,AlexandreMotorImagery,12,0.2,11,1.0,0.3333333333333333,0.943299029464441,1.069923500138784
2035,1,AlexandreMotorImagery,12,0.2,12,1.0,0.6666666666666666,0.9402136712058579,1.0651450195249035
2036,1,AlexandreMotorImagery,12,0.2,13,1.0,0.6666666666666666,0.9368867252465634,1.0645283758657669
2037,1,AlexandreMotorImagery,12,0.2,14,1.0,0.6666666666666666,0.9334262169178715,1.078496007281104
2038,1,AlexandreMotorImagery,12,0.2,15,1.0,0.3333333333333333,0.9307615083343359,1.080468368113568
2039,1,AlexandreMotorImagery,12,0.2,16,1.0,0.3333333333333333,0.9270180732356128,1.079389992553193
2040,1,AlexandreMotorImagery,12,0.3,1,0.9649122807017544,0.3333333333333333,0.9766469389932566,0.9408166556921752
2041,1,AlexandreMotorImagery,12,0.3,2,1.0,0.6666666666666666,0.9630008467074828,0.9875065285492295
2042,1,AlexandreMotorImagery,12,0.3,3,1.0,0.6666666666666666,0.9524179233230017,1.0082828179793886
2043,1,AlexandreMotorImagery,12,0.3,4,1.0,0.6666666666666666,0.9448889081793833,1.0191215011715051
2044,1,AlexandreMotorImagery,12,0.3,5,0.9824561403508771,0.6666666666666666,0.9390388358315154,1.0319305763759694
2045,1,AlexandreMotorImagery,12,0.3,6,0.9824561403508771,0.6666666666666666,0.9319507322451331,1.0492140275882682
2046,1,AlexandreMotorImagery,12,0.3,7,0.9824561403508771,0.6666666666666666,0.926889889061734,1.0619632927545999
2047,1,AlexandreMotorImagery,12,0.3,8,1.0,0.6666666666666666,0.9216336324857151,1.07333565511943
2048,1,AlexandreMotorImagery,12,0.3,9,1.0,0.3333333333333333,0.9173971702140061,1.077821892329877
2049,1,AlexandreMotorImagery,12,0.3,10,0.9824561403508771,0.6666666666666666,0.9137161399143414,1.0856385484100763
2050,1,AlexandreMotorImagery,12,0.3,11,1.0,0.6666666666666666,0.9064795640847818,1.0966234776646595
2051,1,AlexandreMotorImagery,12,0.3,12,1.0,0.6666666666666666,0.8992184210206915,1.098350050195883
2052,1,AlexandreMotorImagery,12,0.3,13,1.0,0.6666666666666666,0.89199427364667,1.1014877528522435
2053,1,AlexandreMotorImagery,12,0.3,14,1.0,0.6666666666666666,0.8862935282092743,1.1035626955402846
2054,1,AlexandreMotorImagery,12,0.3,15,1.0,0.6666666666666666,0.8803341201240464,1.1128941453361194
2055,1,AlexandreMotorImagery,12,0.3,16,1.0,0.6666666666666666,0.8755348862243344,1.1351531163925457
2056,1,AlexandreMotorImagery,12,0.4,1,0.9649122807017544,0.3333333333333333,0.973088731147339,0.9518492956230091
2057,1,AlexandreMotorImagery,12,0.4,2,1.0,0.3333333333333333,0.9597079569484347,0.9578583252862176
2058,1,AlexandreMotorImagery,12,0.4,3,0.9824561403508771,0.3333333333333333,0.9469346457587897,0.990208837052351
2059,1,AlexandreMotorImagery,12,0.4,4,1.0,0.6666666666666666,0.9369115177609445,0.9946772061335256
2060,1,AlexandreMotorImagery,12,0.4,5,1.0,0.6666666666666666,0.9238738013444969,1.0063591351969714
2061,1,AlexandreMotorImagery,12,0.4,6,0.9824561403508771,0.6666666666666666,0.9087747905174571,0.9924580501336687
2062,1,AlexandreMotorImagery,12,0.4,7,1.0,0.6666666666666666,0.8976116887588053,0.9999392430507311
2063,1,AlexandreMotorImagery,12,0.4,8,1.0,0.6666666666666666,0.8864794380630633,1.0015241788145592
2064,1,AlexandreMotorImagery,12,0.4,9,1.0,0.6666666666666666,0.8751242175942565,1.0090558717881692
2065,1,AlexandreMotorImagery,12,0.4,10,1.0,0.6666666666666666,0.8667148346416119,1.0154062796408767
2066,1,AlexandreMotorImagery,12,0.4,11,1.0,0.6666666666666666,0.8569054298465801,1.0209102270687616
2067,1,AlexandreMotorImagery,12,0.4,12,1.0,0.6666666666666666,0.8488485444233375,1.0316515779664723
2068,1,AlexandreMotorImagery,12,0.4,13,1.0,0.6666666666666666,0.8397953535767786,1.0487304327065916
2069,1,AlexandreMotorImagery,12,0.4,14,1.0,0.6666666666666666,0.8312424906308173,1.0659245437584215
2070,1,AlexandreMotorImagery,12,0.4,15,1.0,0.6666666666666666,0.822672490412237,1.0697186711195785
2071,1,AlexandreMotorImagery,12,0.4,16,1.0,0.3333333333333333,0.8157439420247891,1.0703197342023452
2072,1,AlexandreMotorImagery,12,0.5,1,0.9649122807017544,0.3333333333333333,0.9625024235125743,0.956361603565223
2073,1,AlexandreMotorImagery,12,0.5,2,1.0,0.6666666666666666,0.9431481310022716,0.9493011713690667
2074,1,AlexandreMotorImagery,12,0.5,3,0.9824561403508771,0.3333333333333333,0.92416150644232,1.0001127844520774
2075,1,AlexandreMotorImagery,12,0.5,4,1.0,0.3333333333333333,0.9082412299687244,1.0486866526482732
2076,1,AlexandreMotorImagery,12,0.5,5,0.9824561403508771,0.3333333333333333,0.8916642694517608,1.0767564648440664
2077,1,AlexandreMotorImagery,12,0.5,6,1.0,0.3333333333333333,0.8775712431831222,1.1101047211942934
2078,1,AlexandreMotorImagery,12,0.5,7,0.9824561403508771,0.3333333333333333,0.8650291715096785,1.1258206931388852
2079,1,AlexandreMotorImagery,12,0.5,8,0.9824561403508771,0.3333333333333333,0.8514837504859123,1.1164129484488676
2080,1,AlexandreMotorImagery,12,0.5,9,0.9824561403508771,0.3333333333333333,0.8408904715395615,1.1293182793560657
2081,1,AlexandreMotorImagery,12,0.5,10,1.0,0.3333333333333333,0.8288481888229483,1.160910563604802
2082,1,AlexandreMotorImagery,12,0.5,11,1.0,0.3333333333333333,0.8174751899223278,1.1666129941251364
2083,1,AlexandreMotorImagery,12,0.5,12,1.0,0.3333333333333333,0.8063262035466798,1.1828071683105363
2084,1,AlexandreMotorImagery,12,0.5,13,1.0,0.3333333333333333,0.7958827911325724,1.18645346066061
2085,1,AlexandreMotorImagery,12,0.5,14,1.0,0.3333333333333333,0.7866791572958949,1.1984895347913118
2086,1,AlexandreMotorImagery,12,0.5,15,1.0,0.3333333333333333,0.7777414756851009,1.2101782999711892
2087,1,AlexandreMotorImagery,12,0.5,16,1.0,0.3333333333333333,0.7685460888168789,1.2271195351302944
2088,1,AlexandreMotorImagery,12,0.6,1,0.9473684210526315,0.3333333333333333,0.9537148257052843,0.9853808806101348
2089,1,AlexandreMotorImagery,12,0.6,2,0.9473684210526315,0.3333333333333333,0.9244725986848064,1.0589513041916054
2090,1,AlexandreMotorImagery,12,0.6,3,1.0,0.3333333333333333,0.9031913107202003,1.0948394590064434
2091,1,AlexandreMotorImagery,12,0.6,4,0.9649122807017544,0.3333333333333333,0.8847259985141805,1.1508929184797518
2092,1,AlexandreMotorImagery,12,0.6,5,0.9649122807017544,0.3333333333333333,0.86973165553254,1.1480528249703141
2093,1,AlexandreMotorImagery,12,0.6,6,0.9824561403508771,0.3333333333333333,0.8548483421131989,1.189742512314183
2094,1,AlexandreMotorImagery,12,0.6,7,0.9824561403508771,0.3333333333333333,0.8400074406913883,1.2121097652868547
2095,1,AlexandreMotorImagery,12,0.6,8,0.9824561403508771,0.3333333333333333,0.8246130235812653,1.2030076250582615
2096,1,AlexandreMotorImagery,12,0.6,9,0.9824561403508771,0.3333333333333333,0.8110010543703453,1.2129783157400702
2097,1,AlexandreMotorImagery,12,0.6,10,0.9824561403508771,0.3333333333333333,0.796836643069404,1.2148794575213155
2098,1,AlexandreMotorImagery,12,0.6,11,0.9824561403508771,0.3333333333333333,0.7837617947263881,1.2359429447773527
2099,1,AlexandreMotorImagery,12,0.6,12,0.9824561403508771,0.3333333333333333,0.7717300789069917,1.2425419221445595
2100,1,AlexandreMotorImagery,12,0.6,13,0.9824561403508771,0.3333333333333333,0.7594690813962691,1.253603210310667
2101,1,AlexandreMotorImagery,12,0.6,14,1.0,0.3333333333333333,0.7470137230881492,1.2475753644957432
2102,1,AlexandreMotorImagery,12,0.6,15,1.0,0.3333333333333333,0.736284321521576,1.2399078067260882
2103,1,AlexandreMotorImagery,12,0.6,16,1.0,0.3333333333333333,0.7252407384890198,1.2537701375029855
2104,1,AlexandreMotorImagery,12,0.7,1,0.9824561403508771,0.3333333333333333,0.9387815290268183,1.0038190621339351
2105,1,AlexandreMotorImagery,12,0.7,2,0.9649122807017544,0.3333333333333333,0.9076003237129935,1.0759392710195534
2106,1,AlexandreMotorImagery,12,0.7,3,1.0,0.3333333333333333,0.8763630011152147,1.0464940218216583
2107,1,AlexandreMotorImagery,12,0.7,4,0.9824561403508771,0.3333333333333333,0.8515884146339386,1.079503659620558
2108,1,AlexandreMotorImagery,12,0.7,5,1.0,0.3333333333333333,0.8304667378411236,1.0884643355276502
2109,1,AlexandreMotorImagery,12,0.7,6,1.0,0.3333333333333333,0.8107484345156226,1.0745869643073653
2110,1,AlexandreMotorImagery,12,0.7,7,1.0,0.3333333333333333,0.7893796136639425,1.0619039682457485
2111,1,AlexandreMotorImagery,12,0.7,8,1.0,0.3333333333333333,0.7720435645525813,1.070514096389432
2112,1,AlexandreMotorImagery,12,0.7,9,1.0,0.3333333333333333,0.7501561372622523,1.0419088322382133
2113,1,AlexandreMotorImagery,12,0.7,10,1.0,0.3333333333333333,0.7320458911718795,1.0349638942274135
2114,1,AlexandreMotorImagery,12,0.7,11,1.0,0.3333333333333333,0.7099605993536164,1.0098103939304257
2115,1,AlexandreMotorImagery,12,0.7,12,1.0,0.3333333333333333,0.6881478428106347,0.9679258592559511
2116,1,AlexandreMotorImagery,12,0.7,13,1.0,0.3333333333333333,0.6739724620393986,0.9545596459817509
2117,1,AlexandreMotorImagery,12,0.7,14,1.0,0.3333333333333333,0.6567127473974048,0.9426385176522135
2118,1,AlexandreMotorImagery,12,0.7,15,1.0,0.3333333333333333,0.6403422943514553,0.9180441712546713
2119,1,AlexandreMotorImagery,12,0.7,16,1.0,0.3333333333333333,0.6283626396208805,0.9067727189979883
2120,1,AlexandreMotorImagery,12,0.8,1,0.9473684210526315,0.3333333333333333,0.9228673088460487,0.9752020217572286
2121,1,AlexandreMotorImagery,12,0.8,2,0.9824561403508771,0.3333333333333333,0.88165238338273,1.0417546966539502
2122,1,AlexandreMotorImagery,12,0.8,3,1.0,0.3333333333333333,0.8408796049464603,0.9976454278275357
2123,1,AlexandreMotorImagery,12,0.8,4,1.0,0.3333333333333333,0.8087350139751676,0.9826247854774166
2124,1,AlexandreMotorImagery,12,0.8,5,0.9824561403508771,0.3333333333333333,0.7782674727188426,0.9519373603290902
2125,1,AlexandreMotorImagery,12,0.8,6,1.0,0.3333333333333333,0.7248005417706314,0.8878654159636137
2126,1,AlexandreMotorImagery,12,0.8,7,1.0,0.3333333333333333,0.6959933467451436,0.8622536868675713
2127,1,AlexandreMotorImagery,12,0.8,8,1.0,0.3333333333333333,0.6727590617759048,0.8427112524153157
2128,1,AlexandreMotorImagery,12,0.8,9,1.0,0.3333333333333333,0.637164632179255,0.8065916402861651
2129,1,AlexandreMotorImagery,12,0.8,10,1.0,0.3333333333333333,0.6084360535713611,0.7679195985957105
2130,1,AlexandreMotorImagery,12,0.8,11,1.0,0.3333333333333333,0.5858486963518419,0.7478935403518203
2131,1,AlexandreMotorImagery,12,0.8,12,1.0,0.3333333333333333,0.5605458405000092,0.7256217185406696
2132,1,AlexandreMotorImagery,12,0.8,13,1.0,0.3333333333333333,0.5454190394506122,0.7129691838990865
2133,1,AlexandreMotorImagery,12,0.8,14,1.0,0.3333333333333333,0.5308584604145719,0.7066285380860688
2134,1,AlexandreMotorImagery,12,0.8,15,1.0,0.3333333333333333,0.5085919103335348,0.6969056521708656
2135,1,AlexandreMotorImagery,12,0.8,16,1.0,0.3333333333333333,0.49175052626267934,0.6870341694241984
2136,1,AlexandreMotorImagery,12,0.9,1,0.9473684210526315,0.3333333333333333,0.8904422615961559,0.9239405834290245
2137,1,AlexandreMotorImagery,12,0.9,2,0.9824561403508771,0.6666666666666666,0.8027406161495848,0.8714484827093294
2138,1,AlexandreMotorImagery,12,0.9,3,0.9649122807017544,0.6666666666666666,0.7297519163499135,0.8004992402603818
2139,1,AlexandreMotorImagery,12,0.9,4,0.9649122807017544,0.6666666666666666,0.6656068939660517,0.7565011934951961
2140,1,AlexandreMotorImagery,12,0.9,5,0.9824561403508771,0.6666666666666666,0.611071396427984,0.7055978957440976
2141,1,AlexandreMotorImagery,12,0.9,6,0.9824561403508771,0.6666666666666666,0.5630333121195277,0.6612042673245789
2142,1,AlexandreMotorImagery,12,0.9,7,0.9824561403508771,0.6666666666666666,0.5206606085784498,0.620103434018171
2143,1,AlexandreMotorImagery,12,0.9,8,0.9649122807017544,0.6666666666666666,0.4909867255919501,0.5918226792723958
2144,1,AlexandreMotorImagery,12,0.9,9,0.9649122807017544,0.6666666666666666,0.45721271159928,0.5646401904759856
2145,1,AlexandreMotorImagery,12,0.9,10,0.9824561403508771,0.6666666666666666,0.4185540320207447,0.533608075656783
2146,1,AlexandreMotorImagery,12,0.9,11,0.9824561403508771,0.6666666666666666,0.3990449908633467,0.527214950890631
2147,1,AlexandreMotorImagery,12,0.9,12,0.9824561403508771,0.6666666666666666,0.38331996346795877,0.5130336866230528
2148,1,AlexandreMotorImagery,12,0.9,13,0.9824561403508771,0.6666666666666666,0.3611666063288237,0.48339192812866444
2149,1,AlexandreMotorImagery,12,0.9,14,0.9824561403508771,0.6666666666666666,0.3506796079467332,0.47424540264821624
2150,1,AlexandreMotorImagery,12,0.9,15,0.9824561403508771,0.6666666666666666,0.3360965128438845,0.47602095147588025
2151,1,AlexandreMotorImagery,12,0.9,16,0.9824561403508771,0.6666666666666666,0.31699489656002894,0.45853080916617583
2152,1,AlexandreMotorImagery,12,1.0,1,0.9473684210526315,0.6666666666666666,9.36624230927949e-31,9.660333992632063e-31
2153,1,AlexandreMotorImagery,12,1.0,2,0.9473684210526315,0.6666666666666666,0.0,0.0
2154,1,AlexandreMotorImagery,12,1.0,3,0.9473684210526315,0.6666666666666666,0.0,0.0
2155,1,AlexandreMotorImagery,12,1.0,4,0.9473684210526315,0.6666666666666666,0.0,0.0
2156,1,AlexandreMotorImagery,12,1.0,5,0.9473684210526315,0.6666666666666666,0.0,0.0
2157,1,AlexandreMotorImagery,12,1.0,6,0.9473684210526315,0.6666666666666666,0.0,0.0
2158,1,AlexandreMotorImagery,13,0.0,1,0.8596491228070176,0.3333333333333333,0.9938814668074257,0.952247971430907
2159,1,AlexandreMotorImagery,13,0.0,2,1.0,0.3333333333333333,0.9904571421788084,0.9512687130677325
2160,1,AlexandreMotorImagery,13,0.0,3,1.0,0.3333333333333333,0.9877204151586829,0.9511157545012959
2161,1,AlexandreMotorImagery,13,0.0,4,1.0,0.3333333333333333,0.9857762124635678,0.949208845006425
2162,1,AlexandreMotorImagery,13,0.0,5,1.0,0.3333333333333333,0.9843729406967244,0.9534743751075233
2163,1,AlexandreMotorImagery,13,0.0,6,1.0,0.3333333333333333,0.983330038896577,0.9510440309243354
2164,1,AlexandreMotorImagery,13,0.0,7,1.0,0.3333333333333333,0.982142373185865,0.9517586585710514
2165,1,AlexandreMotorImagery,13,0.0,8,1.0,0.3333333333333333,0.9811094244347854,0.9524234216830619
2166,1,AlexandreMotorImagery,13,0.0,9,1.0,0.6666666666666666,0.9792363049000009,0.9544554105263426
2167,1,AlexandreMotorImagery,13,0.0,10,1.0,0.6666666666666666,0.9781714586900806,0.9574590171252202
2168,1,AlexandreMotorImagery,13,0.0,11,1.0,0.6666666666666666,0.9767812058250467,0.964474300541575
2169,1,AlexandreMotorImagery,13,0.0,12,1.0,0.3333333333333333,0.9756997544462277,0.9654556815553185
2170,1,AlexandreMotorImagery,13,0.0,13,1.0,0.3333333333333333,0.9748968221392628,0.9648455904977793
2171,1,AlexandreMotorImagery,13,0.0,14,1.0,0.0,0.9736194097861449,0.9641682395386583
2172,1,AlexandreMotorImagery,13,0.0,15,1.0,0.0,0.9727532185678431,0.9639669557580318
2173,1,AlexandreMotorImagery,13,0.0,16,1.0,0.0,0.9719311920511413,0.9649209729463215
2174,1,AlexandreMotorImagery,13,0.1,1,0.9473684210526315,0.3333333333333333,0.9905349649445951,0.9657215561207266
2175,1,AlexandreMotorImagery,13,0.1,2,1.0,0.3333333333333333,0.9866563854377567,0.9685142519494067
2176,1,AlexandreMotorImagery,13,0.1,3,1.0,0.6666666666666666,0.984123644838642,0.9713388108723392
2177,1,AlexandreMotorImagery,13,0.1,4,1.0,0.3333333333333333,0.9805426338649731,0.9718894402831275
2178,1,AlexandreMotorImagery,13,0.1,5,1.0,0.3333333333333333,0.9774952931609148,0.9742108588157188
2179,1,AlexandreMotorImagery,13,0.1,6,1.0,0.0,0.9733994669165742,0.9762509593775829
2180,1,AlexandreMotorImagery,13,0.1,7,1.0,0.0,0.9709042144573662,0.9876421378643881
2181,1,AlexandreMotorImagery,13,0.1,8,1.0,0.0,0.9684930406232043,0.992091412763825
2182,1,AlexandreMotorImagery,13,0.1,9,1.0,0.0,0.9663193021629953,0.9925931719725799
2183,1,AlexandreMotorImagery,13,0.1,10,1.0,0.0,0.9629131319798482,0.9903490748326187
2184,1,AlexandreMotorImagery,13,0.1,11,1.0,0.3333333333333333,0.9613319420535473,0.9881790834771984
2185,1,AlexandreMotorImagery,13,0.1,12,1.0,0.3333333333333333,0.9587091100270557,0.992215603683182
2186,1,AlexandreMotorImagery,13,0.1,13,1.0,0.3333333333333333,0.9568807581174297,0.9931762046659275
2187,1,AlexandreMotorImagery,13,0.1,14,1.0,0.0,0.9545547389136253,0.9930870373209207
2188,1,AlexandreMotorImagery,13,0.1,15,1.0,0.0,0.9524994884946457,0.9928747783811235
2189,1,AlexandreMotorImagery,13,0.1,16,1.0,0.0,0.9506127866130848,0.9897910767894692
2190,1,AlexandreMotorImagery,13,0.2,1,0.9298245614035088,0.0,0.9868768853852884,0.9794704142020132
2191,1,AlexandreMotorImagery,13,0.2,2,1.0,0.3333333333333333,0.9798425398213784,0.9736872201852866
2192,1,AlexandreMotorImagery,13,0.2,3,1.0,0.0,0.9739806240737625,0.97606311731727
2193,1,AlexandreMotorImagery,13,0.2,4,1.0,0.0,0.9696768966541027,0.9848827846931993
2194,1,AlexandreMotorImagery,13,0.2,5,1.0,0.0,0.9674294102900566,0.9871120885034615
2195,1,AlexandreMotorImagery,13,0.2,6,1.0,0.3333333333333333,0.9613520143178181,0.9861729158042603
2196,1,AlexandreMotorImagery,13,0.2,7,1.0,0.3333333333333333,0.9569475956439631,0.9890809396968044
2197,1,AlexandreMotorImagery,13,0.2,8,1.0,0.3333333333333333,0.9525891994131321,1.00577704955
2198,1,AlexandreMotorImagery,13,0.2,9,1.0,0.0,0.9479885065139475,1.0150121861983155
2199,1,AlexandreMotorImagery,13,0.2,10,1.0,0.0,0.9451113927641202,1.0148978260217596
2200,1,AlexandreMotorImagery,13,0.2,11,1.0,0.0,0.9399568582215445,1.016326248927217
2201,1,AlexandreMotorImagery,13,0.2,12,1.0,0.0,0.9362391385511166,1.020736588025383
2202,1,AlexandreMotorImagery,13,0.2,13,1.0,0.0,0.9331236780703163,1.018421502719083
2203,1,AlexandreMotorImagery,13,0.2,14,1.0,0.0,0.929261970034559,1.0112462207286437
2204,1,AlexandreMotorImagery,13,0.2,15,1.0,0.0,0.9266824630150069,1.013751166550069
2205,1,AlexandreMotorImagery,13,0.2,16,1.0,0.0,0.9224766293995622,1.007847628522479
2206,1,AlexandreMotorImagery,13,0.3,1,0.9649122807017544,0.6666666666666666,0.9822627893999397,0.9569769595233958
2207,1,AlexandreMotorImagery,13,0.3,2,0.9649122807017544,0.6666666666666666,0.9724210478394684,0.9628207284994222
2208,1,AlexandreMotorImagery,13,0.3,3,0.9824561403508771,0.3333333333333333,0.9592301719243073,0.959327530067738
2209,1,AlexandreMotorImagery,13,0.3,4,1.0,0.6666666666666666,0.9525133365651935,0.9585918927067562
2210,1,AlexandreMotorImagery,13,0.3,5,0.9824561403508771,0.6666666666666666,0.9470102985404603,0.9756279417405588
2211,1,AlexandreMotorImagery,13,0.3,6,0.9824561403508771,0.6666666666666666,0.9412873813634818,0.9696689445595599
2212,1,AlexandreMotorImagery,13,0.3,7,0.9824561403508771,0.6666666666666666,0.9365416446187098,0.9788398307169588
2213,1,AlexandreMotorImagery,13,0.3,8,0.9649122807017544,0.6666666666666666,0.931969287122706,0.9917624246045927
2214,1,AlexandreMotorImagery,13,0.3,9,0.9824561403508771,0.6666666666666666,0.9225764739631558,1.0040501349779547
2215,1,AlexandreMotorImagery,13,0.3,10,0.9824561403508771,0.6666666666666666,0.9185371746615182,1.0139749094677486
2216,1,AlexandreMotorImagery,13,0.3,11,0.9824561403508771,0.6666666666666666,0.9119456879732556,1.0179689846644233
2217,1,AlexandreMotorImagery,13,0.3,12,0.9824561403508771,0.6666666666666666,0.903978614676688,1.0377115259139793
2218,1,AlexandreMotorImagery,13,0.3,13,1.0,0.6666666666666666,0.8976754630239713,1.036835375553039
2219,1,AlexandreMotorImagery,13,0.3,14,1.0,0.6666666666666666,0.8920170832418416,1.0393919746840798
2220,1,AlexandreMotorImagery,13,0.3,15,0.9824561403508771,0.6666666666666666,0.8842527492222999,1.0382490831333746
2221,1,AlexandreMotorImagery,13,0.3,16,0.9824561403508771,0.6666666666666666,0.8781960556238609,1.0396358260113598
2222,1,AlexandreMotorImagery,13,0.4,1,0.9298245614035088,0.6666666666666666,0.980028479039119,0.9615865824951311
2223,1,AlexandreMotorImagery,13,0.4,2,0.9473684210526315,0.6666666666666666,0.9692760023037813,0.9720229622882571
2224,1,AlexandreMotorImagery,13,0.4,3,0.9824561403508771,0.6666666666666666,0.9533683995644416,0.9815867255847085
2225,1,AlexandreMotorImagery,13,0.4,4,1.0,0.6666666666666666,0.9422089796302648,1.0080096562469734
2226,1,AlexandreMotorImagery,13,0.4,5,1.0,0.3333333333333333,0.9324742631547428,1.0161938777881734
2227,1,AlexandreMotorImagery,13,0.4,6,1.0,0.6666666666666666,0.9169439235743104,1.027925410926266
2228,1,AlexandreMotorImagery,13,0.4,7,1.0,0.6666666666666666,0.9045171257617544,1.027695276340389
2229,1,AlexandreMotorImagery,13,0.4,8,0.9824561403508771,0.6666666666666666,0.8929009568914859,1.0519510959429275
2230,1,AlexandreMotorImagery,13,0.4,9,1.0,0.6666666666666666,0.882973959435338,1.0631383318602863
2231,1,AlexandreMotorImagery,13,0.4,10,1.0,0.6666666666666666,0.8743542102955264,1.0630403591551232
2232,1,AlexandreMotorImagery,13,0.4,11,1.0,0.6666666666666666,0.8668589163190137,1.0611351167840155
2233,1,AlexandreMotorImagery,13,0.4,12,1.0,0.6666666666666666,0.8549100044160706,1.047138167205762
2234,1,AlexandreMotorImagery,13,0.4,13,1.0,0.6666666666666666,0.8437857552396641,1.0463061527593285
2235,1,AlexandreMotorImagery,13,0.4,14,1.0,0.6666666666666666,0.8347668132479447,1.0566825004056106
2236,1,AlexandreMotorImagery,13,0.4,15,1.0,0.6666666666666666,0.8262421987191935,1.0642097327635922
2237,1,AlexandreMotorImagery,13,0.4,16,1.0,0.6666666666666666,0.818092288224472,1.0936412893416998
2238,1,AlexandreMotorImagery,13,0.5,1,0.9649122807017544,0.3333333333333333,0.9656370248094224,0.9644272004748995
2239,1,AlexandreMotorImagery,13,0.5,2,0.9824561403508771,0.3333333333333333,0.944825371656427,0.9810174969479459
2240,1,AlexandreMotorImagery,13,0.5,3,0.9824561403508771,0.3333333333333333,0.9256108854757127,1.0028830560567732
2241,1,AlexandreMotorImagery,13,0.5,4,0.9824561403508771,0.3333333333333333,0.9100606364743667,1.017353237871609
2242,1,AlexandreMotorImagery,13,0.5,5,0.9824561403508771,0.3333333333333333,0.8946215680478554,1.040900829185065
2243,1,AlexandreMotorImagery,13,0.5,6,0.9824561403508771,0.3333333333333333,0.8808030972370926,1.0491481444462585
2244,1,AlexandreMotorImagery,13,0.5,7,1.0,0.6666666666666666,0.8687181974805853,1.0634069414921574
2245,1,AlexandreMotorImagery,13,0.5,8,0.9824561403508771,0.3333333333333333,0.8548510294126427,1.0570149383589704
2246,1,AlexandreMotorImagery,13,0.5,9,0.9824561403508771,0.3333333333333333,0.8428238887327307,1.0673232680613698
2247,1,AlexandreMotorImagery,13,0.5,10,0.9824561403508771,0.3333333333333333,0.8309902861756032,1.0836334241750967
2248,1,AlexandreMotorImagery,13,0.5,11,1.0,0.3333333333333333,0.8202557653633917,1.0913877985559273
2249,1,AlexandreMotorImagery,13,0.5,12,1.0,0.3333333333333333,0.80899555865713,1.123212619525444
2250,1,AlexandreMotorImagery,13,0.5,13,1.0,0.3333333333333333,0.800530729523919,1.1266645213839341
2251,1,AlexandreMotorImagery,13,0.5,14,1.0,0.3333333333333333,0.7909288701932118,1.11785098910824
2252,1,AlexandreMotorImagery,13,0.5,15,1.0,0.3333333333333333,0.7810127611526413,1.1205602539461277
2253,1,AlexandreMotorImagery,13,0.5,16,1.0,0.3333333333333333,0.7726194850413551,1.119357757552366
2254,1,AlexandreMotorImagery,13,0.6,1,0.9649122807017544,0.3333333333333333,0.9548793679206133,0.9666299768304031
2255,1,AlexandreMotorImagery,13,0.6,2,0.9824561403508771,0.3333333333333333,0.9247787865361404,0.9988280502320209
2256,1,AlexandreMotorImagery,13,0.6,3,0.9824561403508771,0.3333333333333333,0.9035376732700146,1.029447335131659
2257,1,AlexandreMotorImagery,13,0.6,4,0.9824561403508771,0.3333333333333333,0.8831119184040469,1.0415930978977528
2258,1,AlexandreMotorImagery,13,0.6,5,0.9824561403508771,0.3333333333333333,0.8675427311325221,1.063553665286126
2259,1,AlexandreMotorImagery,13,0.6,6,0.9824561403508771,0.3333333333333333,0.8447549827800839,1.0403644112203845
2260,1,AlexandreMotorImagery,13,0.6,7,0.9824561403508771,0.3333333333333333,0.8304028843627057,1.0472072301590265
2261,1,AlexandreMotorImagery,13,0.6,8,0.9824561403508771,0.3333333333333333,0.8148044534298816,1.0661885813691305
2262,1,AlexandreMotorImagery,13,0.6,9,0.9824561403508771,0.3333333333333333,0.8013164638207967,1.0776436703264969
2263,1,AlexandreMotorImagery,13,0.6,10,1.0,0.3333333333333333,0.788642012772327,1.0863236097833937
2264,1,AlexandreMotorImagery,13,0.6,11,1.0,0.3333333333333333,0.7767880257230402,1.1068185021226598
2265,1,AlexandreMotorImagery,13,0.6,12,1.0,0.3333333333333333,0.7657546234413322,1.1162237287609524
2266,1,AlexandreMotorImagery,13,0.6,13,1.0,0.3333333333333333,0.7555553424711243,1.1159138827433002
2267,1,AlexandreMotorImagery,13,0.6,14,1.0,0.3333333333333333,0.7422728468000235,1.095164525064981
2268,1,AlexandreMotorImagery,13,0.6,15,1.0,0.3333333333333333,0.7302689554546766,1.0748996612070925
2269,1,AlexandreMotorImagery,13,0.6,16,1.0,0.3333333333333333,0.7187618077562327,1.0679724679247111
2270,1,AlexandreMotorImagery,13,0.7,1,0.9824561403508771,0.6666666666666666,0.938971260282624,0.9462171171746317
2271,1,AlexandreMotorImagery,13,0.7,2,1.0,0.6666666666666666,0.8968703161216965,0.927903456307279
2272,1,AlexandreMotorImagery,13,0.7,3,0.9473684210526315,0.6666666666666666,0.8686118132563286,0.918939296368391
2273,1,AlexandreMotorImagery,13,0.7,4,0.9649122807017544,0.6666666666666666,0.8469132292426739,0.9296443681466284
2274,1,AlexandreMotorImagery,13,0.7,5,0.9824561403508771,0.6666666666666666,0.8241066715795816,0.9161682159455458
2275,1,AlexandreMotorImagery,13,0.7,6,0.9649122807017544,0.6666666666666666,0.7968316863767012,0.8986807893858366
2276,1,AlexandreMotorImagery,13,0.7,7,0.9824561403508771,0.6666666666666666,0.7785247932399345,0.9171812528004865
2277,1,AlexandreMotorImagery,13,0.7,8,0.9824561403508771,0.3333333333333333,0.7592048945023453,0.914939514860092
2278,1,AlexandreMotorImagery,13,0.7,9,1.0,0.6666666666666666,0.7430263419357962,0.9001739734292973
2279,1,AlexandreMotorImagery,13,0.7,10,1.0,0.6666666666666666,0.7196544318030771,0.8656454458097949
2280,1,AlexandreMotorImagery,13,0.7,11,1.0,0.3333333333333333,0.7048757912276431,0.8607970651369614
2281,1,AlexandreMotorImagery,13,0.7,12,1.0,0.6666666666666666,0.6892457972910511,0.8498610158953804
2282,1,AlexandreMotorImagery,13,0.7,13,1.0,0.3333333333333333,0.6761229718152979,0.8480658106991698
2283,1,AlexandreMotorImagery,13,0.7,14,1.0,0.6666666666666666,0.6574307483635946,0.8296526308434508
2284,1,AlexandreMotorImagery,13,0.7,15,1.0,0.3333333333333333,0.6455099063918421,0.8193079366869529
2285,1,AlexandreMotorImagery,13,0.7,16,1.0,0.3333333333333333,0.6291436047040906,0.8019367984843133
2286,1,AlexandreMotorImagery,13,0.8,1,0.9824561403508771,0.6666666666666666,0.9235350585421769,0.954522173134076
2287,1,AlexandreMotorImagery,13,0.8,2,0.9649122807017544,0.6666666666666666,0.873340543997621,0.9581658680536025
2288,1,AlexandreMotorImagery,13,0.8,3,0.9649122807017544,0.6666666666666666,0.8220361429324495,0.9085880506967063
2289,1,AlexandreMotorImagery,13,0.8,4,0.9649122807017544,0.6666666666666666,0.7843449263984156,0.8823529968763366
2290,1,AlexandreMotorImagery,13,0.8,5,0.9824561403508771,0.6666666666666666,0.7521583589069496,0.8657835922939126
2291,1,AlexandreMotorImagery,13,0.8,6,1.0,0.6666666666666666,0.7132948335611569,0.8305239307033524
2292,1,AlexandreMotorImagery,13,0.8,7,1.0,0.6666666666666666,0.682124725360615,0.8034869900027181
2293,1,AlexandreMotorImagery,13,0.8,8,1.0,0.6666666666666666,0.654827389893953,0.7865070018952729
2294,1,AlexandreMotorImagery,13,0.8,9,1.0,0.3333333333333333,0.6296738870023183,0.7638787664282858
2295,1,AlexandreMotorImagery,13,0.8,10,1.0,0.6666666666666666,0.5979681582637287,0.7228848093629894
2296,1,AlexandreMotorImagery,13,0.8,11,1.0,0.3333333333333333,0.5774235072171988,0.7034794685841499
2297,1,AlexandreMotorImagery,13,0.8,12,1.0,0.6666666666666666,0.5645385054171197,0.697689669848429
2298,1,AlexandreMotorImagery,13,0.8,13,1.0,0.6666666666666666,0.5416063011580105,0.6645893561812395
2299,1,AlexandreMotorImagery,13,0.8,14,1.0,0.6666666666666666,0.5191665735518753,0.644390884811425
2300,1,AlexandreMotorImagery,13,0.8,15,1.0,0.6666666666666666,0.5042442574332747,0.6319012244838625
2301,1,AlexandreMotorImagery,13,0.8,16,1.0,0.6666666666666666,0.4879808739169879,0.616871431200551
2302,1,AlexandreMotorImagery,13,0.9,1,0.9824561403508771,0.6666666666666666,0.8907500056830491,0.9550640635862891
2303,1,AlexandreMotorImagery,13,0.9,2,1.0,0.6666666666666666,0.8101030635151092,0.8823636348153213
2304,1,AlexandreMotorImagery,13,0.9,3,1.0,0.6666666666666666,0.7540321630075595,0.8332126003183633
2305,1,AlexandreMotorImagery,13,0.9,4,0.9824561403508771,0.3333333333333333,0.6868830715665409,0.7757213634869067
2306,1,AlexandreMotorImagery,13,0.9,5,0.9824561403508771,0.3333333333333333,0.6397774373473839,0.7266813884790889
2307,1,AlexandreMotorImagery,13,0.9,6,0.9824561403508771,0.3333333333333333,0.589542241484167,0.6959951895416536
2308,1,AlexandreMotorImagery,13,0.9,7,0.9824561403508771,0.3333333333333333,0.5484987764635827,0.6546646844163345
2309,1,AlexandreMotorImagery,13,0.9,8,1.0,0.3333333333333333,0.5157047849480555,0.6335177116541327
2310,1,AlexandreMotorImagery,13,0.9,9,0.9649122807017544,0.3333333333333333,0.4885677811762812,0.6126289886186468
2311,1,AlexandreMotorImagery,13,0.9,10,0.9824561403508771,0.3333333333333333,0.4613875574950294,0.6004462693725778
2312,1,AlexandreMotorImagery,13,0.9,11,1.0,0.3333333333333333,0.4301319911674677,0.5661058732493836
2313,1,AlexandreMotorImagery,13,0.9,12,1.0,0.3333333333333333,0.4106608840483191,0.553443707383188
2314,1,AlexandreMotorImagery,13,0.9,13,0.9824561403508771,0.3333333333333333,0.3915757965155766,0.5312345543531336
2315,1,AlexandreMotorImagery,13,0.9,14,0.9824561403508771,0.3333333333333333,0.3749580487712151,0.5215137032174065
2316,1,AlexandreMotorImagery,13,0.9,15,0.9824561403508771,0.3333333333333333,0.36099933969132686,0.5130442224372831
2317,1,AlexandreMotorImagery,13,0.9,16,0.9824561403508771,0.3333333333333333,0.3456602995756685,0.49475868417746066
2318,1,AlexandreMotorImagery,13,1.0,1,0.9473684210526315,0.3333333333333333,1.003299481319684e-30,9.742371046623647e-31
2319,1,AlexandreMotorImagery,13,1.0,2,0.9473684210526315,0.3333333333333333,0.0,0.0
2320,1,AlexandreMotorImagery,13,1.0,3,0.9473684210526315,0.3333333333333333,0.0,0.0
2321,1,AlexandreMotorImagery,13,1.0,4,0.9473684210526315,0.3333333333333333,0.0,0.0
2322,1,AlexandreMotorImagery,13,1.0,5,0.9473684210526315,0.3333333333333333,0.0,0.0
2323,1,AlexandreMotorImagery,13,1.0,6,0.9473684210526315,0.3333333333333333,0.0,0.0
2324,1,AlexandreMotorImagery,14,0.0,1,0.7017543859649122,0.6666666666666666,0.9953365562462388,0.9546521119012656
2325,1,AlexandreMotorImagery,14,0.0,2,1.0,0.3333333333333333,0.9919363039063623,0.9679999483137341
2326,1,AlexandreMotorImagery,14,0.0,3,1.0,0.3333333333333333,0.9885066231814358,0.964697593233842
2327,1,AlexandreMotorImagery,14,0.0,4,1.0,0.3333333333333333,0.9864721875823579,0.9638079734618252
2328,1,AlexandreMotorImagery,14,0.0,5,1.0,0.3333333333333333,0.9848614530924862,0.9658906412758005
2329,1,AlexandreMotorImagery,14,0.0,6,1.0,0.3333333333333333,0.9837046500342906,0.9658261797845831
2330,1,AlexandreMotorImagery,14,0.0,7,1.0,0.3333333333333333,0.9817085543019036,0.9711049556635539
2331,1,AlexandreMotorImagery,14,0.0,8,1.0,0.3333333333333333,0.9804581867251727,0.9707381040191831
2332,1,AlexandreMotorImagery,14,0.0,9,1.0,0.3333333333333333,0.9793433774738816,0.9753774151028503
2333,1,AlexandreMotorImagery,14,0.0,10,1.0,0.3333333333333333,0.9785081636654828,0.9758517314774741
2334,1,AlexandreMotorImagery,14,0.0,11,1.0,0.3333333333333333,0.9778553370423726,0.9750337476825023
2335,1,AlexandreMotorImagery,14,0.0,12,1.0,0.3333333333333333,0.9769937222970451,0.9734545219723368
2336,1,AlexandreMotorImagery,14,0.0,13,1.0,0.3333333333333333,0.975844555724706,0.9770702683837061
2337,1,AlexandreMotorImagery,14,0.0,14,1.0,0.3333333333333333,0.9743752395276065,0.9741661160396029
2338,1,AlexandreMotorImagery,14,0.0,15,1.0,0.3333333333333333,0.9735201329961168,0.9809581269368022
2339,1,AlexandreMotorImagery,14,0.0,16,1.0,0.6666666666666666,0.9725787923300862,0.980175917140762
2340,1,AlexandreMotorImagery,14,0.1,1,0.9473684210526315,0.3333333333333333,0.9925862070891163,0.9635853838389024
2341,1,AlexandreMotorImagery,14,0.1,2,1.0,0.3333333333333333,0.987800969474086,0.971077787309925
2342,1,AlexandreMotorImagery,14,0.1,3,1.0,0.3333333333333333,0.9836770878528437,0.9795796526195971
2343,1,AlexandreMotorImagery,14,0.1,4,1.0,0.0,0.9813387062359693,0.9791287505739759
2344,1,AlexandreMotorImagery,14,0.1,5,1.0,0.0,0.9791893525442535,0.9806534031717747
2345,1,AlexandreMotorImagery,14,0.1,6,1.0,0.0,0.9767917233636907,0.9788185421264759
2346,1,AlexandreMotorImagery,14,0.1,7,1.0,0.0,0.9744138570964198,0.9772591144751963
2347,1,AlexandreMotorImagery,14,0.1,8,1.0,0.0,0.9716631907719874,0.9747301670662275
2348,1,AlexandreMotorImagery,14,0.1,9,1.0,0.0,0.9695616602447834,0.9738255875721566
2349,1,AlexandreMotorImagery,14,0.1,10,1.0,0.3333333333333333,0.9676226737629567,0.9720128061748934
2350,1,AlexandreMotorImagery,14,0.1,11,1.0,0.3333333333333333,0.9654006254098139,0.9721208445292931
2351,1,AlexandreMotorImagery,14,0.1,12,1.0,0.3333333333333333,0.9630514527582369,0.9710152847219682
2352,1,AlexandreMotorImagery,14,0.1,13,1.0,0.3333333333333333,0.9606418771988059,0.9714069384738729
2353,1,AlexandreMotorImagery,14,0.1,14,1.0,0.6666666666666666,0.9584910407701872,0.9728625759813668
2354,1,AlexandreMotorImagery,14,0.1,15,1.0,0.3333333333333333,0.9562013391042445,0.9731507532690589
2355,1,AlexandreMotorImagery,14,0.1,16,1.0,0.6666666666666666,0.9530809726944182,0.9730669515933714
2356,1,AlexandreMotorImagery,14,0.2,1,0.9298245614035088,0.6666666666666666,0.9885183109558481,0.9592494267843814
2357,1,AlexandreMotorImagery,14,0.2,2,1.0,0.0,0.9817030387801481,0.9752871537090566
2358,1,AlexandreMotorImagery,14,0.2,3,1.0,0.3333333333333333,0.974324742580056,0.9754180440287664
2359,1,AlexandreMotorImagery,14,0.2,4,1.0,0.3333333333333333,0.9678191194297153,0.972283535943655
2360,1,AlexandreMotorImagery,14,0.2,5,1.0,0.3333333333333333,0.9640964591400771,0.9695833034734687
2361,1,AlexandreMotorImagery,14,0.2,6,1.0,0.3333333333333333,0.9605278680412969,0.9723026498639146
2362,1,AlexandreMotorImagery,14,0.2,7,1.0,0.3333333333333333,0.957263971983367,0.97731626100891
2363,1,AlexandreMotorImagery,14,0.2,8,1.0,0.3333333333333333,0.9533753989122008,0.9810368248728187
2364,1,AlexandreMotorImagery,14,0.2,9,1.0,0.3333333333333333,0.9505668442506061,0.9814985424505264
2365,1,AlexandreMotorImagery,14,0.2,10,1.0,0.3333333333333333,0.948599486319045,0.9806596345496318
2366,1,AlexandreMotorImagery,14,0.2,11,1.0,0.3333333333333333,0.9469975307379611,0.9809269613111411
2367,1,AlexandreMotorImagery,14,0.2,12,1.0,0.3333333333333333,0.9450222445525356,0.9822953376114706
2368,1,AlexandreMotorImagery,14,0.2,13,1.0,0.3333333333333333,0.9434214430189843,0.9825328458198991
2369,1,AlexandreMotorImagery,14,0.2,14,1.0,0.3333333333333333,0.9419978219354554,0.9846827058513787
2370,1,AlexandreMotorImagery,14,0.2,15,1.0,0.3333333333333333,0.9387958298258817,0.9892821003172191
2371,1,AlexandreMotorImagery,14,0.2,16,1.0,0.3333333333333333,0.9348226821962873,0.9958889056000992
2372,1,AlexandreMotorImagery,14,0.3,1,0.8771929824561403,0.6666666666666666,0.9829668200392357,0.9556492373952378
2373,1,AlexandreMotorImagery,14,0.3,2,1.0,0.3333333333333333,0.9709278734713365,0.9612399193960431
2374,1,AlexandreMotorImagery,14,0.3,3,1.0,0.6666666666666666,0.9602065291648898,0.9685914897456803
2375,1,AlexandreMotorImagery,14,0.3,4,1.0,0.6666666666666666,0.9507667082644895,0.9782072478987772
2376,1,AlexandreMotorImagery,14,0.3,5,1.0,0.6666666666666666,0.9429702871909492,0.9835605900475961
2377,1,AlexandreMotorImagery,14,0.3,6,1.0,0.6666666666666666,0.9363473311229589,1.0067380368710244
2378,1,AlexandreMotorImagery,14,0.3,7,1.0,0.6666666666666666,0.9305942160130635,1.016441455002616
2379,1,AlexandreMotorImagery,14,0.3,8,1.0,0.6666666666666666,0.9257390201110822,1.021895379915839
2380,1,AlexandreMotorImagery,14,0.3,9,1.0,0.6666666666666666,0.9214928140990272,1.026700588492425
2381,1,AlexandreMotorImagery,14,0.3,10,1.0,0.6666666666666666,0.9176115411661152,1.0373049182691758
2382,1,AlexandreMotorImagery,14,0.3,11,1.0,0.6666666666666666,0.914644745444292,1.0395340123351193
2383,1,AlexandreMotorImagery,14,0.3,12,1.0,0.6666666666666666,0.9044303991068625,1.0622306424292671
2384,1,AlexandreMotorImagery,14,0.3,13,1.0,0.6666666666666666,0.8954160391700033,1.0718640492245826
2385,1,AlexandreMotorImagery,14,0.3,14,1.0,0.6666666666666666,0.8874546979156572,1.0905159049657844
2386,1,AlexandreMotorImagery,14,0.3,15,1.0,0.6666666666666666,0.8811023323026081,1.0905173302885385
2387,1,AlexandreMotorImagery,14,0.3,16,1.0,0.6666666666666666,0.8730239872509346,1.0876894192112054
2388,1,AlexandreMotorImagery,14,0.4,1,0.8771929824561403,0.6666666666666666,0.9805625808586759,0.9521331501573184
2389,1,AlexandreMotorImagery,14,0.4,2,0.9649122807017544,0.3333333333333333,0.9687773735076312,0.9624697347395197
2390,1,AlexandreMotorImagery,14,0.4,3,0.9473684210526315,0.3333333333333333,0.9529024172671042,0.9715369197909868
2391,1,AlexandreMotorImagery,14,0.4,4,0.9824561403508771,0.3333333333333333,0.9408591930707586,0.9845395886100073
2392,1,AlexandreMotorImagery,14,0.4,5,1.0,0.6666666666666666,0.9283173836413368,0.9850590632092832
2393,1,AlexandreMotorImagery,14,0.4,6,0.9824561403508771,0.3333333333333333,0.9131928794585189,0.9947876935473425
2394,1,AlexandreMotorImagery,14,0.4,7,0.9649122807017544,0.3333333333333333,0.9024319503457907,1.016052113751366
2395,1,AlexandreMotorImagery,14,0.4,8,0.9824561403508771,0.6666666666666666,0.8935266703564856,1.0166183126507582
2396,1,AlexandreMotorImagery,14,0.4,9,1.0,0.6666666666666666,0.8817127734355751,1.020593702175143
2397,1,AlexandreMotorImagery,14,0.4,10,1.0,1.0,0.8687370107783623,1.0122536049927682
2398,1,AlexandreMotorImagery,14,0.4,11,1.0,0.6666666666666666,0.8577975600403166,1.0146266983567827
2399,1,AlexandreMotorImagery,14,0.4,12,1.0,1.0,0.8470799761318362,1.0222811293831724
2400,1,AlexandreMotorImagery,14,0.4,13,1.0,0.6666666666666666,0.8385214801713341,1.0237614018262833
2401,1,AlexandreMotorImagery,14,0.4,14,1.0,0.6666666666666666,0.8305963515123053,1.0315596642175324
2402,1,AlexandreMotorImagery,14,0.4,15,1.0,0.6666666666666666,0.8234899541716163,1.0266983303507635
2403,1,AlexandreMotorImagery,14,0.4,16,1.0,0.6666666666666666,0.8149236075087258,1.0318712167070634
2404,1,AlexandreMotorImagery,14,0.5,1,0.9298245614035088,0.6666666666666666,0.9702174734094335,0.9493614936530068
2405,1,AlexandreMotorImagery,14,0.5,2,0.9824561403508771,0.3333333333333333,0.9451157278693234,0.9626444788207181
2406,1,AlexandreMotorImagery,14,0.5,3,0.9824561403508771,0.3333333333333333,0.9244960474002425,0.9996164837289
2407,1,AlexandreMotorImagery,14,0.5,4,1.0,0.0,0.9085137972331101,1.0198811865541182
2408,1,AlexandreMotorImagery,14,0.5,5,1.0,0.3333333333333333,0.8931906997057073,1.0422388726707266
2409,1,AlexandreMotorImagery,14,0.5,6,1.0,0.6666666666666666,0.8792491924692472,1.0490498017132355
2410,1,AlexandreMotorImagery,14,0.5,7,1.0,0.6666666666666666,0.8674997841820783,1.0811593560476322
2411,1,AlexandreMotorImagery,14,0.5,8,1.0,0.3333333333333333,0.8542317558330305,1.113078616320981
2412,1,AlexandreMotorImagery,14,0.5,9,1.0,0.6666666666666666,0.8434128602887663,1.1375953452762924
2413,1,AlexandreMotorImagery,14,0.5,10,1.0,0.6666666666666666,0.8326694379655707,1.147512927844631
2414,1,AlexandreMotorImagery,14,0.5,11,1.0,0.6666666666666666,0.822596948794221,1.158976170077596
2415,1,AlexandreMotorImagery,14,0.5,12,1.0,0.6666666666666666,0.8113504215555287,1.1466150399454804
2416,1,AlexandreMotorImagery,14,0.5,13,1.0,0.6666666666666666,0.8013497343632604,1.14783022155958
2417,1,AlexandreMotorImagery,14,0.5,14,1.0,0.3333333333333333,0.7910750819163038,1.183742180981831
2418,1,AlexandreMotorImagery,14,0.5,15,1.0,0.3333333333333333,0.781206875309077,1.2068098636698494
2419,1,AlexandreMotorImagery,14,0.5,16,1.0,0.3333333333333333,0.7722677318381184,1.1970109805279643
2420,1,AlexandreMotorImagery,14,0.6,1,0.9824561403508771,0.3333333333333333,0.9539886279219234,0.9773351408333844
2421,1,AlexandreMotorImagery,14,0.6,2,0.9649122807017544,0.3333333333333333,0.9216287512000629,1.010818956401019
2422,1,AlexandreMotorImagery,14,0.6,3,0.9824561403508771,0.3333333333333333,0.900579564798213,1.015073141759213
2423,1,AlexandreMotorImagery,14,0.6,4,0.9824561403508771,0.3333333333333333,0.8816038343301441,1.0424629207367273
2424,1,AlexandreMotorImagery,14,0.6,5,0.9824561403508771,0.3333333333333333,0.8657835792816067,1.0604480566559278
2425,1,AlexandreMotorImagery,14,0.6,6,0.9824561403508771,0.3333333333333333,0.8493830600637042,1.0765654523658599
2426,1,AlexandreMotorImagery,14,0.6,7,0.9824561403508771,0.3333333333333333,0.8349680757629765,1.087461384642
2427,1,AlexandreMotorImagery,14,0.6,8,1.0,0.3333333333333333,0.8197587711767037,1.1152273694863282
2428,1,AlexandreMotorImagery,14,0.6,9,1.0,0.3333333333333333,0.8050947309770162,1.1420383941954932
2429,1,AlexandreMotorImagery,14,0.6,10,1.0,1.0,0.7925816927063295,1.1943234489142818
2430,1,AlexandreMotorImagery,14,0.6,11,1.0,1.0,0.7821760228977229,1.2044021368907227
2431,1,AlexandreMotorImagery,14,0.6,12,1.0,0.6666666666666666,0.7702932813979396,1.220817546040308
2432,1,AlexandreMotorImagery,14,0.6,13,1.0,1.0,0.7548117562354308,1.204185127236259
2433,1,AlexandreMotorImagery,14,0.6,14,1.0,0.6666666666666666,0.7445230747455732,1.2093439572138562
2434,1,AlexandreMotorImagery,14,0.6,15,1.0,0.6666666666666666,0.7341164672915242,1.2126063664116837
2435,1,AlexandreMotorImagery,14,0.6,16,1.0,0.6666666666666666,0.723197223531691,1.1830827779556985
2436,1,AlexandreMotorImagery,14,0.7,1,0.9824561403508771,0.3333333333333333,0.9413327317579683,0.9932655722593444
2437,1,AlexandreMotorImagery,14,0.7,2,0.9649122807017544,0.0,0.8956243423395767,0.9987206689067496
2438,1,AlexandreMotorImagery,14,0.7,3,0.9473684210526315,0.6666666666666666,0.8670459418168556,1.0310865620601612
2439,1,AlexandreMotorImagery,14,0.7,4,0.9649122807017544,0.6666666666666666,0.8447608911395477,1.0409675582037612
2440,1,AlexandreMotorImagery,14,0.7,5,0.9824561403508771,1.0,0.8232829737294232,1.0798028104741044
2441,1,AlexandreMotorImagery,14,0.7,6,0.9824561403508771,1.0,0.8040905565339972,1.128111185410529
2442,1,AlexandreMotorImagery,14,0.7,7,0.9824561403508771,0.6666666666666666,0.7881080695115972,1.1487595544562996
2443,1,AlexandreMotorImagery,14,0.7,8,0.9824561403508771,0.6666666666666666,0.7682957491692078,1.139647217492331
2444,1,AlexandreMotorImagery,14,0.7,9,0.9824561403508771,0.6666666666666666,0.7493271734583328,1.133594429770557
2445,1,AlexandreMotorImagery,14,0.7,10,1.0,0.6666666666666666,0.7295180960922775,1.1198494207573686
2446,1,AlexandreMotorImagery,14,0.7,11,1.0,0.6666666666666666,0.706055936986356,1.0776717482718994
2447,1,AlexandreMotorImagery,14,0.7,12,1.0,0.6666666666666666,0.6917896570027762,1.0719999901572073
2448,1,AlexandreMotorImagery,14,0.7,13,1.0,0.6666666666666666,0.6779657308211225,1.1036292887036057
2449,1,AlexandreMotorImagery,14,0.7,14,1.0,0.6666666666666666,0.6660059346699422,1.1016896239955603
2450,1,AlexandreMotorImagery,14,0.7,15,1.0,0.6666666666666666,0.652640285895923,1.0817844331619946
2451,1,AlexandreMotorImagery,14,0.7,16,1.0,0.6666666666666666,0.635652704426946,1.0362004824355575
2452,1,AlexandreMotorImagery,14,0.8,1,0.9824561403508771,0.6666666666666666,0.9248123850089767,0.9568328119974615
2453,1,AlexandreMotorImagery,14,0.8,2,1.0,0.6666666666666666,0.8793131947395206,0.9719937111506373
2454,1,AlexandreMotorImagery,14,0.8,3,0.9824561403508771,0.6666666666666666,0.8383787716784792,0.9567855747304216
2455,1,AlexandreMotorImagery,14,0.8,4,1.0,0.3333333333333333,0.8109966112535022,0.9428512501045858
2456,1,AlexandreMotorImagery,14,0.8,5,1.0,0.3333333333333333,0.7590607012860393,0.8962538530875636
2457,1,AlexandreMotorImagery,14,0.8,6,1.0,1.0,0.730611765556263,0.8749551628448556
2458,1,AlexandreMotorImagery,14,0.8,7,0.9824561403508771,0.6666666666666666,0.695888193565071,0.8540861861820335
2459,1,AlexandreMotorImagery,14,0.8,8,1.0,0.6666666666666666,0.6600949623522099,0.7957195051848068
2460,1,AlexandreMotorImagery,14,0.8,9,1.0,0.6666666666666666,0.6317598161590455,0.7715314139442462
2461,1,AlexandreMotorImagery,14,0.8,10,1.0,0.6666666666666666,0.607968316460873,0.7511889460482947
2462,1,AlexandreMotorImagery,14,0.8,11,1.0,0.6666666666666666,0.5888112577167768,0.737242400810217
2463,1,AlexandreMotorImagery,14,0.8,12,1.0,0.6666666666666666,0.5682225173521901,0.7216014527178048
2464,1,AlexandreMotorImagery,14,0.8,13,1.0,0.6666666666666666,0.5491733366926196,0.7058262604434318
2465,1,AlexandreMotorImagery,14,0.8,14,1.0,0.6666666666666666,0.5283188181461935,0.691079554894168
2466,1,AlexandreMotorImagery,14,0.8,15,1.0,0.6666666666666666,0.5078438349689928,0.6764116542259914
2467,1,AlexandreMotorImagery,14,0.8,16,1.0,0.6666666666666666,0.4864093558575006,0.6527963907401201
2468,1,AlexandreMotorImagery,14,0.9,1,0.9649122807017544,0.3333333333333333,0.8907279637814791,0.9406782763401645
2469,1,AlexandreMotorImagery,14,0.9,2,0.9824561403508771,1.0,0.8023505986629654,0.8702197997022272
2470,1,AlexandreMotorImagery,14,0.9,3,0.9824561403508771,1.0,0.7267391327481991,0.8252951658883422
2471,1,AlexandreMotorImagery,14,0.9,4,0.9824561403508771,1.0,0.6603857923373262,0.7517592870217983
2472,1,AlexandreMotorImagery,14,0.9,5,0.9824561403508771,1.0,0.6121920071023847,0.7091657418881981
2473,1,AlexandreMotorImagery,14,0.9,6,0.9824561403508771,1.0,0.573875538634851,0.6855934497600793
2474,1,AlexandreMotorImagery,14,0.9,7,0.9824561403508771,1.0,0.5369969103685456,0.6427546463652781
2475,1,AlexandreMotorImagery,14,0.9,8,0.9824561403508771,1.0,0.5059831956621256,0.6250975962711042
2476,1,AlexandreMotorImagery,14,0.9,9,0.9824561403508771,1.0,0.4837451961245754,0.6044754784411958
2477,1,AlexandreMotorImagery,14,0.9,10,0.9824561403508771,1.0,0.457503394667704,0.584945758569523
2478,1,AlexandreMotorImagery,14,0.9,11,0.9824561403508771,1.0,0.4350166693483727,0.5655004035937474
2479,1,AlexandreMotorImagery,14,0.9,12,0.9824561403508771,1.0,0.41544965224040586,0.5381585760444071
2480,1,AlexandreMotorImagery,14,0.9,13,1.0,1.0,0.39932823751777746,0.5413649746269719
2481,1,AlexandreMotorImagery,14,0.9,14,1.0,1.0,0.3806669134823358,0.5274369710741487
2482,1,AlexandreMotorImagery,14,0.9,15,1.0,1.0,0.3611380115090871,0.5086232777414896
2483,1,AlexandreMotorImagery,14,0.9,16,1.0,1.0,0.3486229763576321,0.5005708589273814
2484,1,AlexandreMotorImagery,14,1.0,1,0.9824561403508771,0.0,7.6917046538668015e-31,7.553584509045019e-31
2485,1,AlexandreMotorImagery,14,1.0,2,0.9824561403508771,0.0,0.0,0.0
2486,1,AlexandreMotorImagery,14,1.0,3,0.9824561403508771,0.0,0.0,0.0
2487,1,AlexandreMotorImagery,14,1.0,4,0.9824561403508771,0.0,0.0,0.0
2488,1,AlexandreMotorImagery,14,1.0,5,0.9824561403508771,0.0,0.0,0.0
2489,1,AlexandreMotorImagery,14,1.0,6,0.9824561403508771,0.0,0.0,0.0
2490,1,AlexandreMotorImagery,15,0.0,1,0.8596491228070176,0.3333333333333333,0.9921115006287411,1.005459751952658
2491,1,AlexandreMotorImagery,15,0.0,2,1.0,0.3333333333333333,0.9890126146383633,1.0030898506784973
2492,1,AlexandreMotorImagery,15,0.0,3,1.0,0.3333333333333333,0.9864441610178578,1.0033968649278446
2493,1,AlexandreMotorImagery,15,0.0,4,1.0,0.0,0.9817457217511478,1.0003676997047977
2494,1,AlexandreMotorImagery,15,0.0,5,1.0,0.3333333333333333,0.9805818404951727,1.0005543333751163
2495,1,AlexandreMotorImagery,15,0.0,6,1.0,0.3333333333333333,0.9793195718869044,1.0027377364613395
2496,1,AlexandreMotorImagery,15,0.0,7,1.0,0.3333333333333333,0.9781601962384282,1.004011092562566
2497,1,AlexandreMotorImagery,15,0.0,8,1.0,0.3333333333333333,0.9770759298002178,1.0056635797506392
2498,1,AlexandreMotorImagery,15,0.0,9,1.0,0.6666666666666666,0.9761972268000843,1.0053545835817794
2499,1,AlexandreMotorImagery,15,0.0,10,1.0,0.3333333333333333,0.9751743418798794,1.0065079716541374
2500,1,AlexandreMotorImagery,15,0.0,11,1.0,0.6666666666666666,0.9741402073810285,1.006684189906728
2501,1,AlexandreMotorImagery,15,0.0,12,1.0,0.3333333333333333,0.972634344922789,1.0062033790675562
2502,1,AlexandreMotorImagery,15,0.0,13,1.0,0.6666666666666666,0.9717409322502649,1.0041463820291185
2503,1,AlexandreMotorImagery,15,0.0,14,1.0,0.6666666666666666,0.9705926994277893,1.0063839176483638
2504,1,AlexandreMotorImagery,15,0.0,15,1.0,0.6666666666666666,0.9698307091456692,1.0067518856497364
2505,1,AlexandreMotorImagery,15,0.0,16,1.0,0.3333333333333333,0.9689198823521159,1.0074123077570685
2506,1,AlexandreMotorImagery,15,0.1,1,0.9824561403508771,0.3333333333333333,0.9910903715300231,1.00356814763314
2507,1,AlexandreMotorImagery,15,0.1,2,1.0,0.6666666666666666,0.9868779434941897,1.011895340084109
2508,1,AlexandreMotorImagery,15,0.1,3,1.0,0.6666666666666666,0.9844150218206513,1.0128776483249187
2509,1,AlexandreMotorImagery,15,0.1,4,1.0,0.6666666666666666,0.9807949985239937,1.0116114084355983
2510,1,AlexandreMotorImagery,15,0.1,5,1.0,0.3333333333333333,0.9776840294314816,1.007995266253653
2511,1,AlexandreMotorImagery,15,0.1,6,1.0,0.6666666666666666,0.9747227268996442,1.0081544437899832
2512,1,AlexandreMotorImagery,15,0.1,7,1.0,0.3333333333333333,0.9727458107561329,1.0154449163721118
2513,1,AlexandreMotorImagery,15,0.1,8,1.0,0.6666666666666666,0.9705507294548723,1.0159090264940032
2514,1,AlexandreMotorImagery,15,0.1,9,1.0,0.6666666666666666,0.968431085544969,1.01424176166529
2515,1,AlexandreMotorImagery,15,0.1,10,1.0,0.6666666666666666,0.9669890471329603,1.0123495984752553
2516,1,AlexandreMotorImagery,15,0.1,11,1.0,0.6666666666666666,0.9644364175438997,1.0088783552265415
2517,1,AlexandreMotorImagery,15,0.1,12,1.0,0.6666666666666666,0.9615653622919854,1.0139932557496594
2518,1,AlexandreMotorImagery,15,0.1,13,1.0,0.6666666666666666,0.9597255999781112,1.0218927381620566
2519,1,AlexandreMotorImagery,15,0.1,14,1.0,0.6666666666666666,0.9575202992805366,1.0209033885981136
2520,1,AlexandreMotorImagery,15,0.1,15,1.0,0.6666666666666666,0.9552781616550293,1.0274571593233
2521,1,AlexandreMotorImagery,15,0.1,16,1.0,0.6666666666666666,0.9530356687780851,1.0292943536875352
2522,1,AlexandreMotorImagery,15,0.2,1,0.9298245614035088,0.6666666666666666,0.9867932132092122,1.033780668792361
2523,1,AlexandreMotorImagery,15,0.2,2,0.9824561403508771,0.6666666666666666,0.9842122060982461,1.0368750459769842
2524,1,AlexandreMotorImagery,15,0.2,3,1.0,0.3333333333333333,0.977872440536608,1.0342846843026625
2525,1,AlexandreMotorImagery,15,0.2,4,1.0,0.0,0.9720778406205444,1.0315360712714918
2526,1,AlexandreMotorImagery,15,0.2,5,1.0,0.3333333333333333,0.9680092626230586,1.0427950799171146
2527,1,AlexandreMotorImagery,15,0.2,6,1.0,0.3333333333333333,0.9613082593072405,1.0568947445670578
2528,1,AlexandreMotorImagery,15,0.2,7,1.0,0.3333333333333333,0.9561274416241335,1.060483677808611
2529,1,AlexandreMotorImagery,15,0.2,8,1.0,0.6666666666666666,0.9523240070596007,1.0629373294586426
2530,1,AlexandreMotorImagery,15,0.2,9,1.0,0.3333333333333333,0.9482364823798106,1.073559717642473
2531,1,AlexandreMotorImagery,15,0.2,10,1.0,0.6666666666666666,0.9458118855063927,1.0744461106872283
2532,1,AlexandreMotorImagery,15,0.2,11,1.0,0.3333333333333333,0.9419081560654488,1.0919746282044152
2533,1,AlexandreMotorImagery,15,0.2,12,1.0,0.3333333333333333,0.938719087010741,1.1076623246341573
2534,1,AlexandreMotorImagery,15,0.2,13,1.0,0.3333333333333333,0.9360996047805972,1.1152791908614164
2535,1,AlexandreMotorImagery,15,0.2,14,1.0,0.3333333333333333,0.9322439407630794,1.117818792095893
2536,1,AlexandreMotorImagery,15,0.2,15,1.0,0.3333333333333333,0.9286277645327637,1.119870661798818
2537,1,AlexandreMotorImagery,15,0.2,16,1.0,0.3333333333333333,0.9263286263643553,1.1211053453806488
2538,1,AlexandreMotorImagery,15,0.3,1,0.8947368421052632,0.3333333333333333,0.9810855452826812,1.0310250159766774
2539,1,AlexandreMotorImagery,15,0.3,2,0.9824561403508771,0.0,0.9620602463153424,1.025568924705172
2540,1,AlexandreMotorImagery,15,0.3,3,1.0,0.0,0.951093331774235,1.051355350217234
2541,1,AlexandreMotorImagery,15,0.3,4,1.0,0.0,0.939776419466083,1.0837774034696717
2542,1,AlexandreMotorImagery,15,0.3,5,1.0,0.0,0.9300862789319642,1.0845151876272072
2543,1,AlexandreMotorImagery,15,0.3,6,1.0,0.0,0.9237617091289457,1.080668966633714
2544,1,AlexandreMotorImagery,15,0.3,7,1.0,0.0,0.91837598482265,1.0768900704654165
2545,1,AlexandreMotorImagery,15,0.3,8,1.0,0.0,0.9139288368937746,1.0788484212323146
2546,1,AlexandreMotorImagery,15,0.3,9,1.0,0.0,0.9099979390959979,1.0920843767443194
2547,1,AlexandreMotorImagery,15,0.3,10,1.0,0.0,0.9062042177230124,1.095113940607476
2548,1,AlexandreMotorImagery,15,0.3,11,1.0,0.0,0.896562501161838,1.1133269650648974
2549,1,AlexandreMotorImagery,15,0.3,12,1.0,0.0,0.8888971571297665,1.119532562596821
2550,1,AlexandreMotorImagery,15,0.3,13,1.0,0.0,0.8816442403382261,1.1379364997425596
2551,1,AlexandreMotorImagery,15,0.3,14,1.0,0.0,0.8747438837453324,1.1460463976796833
2552,1,AlexandreMotorImagery,15,0.3,15,1.0,0.0,0.8699732433626622,1.1490247429186964
2553,1,AlexandreMotorImagery,15,0.3,16,1.0,0.0,0.8655129844363901,1.1500225159392696
2554,1,AlexandreMotorImagery,15,0.4,1,0.9473684210526315,0.0,0.979080155855936,1.0321596978979801
2555,1,AlexandreMotorImagery,15,0.4,2,1.0,0.0,0.9583711985858638,1.0225487016324757
2556,1,AlexandreMotorImagery,15,0.4,3,1.0,0.0,0.9432252856677005,1.0396156251607755
2557,1,AlexandreMotorImagery,15,0.4,4,1.0,0.0,0.9259090315746877,1.058699476845906
2558,1,AlexandreMotorImagery,15,0.4,5,1.0,0.3333333333333333,0.9123921746252922,1.072308189190483
2559,1,AlexandreMotorImagery,15,0.4,6,1.0,0.3333333333333333,0.901010115681399,1.0802428234483896
2560,1,AlexandreMotorImagery,15,0.4,7,1.0,0.3333333333333333,0.8887451179513491,1.0965283159220724
2561,1,AlexandreMotorImagery,15,0.4,8,1.0,0.0,0.8773195426447417,1.1105568071907896
2562,1,AlexandreMotorImagery,15,0.4,9,1.0,0.0,0.86829507219805,1.1105586164560937
2563,1,AlexandreMotorImagery,15,0.4,10,1.0,0.0,0.8569942737148848,1.1113441929482255
2564,1,AlexandreMotorImagery,15,0.4,11,1.0,0.3333333333333333,0.8475385141341406,1.111371761311765
2565,1,AlexandreMotorImagery,15,0.4,12,1.0,0.3333333333333333,0.8394540293334773,1.116146045450986
2566,1,AlexandreMotorImagery,15,0.4,13,1.0,0.3333333333333333,0.8306722615583757,1.1190568535195704
2567,1,AlexandreMotorImagery,15,0.4,14,1.0,0.3333333333333333,0.822721564307585,1.112658147838489
2568,1,AlexandreMotorImagery,15,0.4,15,1.0,0.3333333333333333,0.8144930357840943,1.1173294435613568
2569,1,AlexandreMotorImagery,15,0.4,16,1.0,0.3333333333333333,0.8086140040967056,1.1197382015067436
2570,1,AlexandreMotorImagery,15,0.5,1,0.9473684210526315,0.0,0.9621227074802619,0.9945893152089549
2571,1,AlexandreMotorImagery,15,0.5,2,0.9649122807017544,0.3333333333333333,0.9387175669574879,1.0112005786549672
2572,1,AlexandreMotorImagery,15,0.5,3,1.0,0.3333333333333333,0.9170390230326083,1.0220272019424448
2573,1,AlexandreMotorImagery,15,0.5,4,1.0,0.0,0.9006147225299063,1.0246764239384403
2574,1,AlexandreMotorImagery,15,0.5,5,1.0,0.3333333333333333,0.8863145628201978,1.0472711611834529
2575,1,AlexandreMotorImagery,15,0.5,6,1.0,0.3333333333333333,0.8701317508344039,1.0499235242526561
2576,1,AlexandreMotorImagery,15,0.5,7,0.9824561403508771,0.0,0.8574075822494223,1.0584004584582813
2577,1,AlexandreMotorImagery,15,0.5,8,0.9824561403508771,0.0,0.8436740362891254,1.0609138383726344
2578,1,AlexandreMotorImagery,15,0.5,9,0.9824561403508771,0.0,0.8319824381140833,1.074740065066794
2579,1,AlexandreMotorImagery,15,0.5,10,0.9824561403508771,0.0,0.8203598396852535,1.087672099404463
2580,1,AlexandreMotorImagery,15,0.5,11,1.0,0.0,0.8099653119850411,1.1015450452929483
2581,1,AlexandreMotorImagery,15,0.5,12,1.0,0.0,0.799676882298132,1.110982251196698
2582,1,AlexandreMotorImagery,15,0.5,13,1.0,0.3333333333333333,0.790863349052064,1.1255445573833645
2583,1,AlexandreMotorImagery,15,0.5,14,1.0,0.3333333333333333,0.7831573428196412,1.1257631777295545
2584,1,AlexandreMotorImagery,15,0.5,15,1.0,0.3333333333333333,0.7745050825394786,1.1280127121006431
2585,1,AlexandreMotorImagery,15,0.5,16,1.0,0.3333333333333333,0.7653396720002502,1.1319879212432182
2586,1,AlexandreMotorImagery,15,0.6,1,0.9298245614035088,0.0,0.9491077938795072,1.0501954022161128
2587,1,AlexandreMotorImagery,15,0.6,2,0.9824561403508771,0.0,0.9182304704911315,1.0316798349745548
2588,1,AlexandreMotorImagery,15,0.6,3,1.0,0.0,0.8914686654060044,1.0547762357877923
2589,1,AlexandreMotorImagery,15,0.6,4,0.9824561403508771,0.0,0.8732633782600135,1.087795319445875
2590,1,AlexandreMotorImagery,15,0.6,5,1.0,0.0,0.8576890074077804,1.114050758215211
2591,1,AlexandreMotorImagery,15,0.6,6,0.9824561403508771,0.0,0.8416570771686254,1.1313775970467976
2592,1,AlexandreMotorImagery,15,0.6,7,0.9824561403508771,0.0,0.8268852541125968,1.1389018533189472
2593,1,AlexandreMotorImagery,15,0.6,8,0.9824561403508771,0.0,0.8100182908180085,1.1263728883422959
2594,1,AlexandreMotorImagery,15,0.6,9,0.9824561403508771,0.0,0.7955836314220754,1.1332895154025124
2595,1,AlexandreMotorImagery,15,0.6,10,1.0,0.3333333333333333,0.7817704607080461,1.1332786942498367
2596,1,AlexandreMotorImagery,15,0.6,11,1.0,0.3333333333333333,0.7704382955243783,1.1375455200318603
2597,1,AlexandreMotorImagery,15,0.6,12,1.0,0.3333333333333333,0.7589951029232217,1.1402228688926352
2598,1,AlexandreMotorImagery,15,0.6,13,1.0,0.3333333333333333,0.7483290698347257,1.1464484712790453
2599,1,AlexandreMotorImagery,15,0.6,14,1.0,0.3333333333333333,0.7372074425432318,1.1348876971892705
2600,1,AlexandreMotorImagery,15,0.6,15,1.0,0.3333333333333333,0.727583771209674,1.1411866793721963
2601,1,AlexandreMotorImagery,15,0.6,16,1.0,0.3333333333333333,0.715014864696039,1.1177960893116317
2602,1,AlexandreMotorImagery,15,0.7,1,0.9649122807017544,0.3333333333333333,0.9374189651175546,0.9860144741466809
2603,1,AlexandreMotorImagery,15,0.7,2,0.9298245614035088,0.0,0.8912891759455328,0.9674999885091046
2604,1,AlexandreMotorImagery,15,0.7,3,0.9824561403508771,0.3333333333333333,0.8659817226682517,1.0226913363643517
2605,1,AlexandreMotorImagery,15,0.7,4,0.9824561403508771,0.6666666666666666,0.843806079270339,1.0425779584252592
2606,1,AlexandreMotorImagery,15,0.7,5,0.9649122807017544,0.3333333333333333,0.8218634973346848,1.0415065135231856
2607,1,AlexandreMotorImagery,15,0.7,6,0.9824561403508771,0.0,0.7960259389525667,1.0225949059784099
2608,1,AlexandreMotorImagery,15,0.7,7,1.0,0.0,0.7755471088510966,0.9996351975949871
2609,1,AlexandreMotorImagery,15,0.7,8,1.0,0.0,0.7597230928110111,0.9859187597274661
2610,1,AlexandreMotorImagery,15,0.7,9,1.0,0.0,0.7440841071195836,0.9722450584593805
2611,1,AlexandreMotorImagery,15,0.7,10,1.0,0.0,0.7178038974350985,0.9259070386829311
2612,1,AlexandreMotorImagery,15,0.7,11,1.0,0.0,0.7032296346568012,0.9118539640577576
2613,1,AlexandreMotorImagery,15,0.7,12,1.0,0.0,0.6866042318527817,0.9020493583446271
2614,1,AlexandreMotorImagery,15,0.7,13,1.0,0.0,0.6731274954484918,0.8850979696399883
2615,1,AlexandreMotorImagery,15,0.7,14,1.0,0.0,0.6536180093946965,0.8656862345805568
2616,1,AlexandreMotorImagery,15,0.7,15,1.0,0.0,0.6353081343981049,0.8408956960837183
2617,1,AlexandreMotorImagery,15,0.7,16,1.0,0.0,0.6189418959244211,0.8296269391712394
2618,1,AlexandreMotorImagery,15,0.8,1,1.0,0.0,0.9225195632029183,1.0020809767997927
2619,1,AlexandreMotorImagery,15,0.8,2,0.9824561403508771,0.3333333333333333,0.8609846634883161,0.9745926869955842
2620,1,AlexandreMotorImagery,15,0.8,3,0.9824561403508771,0.3333333333333333,0.8243666359508107,0.9629450460979992
2621,1,AlexandreMotorImagery,15,0.8,4,1.0,0.3333333333333333,0.796149660092308,0.9584662674663524
2622,1,AlexandreMotorImagery,15,0.8,5,0.9824561403508771,0.3333333333333333,0.7614897006881295,0.9247670164239224
2623,1,AlexandreMotorImagery,15,0.8,6,0.9824561403508771,0.3333333333333333,0.7153797316931642,0.8986073361198739
2624,1,AlexandreMotorImagery,15,0.8,7,1.0,0.3333333333333333,0.6907099460588936,0.8791721136075332
2625,1,AlexandreMotorImagery,15,0.8,8,1.0,0.3333333333333333,0.6673032892067644,0.8601869581331731
2626,1,AlexandreMotorImagery,15,0.8,9,1.0,0.3333333333333333,0.6411422042113262,0.8220313069549169
2627,1,AlexandreMotorImagery,15,0.8,10,1.0,0.3333333333333333,0.6173237857736648,0.7964683025932828
2628,1,AlexandreMotorImagery,15,0.8,11,1.0,0.3333333333333333,0.5998757550677241,0.7806032398529797
2629,1,AlexandreMotorImagery,15,0.8,12,1.0,0.3333333333333333,0.5823318096646328,0.7612706151445146
2630,1,AlexandreMotorImagery,15,0.8,13,1.0,0.3333333333333333,0.5673835695293912,0.7443906407661688
2631,1,AlexandreMotorImagery,15,0.8,14,1.0,0.3333333333333333,0.5521185803379957,0.7393506293268133
2632,1,AlexandreMotorImagery,15,0.8,15,1.0,0.3333333333333333,0.5298782212562455,0.7175883136061713
2633,1,AlexandreMotorImagery,15,0.8,16,1.0,0.3333333333333333,0.5128169177306204,0.6981503888945403
2634,1,AlexandreMotorImagery,15,0.9,1,0.9649122807017544,0.0,0.8870223764075356,1.0015528758404428
2635,1,AlexandreMotorImagery,15,0.9,2,0.9649122807017544,0.0,0.7974461127936746,0.9013344164744969
2636,1,AlexandreMotorImagery,15,0.9,3,0.9298245614035088,0.3333333333333333,0.7237531232350357,0.8285586547229231
2637,1,AlexandreMotorImagery,15,0.9,4,0.9649122807017544,0.0,0.661134681617318,0.7679250106984511
2638,1,AlexandreMotorImagery,15,0.9,5,1.0,0.3333333333333333,0.6051639667409918,0.7084257401507348
2639,1,AlexandreMotorImagery,15,0.9,6,1.0,0.3333333333333333,0.5499881186363124,0.6654366139987324
2640,1,AlexandreMotorImagery,15,0.9,7,1.0,0.3333333333333333,0.5153628542261118,0.6306178071414296
2641,1,AlexandreMotorImagery,15,0.9,8,1.0,0.3333333333333333,0.49026904445360997,0.6111209238199226
2642,1,AlexandreMotorImagery,15,0.9,9,1.0,0.3333333333333333,0.4655798243010588,0.5941708340455677
2643,1,AlexandreMotorImagery,15,0.9,10,1.0,0.3333333333333333,0.43498093681979666,0.5620465155046398
2644,1,AlexandreMotorImagery,15,0.9,11,1.0,0.3333333333333333,0.4173946516899519,0.5484980887476139
2645,1,AlexandreMotorImagery,15,0.9,12,1.0,0.3333333333333333,0.4020752466914916,0.5391246107194082
2646,1,AlexandreMotorImagery,15,0.9,13,1.0,0.3333333333333333,0.3885323060768143,0.5296921433991442
2647,1,AlexandreMotorImagery,15,0.9,14,1.0,0.3333333333333333,0.36926649462424543,0.508121523509781
2648,1,AlexandreMotorImagery,15,0.9,15,1.0,0.3333333333333333,0.3562688131738999,0.4986291890222217
2649,1,AlexandreMotorImagery,15,0.9,16,1.0,0.3333333333333333,0.33906656440764815,0.4757742860262741
2650,1,AlexandreMotorImagery,15,1.0,1,1.0,0.0,6.524828804567949e-31,6.689562148640977e-31
2651,1,AlexandreMotorImagery,15,1.0,2,1.0,0.0,0.0,0.0
2652,1,AlexandreMotorImagery,15,1.0,3,1.0,0.0,0.0,0.0
2653,1,AlexandreMotorImagery,15,1.0,4,1.0,0.0,0.0,0.0
2654,1,AlexandreMotorImagery,15,1.0,5,1.0,0.0,0.0,0.0
2655,1,AlexandreMotorImagery,15,1.0,6,1.0,0.0,0.0,0.0
