,score,time,samples,subject,session,channels,n_sessions,dataset,pipeline
0,0.8127163,18.396471,4200.0,1,0,8,1,BNCI2014-008,HODA
1,0.83735305,28.496954,4200.0,1,0,8,1,BNCI2014-008,PARAFACDA
2,0.8366449,32.1391,4200.0,1,0,8,1,BNCI2014-008,BTTDA
3,0.7781102,19.133806,4200.0,2,0,8,1,BNCI2014-008,HODA
4,0.81356937,26.471018,4200.0,2,0,8,1,BNCI2014-008,PARAFACDA
5,0.8123143,35.061543,4200.0,2,0,8,1,BNCI2014-008,BTTDA
6,0.86540204,13.273907,4200.0,3,0,8,1,BNCI2014-008,HODA
7,0.8869306,27.28802,4200.0,3,0,8,1,BNCI2014-008,PARAFACDA
8,0.8904041,37.034073,4200.0,3,0,8,1,BNCI2014-008,BTTDA
9,0.8006245,18.575775,4200.0,4,0,8,1,BNCI2014-008,HODA
10,0.80559385,28.457981,4200.0,4,0,8,1,BNCI2014-008,PARAFACDA
11,0.80671835,32.36075,4200.0,4,0,8,1,BNCI2014-008,BTTDA
12,0.8461633,15.470232,4200.0,5,0,8,1,BNCI2014-008,HODA
13,0.8550327,25.247469,4200.0,5,0,8,1,BNCI2014-008,PARAFACDA
14,0.8584959,32.54734,4200.0,5,0,8,1,BNCI2014-008,BTTDA
15,0.86768365,15.613615,4200.0,6,0,8,1,BNCI2014-008,HODA
16,0.87247145,28.480415,4200.0,6,0,8,1,BNCI2014-008,PARAFACDA
17,0.88294697,31.634598,4200.0,6,0,8,1,BNCI2014-008,BTTDA
18,0.8495959,15.494303,4200.0,7,0,8,1,BNCI2014-008,HODA
19,0.8650714,24.18505,4200.0,7,0,8,1,BNCI2014-008,PARAFACDA
20,0.8617041,34.625008,4200.0,7,0,8,1,BNCI2014-008,BTTDA
21,0.93496734,15.213057,4200.0,8,0,8,1,BNCI2014-008,HODA
22,0.94999385,29.35727,4200.0,8,0,8,1,BNCI2014-008,PARAFACDA
23,0.95118773,30.655928,4200.0,8,0,8,1,BNCI2014-008,BTTDA
24,0.9371107,6.6615915,576.0,1,0,16,3,BNCI2014-009,HODA
25,0.91333336,2.805366,576.0,1,1,16,3,BNCI2014-009,HODA
26,0.92646384,2.869411,576.0,1,2,16,3,BNCI2014-009,HODA
27,0.9603783,13.74138,576.0,1,0,16,3,BNCI2014-009,PARAFACDA
28,0.9446875,13.210845,576.0,1,1,16,3,BNCI2014-009,PARAFACDA
29,0.95771384,13.942713,576.0,1,2,16,3,BNCI2014-009,PARAFACDA
30,0.95967656,13.765071,576.0,1,0,16,3,BNCI2014-009,BTTDA
31,0.9594243,12.575778,576.0,1,1,16,3,BNCI2014-009,BTTDA
32,0.9639254,17.237663,576.0,1,2,16,3,BNCI2014-009,BTTDA
33,0.92287827,6.4931545,576.0,2,0,16,3,BNCI2014-009,HODA
34,0.96161187,2.6603892,576.0,2,1,16,3,BNCI2014-009,HODA
35,0.94536185,2.8115687,576.0,2,2,16,3,BNCI2014-009,HODA
36,0.9478728,15.286384,576.0,2,0,16,3,BNCI2014-009,PARAFACDA
37,0.9664364,17.644697,576.0,2,1,16,3,BNCI2014-009,PARAFACDA
38,0.943273,16.213518,576.0,2,2,16,3,BNCI2014-009,PARAFACDA
39,0.95360196,21.208853,576.0,2,0,16,3,BNCI2014-009,BTTDA
40,0.9717708,17.580305,576.0,2,1,16,3,BNCI2014-009,BTTDA
41,0.9538267,18.375957,576.0,2,2,16,3,BNCI2014-009,BTTDA
42,0.766091,6.98511,576.0,3,0,16,3,BNCI2014-009,HODA
43,0.92923796,2.9712882,576.0,3,1,16,3,BNCI2014-009,HODA
44,0.9450055,2.500788,576.0,3,2,16,3,BNCI2014-009,HODA
45,0.749227,15.030441,576.0,3,0,16,3,BNCI2014-009,PARAFACDA
46,0.9209704,13.61742,576.0,3,1,16,3,BNCI2014-009,PARAFACDA
47,0.9464638,13.356605,576.0,3,2,16,3,BNCI2014-009,PARAFACDA
48,0.7471765,17.226377,576.0,3,0,16,3,BNCI2014-009,BTTDA
49,0.94258773,17.207354,576.0,3,1,16,3,BNCI2014-009,BTTDA
50,0.9551645,16.739191,576.0,3,2,16,3,BNCI2014-009,BTTDA
51,0.94564146,5.60858,576.0,4,0,16,3,BNCI2014-009,HODA
52,0.94047695,2.433966,576.0,4,1,16,3,BNCI2014-009,HODA
53,0.92254937,2.1936328,576.0,4,2,16,3,BNCI2014-009,HODA
54,0.96661735,17.185976,576.0,4,0,16,3,BNCI2014-009,PARAFACDA
55,0.95419955,13.778432,576.0,4,1,16,3,BNCI2014-009,PARAFACDA
56,0.9378728,14.510595,576.0,4,2,16,3,BNCI2014-009,PARAFACDA
57,0.96190244,19.649258,576.0,4,0,16,3,BNCI2014-009,BTTDA
58,0.9520011,13.7192955,576.0,4,1,16,3,BNCI2014-009,BTTDA
59,0.94642544,17.195196,576.0,4,2,16,3,BNCI2014-009,BTTDA
60,0.9745175,5.5911083,576.0,5,0,16,3,BNCI2014-009,HODA
61,0.958761,2.4340208,576.0,5,1,16,3,BNCI2014-009,HODA
62,0.96292216,2.0894089,576.0,5,2,16,3,BNCI2014-009,HODA
63,0.96816885,12.933789,576.0,5,0,16,3,BNCI2014-009,PARAFACDA
64,0.9519737,12.631722,576.0,5,1,16,3,BNCI2014-009,PARAFACDA
65,0.9716228,13.408228,576.0,5,2,16,3,BNCI2014-009,PARAFACDA
66,0.9753618,17.841782,576.0,5,0,16,3,BNCI2014-009,BTTDA
67,0.96046054,16.316372,576.0,5,1,16,3,BNCI2014-009,BTTDA
68,0.9749671,15.4256,576.0,5,2,16,3,BNCI2014-009,BTTDA
69,0.88047695,5.6161504,576.0,6,0,16,3,BNCI2014-009,HODA
70,0.92136514,2.433404,576.0,6,1,16,3,BNCI2014-009,HODA
71,0.9335636,2.3584337,576.0,6,2,16,3,BNCI2014-009,HODA
72,0.88451207,16.060574,576.0,6,0,16,3,BNCI2014-009,PARAFACDA
73,0.92030704,13.89106,576.0,6,1,16,3,BNCI2014-009,PARAFACDA
74,0.93839914,12.914936,576.0,6,2,16,3,BNCI2014-009,PARAFACDA
75,0.8866612,14.693423,576.0,6,0,16,3,BNCI2014-009,BTTDA
76,0.92711073,14.956068,576.0,6,1,16,3,BNCI2014-009,BTTDA
77,0.9452028,13.16846,576.0,6,2,16,3,BNCI2014-009,BTTDA
78,0.9412774,6.00122,576.0,7,0,16,3,BNCI2014-009,HODA
79,0.9486239,2.565209,576.0,7,1,16,3,BNCI2014-009,HODA
80,0.90112936,2.286837,576.0,7,2,16,3,BNCI2014-009,HODA
81,0.9335526,13.550623,576.0,7,0,16,3,BNCI2014-009,PARAFACDA
82,0.9379386,13.922777,576.0,7,1,16,3,BNCI2014-009,PARAFACDA
83,0.8683059,13.705905,576.0,7,2,16,3,BNCI2014-009,PARAFACDA
84,0.93629384,14.550029,576.0,7,0,16,3,BNCI2014-009,BTTDA
85,0.9387829,12.634194,576.0,7,1,16,3,BNCI2014-009,BTTDA
86,0.89607453,15.398007,576.0,7,2,16,3,BNCI2014-009,BTTDA
87,0.93958884,6.020163,576.0,8,0,16,3,BNCI2014-009,HODA
88,0.90901315,3.1018016,576.0,8,1,16,3,BNCI2014-009,HODA
89,0.8904057,3.0790973,576.0,8,2,16,3,BNCI2014-009,HODA
90,0.9474397,19.566322,576.0,8,0,16,3,BNCI2014-009,PARAFACDA
91,0.8799616,15.176546,576.0,8,1,16,3,BNCI2014-009,PARAFACDA
92,0.8852522,14.429656,576.0,8,2,16,3,BNCI2014-009,PARAFACDA
93,0.9382675,17.672493,576.0,8,0,16,3,BNCI2014-009,BTTDA
94,0.9048081,16.56501,576.0,8,1,16,3,BNCI2014-009,BTTDA
95,0.87417763,15.491785,576.0,8,2,16,3,BNCI2014-009,BTTDA
96,0.9845504,6.285057,576.0,9,0,16,3,BNCI2014-009,HODA
97,0.96042216,3.1506438,576.0,9,1,16,3,BNCI2014-009,HODA
98,0.9278564,2.9068313,576.0,9,2,16,3,BNCI2014-009,HODA
99,0.9883059,18.654236,576.0,9,0,16,3,BNCI2014-009,PARAFACDA
100,0.9717818,14.1491785,576.0,9,1,16,3,BNCI2014-009,PARAFACDA
101,0.95050985,13.598,576.0,9,2,16,3,BNCI2014-009,PARAFACDA
102,0.98323464,17.419052,576.0,9,0,16,3,BNCI2014-009,BTTDA
103,0.97348684,12.992379,576.0,9,1,16,3,BNCI2014-009,BTTDA
104,0.9505921,11.482867,576.0,9,2,16,3,BNCI2014-009,BTTDA
105,0.9852522,6.0422773,576.0,10,0,16,3,BNCI2014-009,HODA
106,0.98233,2.434804,576.0,10,1,16,3,BNCI2014-009,HODA
107,0.97604716,2.6465294,576.0,10,2,16,3,BNCI2014-009,HODA
108,0.9874726,12.905932,576.0,10,0,16,3,BNCI2014-009,PARAFACDA
109,0.9857566,13.474299,576.0,10,1,16,3,BNCI2014-009,PARAFACDA
110,0.96612936,13.856695,576.0,10,2,16,3,BNCI2014-009,PARAFACDA
111,0.9902851,13.758734,576.0,10,0,16,3,BNCI2014-009,BTTDA
112,0.98896384,17.006914,576.0,10,1,16,3,BNCI2014-009,BTTDA
113,0.9741722,15.73222,576.0,10,2,16,3,BNCI2014-009,BTTDA
114,0.7616571,2.6525214,5400.0,1,0,8,1,BNCI2015-003,HODA
115,0.77749205,14.433338,5400.0,1,0,8,1,BNCI2015-003,PARAFACDA
116,0.7860317,24.137487,5400.0,1,0,8,1,BNCI2015-003,BTTDA
117,0.9346984,4.1891947,5400.0,2,0,8,1,BNCI2015-003,HODA
118,0.93586034,12.815033,5400.0,2,0,8,1,BNCI2015-003,PARAFACDA
119,0.9364381,19.720118,5400.0,2,0,8,1,BNCI2015-003,BTTDA
120,0.7782556,3.9289,1800.0,3,0,8,1,BNCI2015-003,HODA
121,0.8047,13.874914,1800.0,3,0,8,1,BNCI2015-003,PARAFACDA
122,0.8234111,16.851421,1800.0,3,0,8,1,BNCI2015-003,BTTDA
123,0.8320444,4.0824437,1800.0,4,0,8,1,BNCI2015-003,HODA
124,0.8692,13.962646,1800.0,4,0,8,1,BNCI2015-003,PARAFACDA
125,0.8654778,16.104216,1800.0,4,0,8,1,BNCI2015-003,BTTDA
126,0.8305778,3.8886569,1800.0,5,0,8,1,BNCI2015-003,HODA
127,0.8518,14.26664,1800.0,5,0,8,1,BNCI2015-003,PARAFACDA
128,0.8477778,18.60257,1800.0,5,0,8,1,BNCI2015-003,BTTDA
129,0.6856111,4.1668587,1800.0,6,0,8,1,BNCI2015-003,HODA
130,0.6721445,12.510331,1800.0,6,0,8,1,BNCI2015-003,PARAFACDA
131,0.6905,18.865425,1800.0,6,0,8,1,BNCI2015-003,BTTDA
132,0.8122778,4.0143604,1800.0,7,0,8,1,BNCI2015-003,HODA
133,0.8289111,12.306024,1800.0,7,0,8,1,BNCI2015-003,PARAFACDA
134,0.83025557,18.096222,1800.0,7,0,8,1,BNCI2015-003,BTTDA
135,0.89717776,4.014485,1800.0,8,0,8,1,BNCI2015-003,HODA
136,0.90655553,12.756013,1800.0,8,0,8,1,BNCI2015-003,PARAFACDA
137,0.9146444,16.294857,1800.0,8,0,8,1,BNCI2015-003,BTTDA
138,0.872,4.061048,1800.0,9,0,8,1,BNCI2015-003,HODA
139,0.9031778,11.916936,1800.0,9,0,8,1,BNCI2015-003,PARAFACDA
140,0.9025,15.24873,1800.0,9,0,8,1,BNCI2015-003,BTTDA
141,0.8846222,2.043063,1800.0,10,0,8,1,BNCI2015-003,HODA
142,0.89666665,12.41771,1800.0,10,0,8,1,BNCI2015-003,PARAFACDA
143,0.8992111,13.167124,1800.0,10,0,8,1,BNCI2015-003,BTTDA
144,0.9043702,75.03338,768.0,1,0,16,1,BrainInvaders2012,HODA
145,0.94789183,79.53615,768.0,1,0,16,1,BrainInvaders2012,PARAFACDA
146,0.939226,94.06835,768.0,1,0,16,1,BrainInvaders2012,BTTDA
147,0.91992944,70.33158,764.0,2,0,16,1,BrainInvaders2012,HODA
148,0.94416803,46.784184,764.0,2,0,16,1,BrainInvaders2012,PARAFACDA
149,0.9427841,98.68881,764.0,2,0,16,1,BrainInvaders2012,BTTDA
150,0.9255048,47.06064,768.0,3,0,16,1,BrainInvaders2012,HODA
151,0.9408413,60.425323,768.0,3,0,16,1,BrainInvaders2012,PARAFACDA
152,0.93877405,100.71906,768.0,3,0,16,1,BrainInvaders2012,BTTDA
153,0.9635075,64.18003,765.0,4,0,16,1,BrainInvaders2012,HODA
154,0.9667102,57.895134,765.0,4,0,16,1,BrainInvaders2012,PARAFACDA
155,0.9655968,108.256096,765.0,4,0,16,1,BrainInvaders2012,BTTDA
156,0.8642689,55.897385,764.0,5,0,16,1,BrainInvaders2012,HODA
157,0.9303561,48.7946,764.0,5,0,16,1,BrainInvaders2012,PARAFACDA
158,0.92215264,95.99398,764.0,5,0,16,1,BrainInvaders2012,BTTDA
159,0.8421761,43.497807,765.0,6,0,16,1,BrainInvaders2012,HODA
160,0.92622375,56.672585,765.0,6,0,16,1,BrainInvaders2012,PARAFACDA
161,0.93098027,94.73268,765.0,6,0,16,1,BrainInvaders2012,BTTDA
162,0.8765168,18.390598,768.0,7,0,16,1,BrainInvaders2012,HODA
163,0.90642065,51.37176,768.0,7,0,16,1,BrainInvaders2012,PARAFACDA
164,0.9100048,91.6854,768.0,7,0,16,1,BrainInvaders2012,BTTDA
165,0.8421761,31.118038,765.0,8,0,16,1,BrainInvaders2012,HODA
166,0.92622375,51.12077,765.0,8,0,16,1,BrainInvaders2012,PARAFACDA
167,0.93098027,79.299225,765.0,8,0,16,1,BrainInvaders2012,BTTDA
168,0.882149,34.23472,761.0,9,0,16,1,BrainInvaders2012,HODA
169,0.9179043,56.692528,761.0,9,0,16,1,BrainInvaders2012,PARAFACDA
170,0.90949726,104.57665,761.0,9,0,16,1,BrainInvaders2012,BTTDA
171,0.78289664,70.783966,758.0,10,0,16,1,BrainInvaders2012,HODA
172,0.863396,65.81573,758.0,10,0,16,1,BrainInvaders2012,PARAFACDA
173,0.85726136,100.02255,758.0,10,0,16,1,BrainInvaders2012,BTTDA
174,0.80632615,42.970486,766.0,11,0,16,1,BrainInvaders2012,HODA
175,0.9036487,74.83817,766.0,11,0,16,1,BrainInvaders2012,PARAFACDA
176,0.9075925,101.63887,766.0,11,0,16,1,BrainInvaders2012,BTTDA
177,0.99028367,45.04059,768.0,12,0,16,1,BrainInvaders2012,HODA
178,0.9951178,57.66336,768.0,12,0,16,1,BrainInvaders2012,PARAFACDA
179,0.9923197,107.51388,768.0,12,0,16,1,BrainInvaders2012,BTTDA
180,0.80145115,15.242109,767.0,13,0,16,1,BrainInvaders2012,HODA
181,0.86353683,68.76277,767.0,13,0,16,1,BrainInvaders2012,PARAFACDA
182,0.84558725,99.12586,767.0,13,0,16,1,BrainInvaders2012,BTTDA
183,0.8407524,63.038124,768.0,14,0,16,1,BrainInvaders2012,HODA
184,0.8535072,71.72353,768.0,14,0,16,1,BrainInvaders2012,PARAFACDA
185,0.85413224,94.29732,768.0,14,0,16,1,BrainInvaders2012,BTTDA
186,0.84755737,76.35992,766.0,15,0,16,1,BrainInvaders2012,HODA
187,0.87235355,49.84082,766.0,15,0,16,1,BrainInvaders2012,PARAFACDA
188,0.8832095,96.50096,766.0,15,0,16,1,BrainInvaders2012,BTTDA
189,0.87119955,57.618835,768.0,16,0,16,1,BrainInvaders2012,HODA
190,0.9205793,57.890762,768.0,16,0,16,1,BrainInvaders2012,PARAFACDA
191,0.9329231,91.2827,768.0,16,0,16,1,BrainInvaders2012,BTTDA
192,0.8354894,75.19559,765.0,17,0,16,1,BrainInvaders2012,HODA
193,0.88161623,82.615685,765.0,17,0,16,1,BrainInvaders2012,PARAFACDA
194,0.86230594,104.82801,765.0,17,0,16,1,BrainInvaders2012,BTTDA
195,0.86985105,30.63263,764.0,18,0,16,1,BrainInvaders2012,HODA
196,0.8933011,44.92993,764.0,18,0,16,1,BrainInvaders2012,PARAFACDA
197,0.9007305,99.090775,764.0,18,0,16,1,BrainInvaders2012,BTTDA
198,0.88855046,63.510624,768.0,19,0,16,1,BrainInvaders2012,HODA
199,0.9426058,51.903805,768.0,19,0,16,1,BrainInvaders2012,PARAFACDA
200,0.94773555,87.7346,768.0,19,0,16,1,BrainInvaders2012,BTTDA
201,0.8276989,68.836365,766.0,20,0,16,1,BrainInvaders2012,HODA
202,0.8208341,80.4155,766.0,20,0,16,1,BrainInvaders2012,PARAFACDA
203,0.83545417,108.181305,766.0,20,0,16,1,BrainInvaders2012,BTTDA
204,0.8016977,51.076202,766.0,21,0,16,1,BrainInvaders2012,HODA
205,0.8204861,47.238014,766.0,21,0,16,1,BrainInvaders2012,PARAFACDA
206,0.8218357,99.28329,766.0,21,0,16,1,BrainInvaders2012,BTTDA
207,0.89575964,63.360577,768.0,22,0,16,1,BrainInvaders2012,HODA
208,0.94020915,56.960873,768.0,22,0,16,1,BrainInvaders2012,PARAFACDA
209,0.9427981,95.94502,768.0,22,0,16,1,BrainInvaders2012,BTTDA
210,0.9213629,75.3182,766.0,23,0,16,1,BrainInvaders2012,HODA
211,0.9246147,66.84648,766.0,23,0,16,1,BrainInvaders2012,PARAFACDA
212,0.931223,99.80471,766.0,23,0,16,1,BrainInvaders2012,BTTDA
213,0.7947956,59.721954,764.0,24,0,16,1,BrainInvaders2012,HODA
214,0.81794274,64.77012,764.0,24,0,16,1,BrainInvaders2012,PARAFACDA
215,0.80372244,90.98024,764.0,24,0,16,1,BrainInvaders2012,BTTDA
216,0.9559928,74.76819,768.0,25,0,16,1,BrainInvaders2012,HODA
217,0.95821875,81.452736,768.0,25,0,16,1,BrainInvaders2012,PARAFACDA
218,0.9563894,104.15928,768.0,25,0,16,1,BrainInvaders2012,BTTDA
219,0.9553125,36.67173,480.0,1,0,16,1,BrainInvaders2013a,HODA
220,0.9790625,6.2566195,480.0,1,1,16,1,BrainInvaders2013a,HODA
221,0.9615625,4.6786737,480.0,1,2,16,1,BrainInvaders2013a,HODA
222,0.9828125,2.5290978,480.0,1,3,16,1,BrainInvaders2013a,HODA
223,0.97046876,1.7248538,480.0,1,4,16,1,BrainInvaders2013a,HODA
224,0.9528125,1.5708933,480.0,1,5,16,1,BrainInvaders2013a,HODA
225,0.9634375,1.7777803,480.0,1,6,16,1,BrainInvaders2013a,HODA
226,0.95703125,1.2290466,480.0,1,7,16,1,BrainInvaders2013a,HODA
227,0.9814063,57.014553,480.0,1,0,16,1,BrainInvaders2013a,PARAFACDA
228,0.9753125,16.395866,480.0,1,1,16,1,BrainInvaders2013a,PARAFACDA
229,0.9771875,17.302395,480.0,1,2,16,1,BrainInvaders2013a,PARAFACDA
230,0.98640627,18.402555,480.0,1,3,16,1,BrainInvaders2013a,PARAFACDA
231,0.9842188,16.390083,480.0,1,4,16,1,BrainInvaders2013a,PARAFACDA
232,0.970625,17.2545,480.0,1,5,16,1,BrainInvaders2013a,PARAFACDA
233,0.9664062,17.30798,480.0,1,6,16,1,BrainInvaders2013a,PARAFACDA
234,0.9740625,20.59427,480.0,1,7,16,1,BrainInvaders2013a,PARAFACDA
235,0.9865625,56.938766,480.0,1,0,16,1,BrainInvaders2013a,BTTDA
236,0.983125,20.392246,480.0,1,1,16,1,BrainInvaders2013a,BTTDA
237,0.976875,22.782501,480.0,1,2,16,1,BrainInvaders2013a,BTTDA
238,0.9821875,26.299932,480.0,1,3,16,1,BrainInvaders2013a,BTTDA
239,0.9867188,14.940437,480.0,1,4,16,1,BrainInvaders2013a,BTTDA
240,0.97,23.825369,480.0,1,5,16,1,BrainInvaders2013a,BTTDA
241,0.96625,21.743027,480.0,1,6,16,1,BrainInvaders2013a,BTTDA
242,0.9765625,20.324743,480.0,1,7,16,1,BrainInvaders2013a,BTTDA
243,0.958062,33.28786,504.0,2,0,16,1,BrainInvaders2013a,HODA
244,0.9196875,4.1246324,480.0,2,1,16,1,BrainInvaders2013a,HODA
245,0.96296877,6.3069854,480.0,2,2,16,1,BrainInvaders2013a,HODA
246,0.8932812,4.733238,480.0,2,3,16,1,BrainInvaders2013a,HODA
247,0.94421875,3.5613039,480.0,2,4,16,1,BrainInvaders2013a,HODA
248,0.8075,3.030196,480.0,2,5,16,1,BrainInvaders2013a,HODA
249,0.8954688,1.6122962,480.0,2,6,16,1,BrainInvaders2013a,HODA
250,0.91484374,2.284043,480.0,2,7,16,1,BrainInvaders2013a,HODA
251,0.9798669,55.412346,504.0,2,0,16,1,BrainInvaders2013a,PARAFACDA
252,0.92375,16.365808,480.0,2,1,16,1,BrainInvaders2013a,PARAFACDA
253,0.96375,19.486046,480.0,2,2,16,1,BrainInvaders2013a,PARAFACDA
254,0.9032813,18.660055,480.0,2,3,16,1,BrainInvaders2013a,PARAFACDA
255,0.951875,16.371458,480.0,2,4,16,1,BrainInvaders2013a,PARAFACDA
256,0.796875,15.891304,480.0,2,5,16,1,BrainInvaders2013a,PARAFACDA
257,0.90484375,16.458345,480.0,2,6,16,1,BrainInvaders2013a,PARAFACDA
258,0.9089062,16.118465,480.0,2,7,16,1,BrainInvaders2013a,PARAFACDA
259,0.96617645,63.67246,504.0,2,0,16,1,BrainInvaders2013a,BTTDA
260,0.9273437,18.198753,480.0,2,1,16,1,BrainInvaders2013a,BTTDA
261,0.96875,18.861507,480.0,2,2,16,1,BrainInvaders2013a,BTTDA
262,0.9178125,25.074226,480.0,2,3,16,1,BrainInvaders2013a,BTTDA
263,0.955625,18.734476,480.0,2,4,16,1,BrainInvaders2013a,BTTDA
264,0.7978125,15.704321,480.0,2,5,16,1,BrainInvaders2013a,BTTDA
265,0.9134375,18.53938,480.0,2,6,16,1,BrainInvaders2013a,BTTDA
266,0.9121875,16.654749,480.0,2,7,16,1,BrainInvaders2013a,BTTDA
267,0.869375,36.732212,480.0,3,0,16,1,BrainInvaders2013a,HODA
268,0.82765627,5.71195,480.0,3,1,16,1,BrainInvaders2013a,HODA
269,0.84515625,5.0155344,480.0,3,2,16,1,BrainInvaders2013a,HODA
270,0.88921875,2.6170163,480.0,3,3,16,1,BrainInvaders2013a,HODA
271,0.8409375,2.7049944,480.0,3,4,16,1,BrainInvaders2013a,HODA
272,0.6825,2.510206,480.0,3,5,16,1,BrainInvaders2013a,HODA
273,0.881875,1.7102981,480.0,3,6,16,1,BrainInvaders2013a,HODA
274,0.54625,2.0340827,480.0,3,7,16,1,BrainInvaders2013a,HODA
275,0.8440625,52.248363,480.0,3,0,16,1,BrainInvaders2013a,PARAFACDA
276,0.85234374,16.82,480.0,3,1,16,1,BrainInvaders2013a,PARAFACDA
277,0.8603125,18.292963,480.0,3,2,16,1,BrainInvaders2013a,PARAFACDA
278,0.86109376,17.811087,480.0,3,3,16,1,BrainInvaders2013a,PARAFACDA
279,0.826875,19.924181,480.0,3,4,16,1,BrainInvaders2013a,PARAFACDA
280,0.7875,18.656189,480.0,3,5,16,1,BrainInvaders2013a,PARAFACDA
281,0.90234375,16.322515,480.0,3,6,16,1,BrainInvaders2013a,PARAFACDA
282,0.703125,12.107699,480.0,3,7,16,1,BrainInvaders2013a,PARAFACDA
283,0.85875,59.644714,480.0,3,0,16,1,BrainInvaders2013a,BTTDA
284,0.86359376,18.640425,480.0,3,1,16,1,BrainInvaders2013a,BTTDA
285,0.900625,19.93538,480.0,3,2,16,1,BrainInvaders2013a,BTTDA
286,0.90046877,19.599321,480.0,3,3,16,1,BrainInvaders2013a,BTTDA
287,0.88234377,18.864452,480.0,3,4,16,1,BrainInvaders2013a,BTTDA
288,0.78546876,24.873404,480.0,3,5,16,1,BrainInvaders2013a,BTTDA
289,0.91984373,21.450354,480.0,3,6,16,1,BrainInvaders2013a,BTTDA
290,0.62328124,12.7932005,480.0,3,7,16,1,BrainInvaders2013a,BTTDA
291,0.82484376,35.70092,480.0,4,0,16,1,BrainInvaders2013a,HODA
292,0.84484375,9.433873,480.0,4,1,16,1,BrainInvaders2013a,HODA
293,0.93140626,2.967601,480.0,4,2,16,1,BrainInvaders2013a,HODA
294,0.9025,2.981218,480.0,4,3,16,1,BrainInvaders2013a,HODA
295,0.88,2.0825894,480.0,4,4,16,1,BrainInvaders2013a,HODA
296,0.9034375,1.6625458,480.0,4,5,16,1,BrainInvaders2013a,HODA
297,0.94703126,1.8524731,480.0,4,6,16,1,BrainInvaders2013a,HODA
298,0.9103125,1.5722405,480.0,4,7,16,1,BrainInvaders2013a,HODA
299,0.8859375,61.3403,480.0,4,0,16,1,BrainInvaders2013a,PARAFACDA
300,0.87359375,23.4948,480.0,4,1,16,1,BrainInvaders2013a,PARAFACDA
301,0.9246875,18.006454,480.0,4,2,16,1,BrainInvaders2013a,PARAFACDA
302,0.90203124,19.664871,480.0,4,3,16,1,BrainInvaders2013a,PARAFACDA
303,0.9014062,18.866089,480.0,4,4,16,1,BrainInvaders2013a,PARAFACDA
304,0.9064062,18.658733,480.0,4,5,16,1,BrainInvaders2013a,PARAFACDA
305,0.94640625,17.879662,480.0,4,6,16,1,BrainInvaders2013a,PARAFACDA
306,0.916875,19.559072,480.0,4,7,16,1,BrainInvaders2013a,PARAFACDA
307,0.908125,58.291485,480.0,4,0,16,1,BrainInvaders2013a,BTTDA
308,0.8623437,27.80415,480.0,4,1,16,1,BrainInvaders2013a,BTTDA
309,0.93890625,13.405606,480.0,4,2,16,1,BrainInvaders2013a,BTTDA
310,0.9015625,18.62505,480.0,4,3,16,1,BrainInvaders2013a,BTTDA
311,0.9078125,24.092367,480.0,4,4,16,1,BrainInvaders2013a,BTTDA
312,0.9084375,17.531866,480.0,4,5,16,1,BrainInvaders2013a,BTTDA
313,0.93828124,17.75908,480.0,4,6,16,1,BrainInvaders2013a,BTTDA
314,0.8953125,19.351192,480.0,4,7,16,1,BrainInvaders2013a,BTTDA
315,0.8670313,42.71103,480.0,5,0,16,1,BrainInvaders2013a,HODA
316,0.9321875,5.9539638,480.0,5,1,16,1,BrainInvaders2013a,HODA
317,0.93296874,2.1827993,480.0,5,2,16,1,BrainInvaders2013a,HODA
318,0.90671873,2.4438174,480.0,5,3,16,1,BrainInvaders2013a,HODA
319,0.9665625,2.1141694,480.0,5,4,16,1,BrainInvaders2013a,HODA
320,0.9271875,2.2129183,480.0,5,5,16,1,BrainInvaders2013a,HODA
321,0.96515626,4.539694,480.0,5,6,16,1,BrainInvaders2013a,HODA
322,0.9170312,1.4543942,480.0,5,7,16,1,BrainInvaders2013a,HODA
323,0.9075,56.389194,480.0,5,0,16,1,BrainInvaders2013a,PARAFACDA
324,0.96015626,17.14768,480.0,5,1,16,1,BrainInvaders2013a,PARAFACDA
325,0.92015624,15.711649,480.0,5,2,16,1,BrainInvaders2013a,PARAFACDA
326,0.93046874,15.972766,480.0,5,3,16,1,BrainInvaders2013a,PARAFACDA
327,0.97734374,15.753456,480.0,5,4,16,1,BrainInvaders2013a,PARAFACDA
328,0.93921876,19.077131,480.0,5,5,16,1,BrainInvaders2013a,PARAFACDA
329,0.970625,14.786912,480.0,5,6,16,1,BrainInvaders2013a,PARAFACDA
330,0.95171875,18.657684,480.0,5,7,16,1,BrainInvaders2013a,PARAFACDA
331,0.9015625,57.75869,480.0,5,0,16,1,BrainInvaders2013a,BTTDA
332,0.9703125,17.986618,480.0,5,1,16,1,BrainInvaders2013a,BTTDA
333,0.93328124,15.372836,480.0,5,2,16,1,BrainInvaders2013a,BTTDA
334,0.93671876,17.538412,480.0,5,3,16,1,BrainInvaders2013a,BTTDA
335,0.981875,17.51408,480.0,5,4,16,1,BrainInvaders2013a,BTTDA
336,0.9373438,19.0691,480.0,5,5,16,1,BrainInvaders2013a,BTTDA
337,0.979375,19.469782,480.0,5,6,16,1,BrainInvaders2013a,BTTDA
338,0.96140623,23.292248,480.0,5,7,16,1,BrainInvaders2013a,BTTDA
339,0.85515624,42.530785,480.0,6,0,16,1,BrainInvaders2013a,HODA
340,0.85546875,6.0122166,480.0,6,1,16,1,BrainInvaders2013a,HODA
341,0.8553125,2.1429288,480.0,6,2,16,1,BrainInvaders2013a,HODA
342,0.8653125,1.5575341,480.0,6,3,16,1,BrainInvaders2013a,HODA
343,0.85234374,1.6300058,480.0,6,4,16,1,BrainInvaders2013a,HODA
344,0.8695313,1.6022346,480.0,6,5,16,1,BrainInvaders2013a,HODA
345,0.801875,2.1114078,480.0,6,6,16,1,BrainInvaders2013a,HODA
346,0.82890624,2.6785882,480.0,6,7,16,1,BrainInvaders2013a,HODA
347,0.8540625,56.43135,480.0,6,0,16,1,BrainInvaders2013a,PARAFACDA
348,0.8265625,17.395264,480.0,6,1,16,1,BrainInvaders2013a,PARAFACDA
349,0.84125,17.40265,480.0,6,2,16,1,BrainInvaders2013a,PARAFACDA
350,0.85328126,20.619217,480.0,6,3,16,1,BrainInvaders2013a,PARAFACDA
351,0.8240625,18.104454,480.0,6,4,16,1,BrainInvaders2013a,PARAFACDA
352,0.8303125,19.504414,480.0,6,5,16,1,BrainInvaders2013a,PARAFACDA
353,0.7839062,17.43171,480.0,6,6,16,1,BrainInvaders2013a,PARAFACDA
354,0.7925,14.5638485,480.0,6,7,16,1,BrainInvaders2013a,PARAFACDA
355,0.85296875,64.84704,480.0,6,0,16,1,BrainInvaders2013a,BTTDA
356,0.8567188,13.2976675,480.0,6,1,16,1,BrainInvaders2013a,BTTDA
357,0.836875,18.333439,480.0,6,2,16,1,BrainInvaders2013a,BTTDA
358,0.85984373,21.525116,480.0,6,3,16,1,BrainInvaders2013a,BTTDA
359,0.8478125,19.173277,480.0,6,4,16,1,BrainInvaders2013a,BTTDA
360,0.83640623,19.923904,480.0,6,5,16,1,BrainInvaders2013a,BTTDA
361,0.80078125,17.253418,480.0,6,6,16,1,BrainInvaders2013a,BTTDA
362,0.8226563,15.385414,480.0,6,7,16,1,BrainInvaders2013a,BTTDA
363,0.9092187,39.26666,480.0,7,0,16,1,BrainInvaders2013a,HODA
364,0.979375,4.8326125,480.0,7,1,16,1,BrainInvaders2013a,HODA
365,0.9484375,4.4142823,480.0,7,2,16,1,BrainInvaders2013a,HODA
366,0.94578123,3.3046308,480.0,7,3,16,1,BrainInvaders2013a,HODA
367,0.93015623,5.9845896,480.0,7,4,16,1,BrainInvaders2013a,HODA
368,0.8890625,4.9618855,480.0,7,5,16,1,BrainInvaders2013a,HODA
369,0.87125,2.0779464,480.0,7,6,16,1,BrainInvaders2013a,HODA
370,0.9451563,1.7541256,480.0,7,7,16,1,BrainInvaders2013a,HODA
371,0.9479687,54.227875,480.0,7,0,16,1,BrainInvaders2013a,PARAFACDA
372,0.9867188,21.96914,480.0,7,1,16,1,BrainInvaders2013a,PARAFACDA
373,0.9675,19.778496,480.0,7,2,16,1,BrainInvaders2013a,PARAFACDA
374,0.96125,18.765299,480.0,7,3,16,1,BrainInvaders2013a,PARAFACDA
375,0.975,19.452522,480.0,7,4,16,1,BrainInvaders2013a,PARAFACDA
376,0.88703126,17.243093,480.0,7,5,16,1,BrainInvaders2013a,PARAFACDA
377,0.92078125,18.924658,480.0,7,6,16,1,BrainInvaders2013a,PARAFACDA
378,0.95734376,17.929754,480.0,7,7,16,1,BrainInvaders2013a,PARAFACDA
379,0.95,65.04459,480.0,7,0,16,1,BrainInvaders2013a,BTTDA
380,0.9890625,20.3068,480.0,7,1,16,1,BrainInvaders2013a,BTTDA
381,0.968125,18.549723,480.0,7,2,16,1,BrainInvaders2013a,BTTDA
382,0.950625,20.420235,480.0,7,3,16,1,BrainInvaders2013a,BTTDA
383,0.9767187,22.572092,480.0,7,4,16,1,BrainInvaders2013a,BTTDA
384,0.87875,17.509886,480.0,7,5,16,1,BrainInvaders2013a,BTTDA
385,0.91625,19.467113,480.0,7,6,16,1,BrainInvaders2013a,BTTDA
386,0.9571875,19.152687,480.0,7,7,16,1,BrainInvaders2013a,BTTDA
387,0.846875,34.603374,480.0,8,0,16,1,BrainInvaders2013a,HODA
388,0.9115625,49.11629,480.0,8,0,16,1,BrainInvaders2013a,PARAFACDA
389,0.935,58.93369,480.0,8,0,16,1,BrainInvaders2013a,BTTDA
390,0.86328125,22.097961,480.0,9,0,16,1,BrainInvaders2013a,HODA
391,0.91765624,47.18128,480.0,9,0,16,1,BrainInvaders2013a,PARAFACDA
392,0.924375,61.118217,480.0,9,0,16,1,BrainInvaders2013a,BTTDA
393,0.9296875,22.321295,480.0,10,0,16,1,BrainInvaders2013a,HODA
394,0.9378125,34.74392,480.0,10,0,16,1,BrainInvaders2013a,PARAFACDA
395,0.94671875,59.624386,480.0,10,0,16,1,BrainInvaders2013a,BTTDA
396,0.94421875,21.175705,480.0,11,0,16,1,BrainInvaders2013a,HODA
397,0.918125,41.495136,480.0,11,0,16,1,BrainInvaders2013a,PARAFACDA
398,0.94609374,45.848564,480.0,11,0,16,1,BrainInvaders2013a,BTTDA
399,0.83765626,14.663663,480.0,12,0,16,1,BrainInvaders2013a,HODA
400,0.8929688,37.899864,480.0,12,0,16,1,BrainInvaders2013a,PARAFACDA
401,0.9014062,52.918312,480.0,12,0,16,1,BrainInvaders2013a,BTTDA
402,0.7646875,18.801092,480.0,13,0,16,1,BrainInvaders2013a,HODA
403,0.79265624,47.224304,480.0,13,0,16,1,BrainInvaders2013a,PARAFACDA
404,0.76140624,65.26311,480.0,13,0,16,1,BrainInvaders2013a,BTTDA
405,0.9585937,18.527512,480.0,14,0,16,1,BrainInvaders2013a,HODA
406,0.9328125,42.11884,480.0,14,0,16,1,BrainInvaders2013a,PARAFACDA
407,0.970625,54.75343,480.0,14,0,16,1,BrainInvaders2013a,BTTDA
408,0.98046875,14.796864,480.0,15,0,16,1,BrainInvaders2013a,HODA
409,0.98328125,40.97916,480.0,15,0,16,1,BrainInvaders2013a,PARAFACDA
410,0.985,60.617233,480.0,15,0,16,1,BrainInvaders2013a,BTTDA
411,0.88375,39.462166,480.0,16,0,16,1,BrainInvaders2013a,HODA
412,0.91828126,54.675674,480.0,16,0,16,1,BrainInvaders2013a,PARAFACDA
413,0.91078126,67.668335,480.0,16,0,16,1,BrainInvaders2013a,BTTDA
414,0.81359375,39.011562,480.0,17,0,16,1,BrainInvaders2013a,HODA
415,0.8882812,55.106155,480.0,17,0,16,1,BrainInvaders2013a,PARAFACDA
416,0.90578127,58.72939,480.0,17,0,16,1,BrainInvaders2013a,BTTDA
417,0.99265623,39.871674,480.0,18,0,16,1,BrainInvaders2013a,HODA
418,0.99375,54.456486,480.0,18,0,16,1,BrainInvaders2013a,PARAFACDA
419,0.9951562,55.9484,480.0,18,0,16,1,BrainInvaders2013a,BTTDA
420,0.815,38.297543,480.0,19,0,16,1,BrainInvaders2013a,HODA
421,0.87,55.592403,480.0,19,0,16,1,BrainInvaders2013a,PARAFACDA
422,0.8965625,63.21714,480.0,19,0,16,1,BrainInvaders2013a,BTTDA
423,0.913125,41.670498,480.0,20,0,16,1,BrainInvaders2013a,HODA
424,0.9271875,60.758877,480.0,20,0,16,1,BrainInvaders2013a,PARAFACDA
425,0.9245312,61.528473,480.0,20,0,16,1,BrainInvaders2013a,BTTDA
426,0.960625,34.586704,480.0,21,0,16,1,BrainInvaders2013a,HODA
427,0.96015626,58.454086,480.0,21,0,16,1,BrainInvaders2013a,PARAFACDA
428,0.9690625,65.579865,480.0,21,0,16,1,BrainInvaders2013a,BTTDA
429,0.95203125,33.57557,480.0,22,0,16,1,BrainInvaders2013a,HODA
430,0.9482812,54.86343,480.0,22,0,16,1,BrainInvaders2013a,PARAFACDA
431,0.9571875,57.231853,480.0,22,0,16,1,BrainInvaders2013a,BTTDA
432,0.88640624,41.329056,480.0,23,0,16,1,BrainInvaders2013a,HODA
433,0.92578125,53.557587,480.0,23,0,16,1,BrainInvaders2013a,PARAFACDA
434,0.9326562,62.44982,480.0,23,0,16,1,BrainInvaders2013a,BTTDA
435,0.90171874,39.91577,480.0,24,0,16,1,BrainInvaders2013a,HODA
436,0.90984374,56.048367,480.0,24,0,16,1,BrainInvaders2013a,PARAFACDA
437,0.9171875,70.17763,480.0,24,0,16,1,BrainInvaders2013a,BTTDA
438,0.9366848,138.74522,1188.0,1,0,16,1,BrainInvaders2014a,HODA
439,0.94661164,103.31685,1188.0,1,0,16,1,BrainInvaders2014a,PARAFACDA
440,0.94485044,180.12582,1188.0,1,0,16,1,BrainInvaders2014a,BTTDA
441,0.8676291,127.03743,492.0,2,0,16,1,BrainInvaders2014a,HODA
442,0.8866302,99.94385,492.0,2,0,16,1,BrainInvaders2014a,PARAFACDA
443,0.8754752,173.72464,492.0,2,0,16,1,BrainInvaders2014a,BTTDA
444,0.78742224,141.8668,1752.0,3,0,16,1,BrainInvaders2014a,HODA
445,0.8546334,103.69993,1752.0,3,0,16,1,BrainInvaders2014a,PARAFACDA
446,0.8579738,178.13646,1752.0,3,0,16,1,BrainInvaders2014a,BTTDA
447,0.8762115,147.3057,768.0,4,0,16,1,BrainInvaders2014a,HODA
448,0.8870673,92.72738,768.0,4,0,16,1,BrainInvaders2014a,PARAFACDA
449,0.8672524,174.44455,768.0,4,0,16,1,BrainInvaders2014a,BTTDA
450,0.7100457,138.24686,744.0,5,0,16,1,BrainInvaders2014a,HODA
451,0.8088199,85.24636,744.0,5,0,16,1,BrainInvaders2014a,PARAFACDA
452,0.85112906,181.8368,744.0,5,0,16,1,BrainInvaders2014a,BTTDA
453,0.97374517,145.47,444.0,6,0,16,1,BrainInvaders2014a,HODA
454,0.98172456,72.50147,444.0,6,0,16,1,BrainInvaders2014a,PARAFACDA
455,0.9787001,177.41943,444.0,6,0,16,1,BrainInvaders2014a,BTTDA
456,0.85120946,136.23572,1356.0,7,0,16,1,BrainInvaders2014a,HODA
457,0.8899457,84.285675,1356.0,7,0,16,1,BrainInvaders2014a,PARAFACDA
458,0.89531446,177.45145,1356.0,7,0,16,1,BrainInvaders2014a,BTTDA
459,0.9533964,151.68494,504.0,8,0,16,1,BrainInvaders2014a,HODA
460,0.9713673,77.864876,504.0,8,0,16,1,BrainInvaders2014a,PARAFACDA
461,0.968146,174.16464,504.0,8,0,16,1,BrainInvaders2014a,BTTDA
462,0.77840793,147.7364,1284.0,9,0,16,1,BrainInvaders2014a,HODA
463,0.8076686,90.73612,1284.0,9,0,16,1,BrainInvaders2014a,PARAFACDA
464,0.83396983,176.68228,1284.0,9,0,16,1,BrainInvaders2014a,BTTDA
465,0.91818184,141.95564,660.0,10,0,16,1,BrainInvaders2014a,HODA
466,0.92735535,82.60113,660.0,10,0,16,1,BrainInvaders2014a,PARAFACDA
467,0.9309917,173.956,660.0,10,0,16,1,BrainInvaders2014a,BTTDA
468,0.8427778,133.063,720.0,11,0,16,1,BrainInvaders2014a,HODA
469,0.8629861,102.623055,720.0,11,0,16,1,BrainInvaders2014a,PARAFACDA
470,0.8564583,176.23637,720.0,11,0,16,1,BrainInvaders2014a,BTTDA
471,0.8201634,149.13667,972.0,12,0,16,1,BrainInvaders2014a,HODA
472,0.8163218,102.37229,972.0,12,0,16,1,BrainInvaders2014a,PARAFACDA
473,0.83287156,176.00851,972.0,12,0,16,1,BrainInvaders2014a,BTTDA
474,0.9184182,149.45178,492.0,13,0,16,1,BrainInvaders2014a,HODA
475,0.9371144,92.03153,492.0,13,0,16,1,BrainInvaders2014a,PARAFACDA
476,0.938325,176.04164,492.0,13,0,16,1,BrainInvaders2014a,BTTDA
477,0.9290709,155.25017,588.0,14,0,16,1,BrainInvaders2014a,HODA
478,0.9455102,99.499626,588.0,14,0,16,1,BrainInvaders2014a,PARAFACDA
479,0.9443985,173.2638,588.0,14,0,16,1,BrainInvaders2014a,BTTDA
480,0.922286,144.98975,924.0,15,0,16,1,BrainInvaders2014a,HODA
481,0.928584,89.821075,924.0,15,0,16,1,BrainInvaders2014a,PARAFACDA
482,0.9310809,173.6878,924.0,15,0,16,1,BrainInvaders2014a,BTTDA
483,0.90452594,148.01793,708.0,16,0,16,1,BrainInvaders2014a,HODA
484,0.9508229,95.553925,708.0,16,0,16,1,BrainInvaders2014a,PARAFACDA
485,0.9411754,173.19736,708.0,16,0,16,1,BrainInvaders2014a,BTTDA
486,0.83531743,149.99509,1056.0,17,0,16,1,BrainInvaders2014a,HODA
487,0.8729969,88.433914,1056.0,17,0,16,1,BrainInvaders2014a,PARAFACDA
488,0.8774576,178.24208,1056.0,17,0,16,1,BrainInvaders2014a,BTTDA
489,0.8160176,149.90584,984.0,18,0,16,1,BrainInvaders2014a,HODA
490,0.847964,91.65665,984.0,18,0,16,1,BrainInvaders2014a,PARAFACDA
491,0.85262036,175.8074,984.0,18,0,16,1,BrainInvaders2014a,BTTDA
492,0.8904239,144.57516,972.0,19,0,16,1,BrainInvaders2014a,HODA
493,0.9300365,103.3059,972.0,19,0,16,1,BrainInvaders2014a,PARAFACDA
494,0.9314265,177.53311,972.0,19,0,16,1,BrainInvaders2014a,BTTDA
495,0.9366803,134.2527,648.0,20,0,16,1,BrainInvaders2014a,HODA
496,0.95709074,90.30196,648.0,20,0,16,1,BrainInvaders2014a,PARAFACDA
497,0.9613075,175.60172,648.0,20,0,16,1,BrainInvaders2014a,BTTDA
498,0.8207929,137.85336,984.0,21,0,16,1,BrainInvaders2014a,HODA
499,0.85759306,89.00194,984.0,21,0,16,1,BrainInvaders2014a,PARAFACDA
500,0.86869574,172.85924,984.0,21,0,16,1,BrainInvaders2014a,BTTDA
501,0.917,149.05736,600.0,22,0,16,1,BrainInvaders2014a,HODA
502,0.9418,95.69611,600.0,22,0,16,1,BrainInvaders2014a,PARAFACDA
503,0.9344,176.20894,600.0,22,0,16,1,BrainInvaders2014a,BTTDA
504,0.97083175,143.93266,804.0,23,0,16,1,BrainInvaders2014a,HODA
505,0.97417825,109.04409,804.0,23,0,16,1,BrainInvaders2014a,PARAFACDA
506,0.9749755,174.1641,804.0,23,0,16,1,BrainInvaders2014a,BTTDA
507,0.8988889,136.05457,540.0,24,0,16,1,BrainInvaders2014a,HODA
508,0.89469135,87.287094,540.0,24,0,16,1,BrainInvaders2014a,PARAFACDA
509,0.9222222,175.27449,540.0,24,0,16,1,BrainInvaders2014a,BTTDA
510,0.9087,146.91405,600.0,25,0,16,1,BrainInvaders2014a,HODA
511,0.9489,83.597435,600.0,25,0,16,1,BrainInvaders2014a,PARAFACDA
512,0.9499,172.37784,600.0,25,0,16,1,BrainInvaders2014a,BTTDA
513,0.98408717,145.35046,996.0,26,0,16,1,BrainInvaders2014a,HODA
514,0.9869768,78.58061,996.0,26,0,16,1,BrainInvaders2014a,PARAFACDA
515,0.98790777,175.9684,996.0,26,0,16,1,BrainInvaders2014a,BTTDA
516,0.8908097,19.01051,864.0,27,0,16,1,BrainInvaders2014a,HODA
517,0.93761975,35.57891,864.0,27,0,16,1,BrainInvaders2014a,PARAFACDA
518,0.94168204,172.24672,864.0,27,0,16,1,BrainInvaders2014a,BTTDA
519,0.9059432,136.12885,624.0,28,0,16,1,BrainInvaders2014a,HODA
520,0.932207,31.624819,624.0,28,0,16,1,BrainInvaders2014a,PARAFACDA
521,0.9213141,169.36102,624.0,28,0,16,1,BrainInvaders2014a,BTTDA
522,0.7809641,136.69939,1380.0,29,0,16,1,BrainInvaders2014a,HODA
523,0.8287902,31.65741,1380.0,29,0,16,1,BrainInvaders2014a,PARAFACDA
524,0.8287713,173.44199,1380.0,29,0,16,1,BrainInvaders2014a,BTTDA
525,0.9743683,137.0303,744.0,30,0,16,1,BrainInvaders2014a,HODA
526,0.98494357,30.895433,744.0,30,0,16,1,BrainInvaders2014a,PARAFACDA
527,0.98720163,169.24503,744.0,30,0,16,1,BrainInvaders2014a,BTTDA
528,0.8389661,158.09845,1308.0,31,0,16,1,BrainInvaders2014a,HODA
529,0.89366335,109.008026,1308.0,31,0,16,1,BrainInvaders2014a,PARAFACDA
530,0.9025317,177.39545,1308.0,31,0,16,1,BrainInvaders2014a,BTTDA
531,0.99696106,144.11548,792.0,32,0,16,1,BrainInvaders2014a,HODA
532,0.996169,93.04105,792.0,32,0,16,1,BrainInvaders2014a,PARAFACDA
533,0.99696106,173.4487,792.0,32,0,16,1,BrainInvaders2014a,BTTDA
534,0.778135,143.19952,1092.0,33,0,16,1,BrainInvaders2014a,HODA
535,0.81415373,111.757,1092.0,33,0,16,1,BrainInvaders2014a,PARAFACDA
536,0.8256163,184.10771,1092.0,33,0,16,1,BrainInvaders2014a,BTTDA
537,0.77598,146.87485,897.0,34,0,16,1,BrainInvaders2014a,HODA
538,0.77855986,84.216385,897.0,34,0,16,1,BrainInvaders2014a,PARAFACDA
539,0.77467203,177.98515,897.0,34,0,16,1,BrainInvaders2014a,BTTDA
540,0.77000475,145.52954,876.0,35,0,16,1,BrainInvaders2014a,HODA
541,0.86892456,96.10284,876.0,35,0,16,1,BrainInvaders2014a,PARAFACDA
542,0.8668635,176.82709,876.0,35,0,16,1,BrainInvaders2014a,BTTDA
543,0.6857476,145.38007,768.0,36,0,16,1,BrainInvaders2014a,HODA
544,0.7809856,88.60543,768.0,36,0,16,1,BrainInvaders2014a,PARAFACDA
545,0.78985095,176.20135,768.0,36,0,16,1,BrainInvaders2014a,BTTDA
546,0.8475101,140.45149,888.0,37,0,16,1,BrainInvaders2014a,HODA
547,0.8393616,102.799805,888.0,37,0,16,1,BrainInvaders2014a,PARAFACDA
548,0.84192294,174.27992,888.0,37,0,16,1,BrainInvaders2014a,BTTDA
549,0.8297524,151.39236,972.0,38,0,16,1,BrainInvaders2014a,HODA
550,0.8732744,98.21583,972.0,38,0,16,1,BrainInvaders2014a,PARAFACDA
551,0.8875935,176.77727,972.0,38,0,16,1,BrainInvaders2014a,BTTDA
552,0.8796335,144.54951,828.0,39,0,16,1,BrainInvaders2014a,HODA
553,0.9269343,105.339554,828.0,39,0,16,1,BrainInvaders2014a,PARAFACDA
554,0.93241507,175.67143,828.0,39,0,16,1,BrainInvaders2014a,BTTDA
555,0.89409935,144.56651,672.0,40,0,16,1,BrainInvaders2014a,HODA
556,0.8956098,102.45024,672.0,40,0,16,1,BrainInvaders2014a,PARAFACDA
557,0.88744,173.14629,672.0,40,0,16,1,BrainInvaders2014a,BTTDA
558,0.73061985,144.24666,972.0,41,0,16,1,BrainInvaders2014a,HODA
559,0.78597784,120.48879,972.0,41,0,16,1,BrainInvaders2014a,PARAFACDA
560,0.81194234,179.43785,972.0,41,0,16,1,BrainInvaders2014a,BTTDA
561,0.77860194,148.02313,576.0,42,0,16,1,BrainInvaders2014a,HODA
562,0.80333334,85.34279,576.0,42,0,16,1,BrainInvaders2014a,PARAFACDA
563,0.8267105,173.55171,576.0,42,0,16,1,BrainInvaders2014a,BTTDA
564,0.9021195,140.8662,612.0,43,0,16,1,BrainInvaders2014a,HODA
565,0.9253828,79.07707,612.0,43,0,16,1,BrainInvaders2014a,PARAFACDA
566,0.9203408,173.47797,612.0,43,0,16,1,BrainInvaders2014a,BTTDA
567,0.82869995,138.89996,708.0,44,0,16,1,BrainInvaders2014a,HODA
568,0.8605533,71.459816,708.0,44,0,16,1,BrainInvaders2014a,PARAFACDA
569,0.86709654,175.85884,708.0,44,0,16,1,BrainInvaders2014a,BTTDA
570,0.7607247,144.61884,1236.0,45,0,16,1,BrainInvaders2014a,HODA
571,0.8321646,99.62547,1236.0,45,0,16,1,BrainInvaders2014a,PARAFACDA
572,0.83288795,179.66699,1236.0,45,0,16,1,BrainInvaders2014a,BTTDA
573,0.8317515,146.03375,1224.0,46,0,16,1,BrainInvaders2014a,HODA
574,0.8538642,103.791306,1224.0,46,0,16,1,BrainInvaders2014a,PARAFACDA
575,0.8589712,181.42322,1224.0,46,0,16,1,BrainInvaders2014a,BTTDA
576,0.79543704,148.17337,1188.0,47,0,16,1,BrainInvaders2014a,HODA
577,0.85158765,84.85211,1188.0,47,0,16,1,BrainInvaders2014a,PARAFACDA
578,0.8506164,181.08559,1188.0,47,0,16,1,BrainInvaders2014a,BTTDA
579,0.67156243,151.3402,1188.0,48,0,16,1,BrainInvaders2014a,HODA
580,0.7674527,128.79062,1188.0,48,0,16,1,BrainInvaders2014a,PARAFACDA
581,0.79099715,183.77386,1188.0,48,0,16,1,BrainInvaders2014a,BTTDA
582,0.84795725,149.47566,1392.0,49,0,16,1,BrainInvaders2014a,HODA
583,0.8629565,97.44803,1392.0,49,0,16,1,BrainInvaders2014a,PARAFACDA
584,0.88340694,178.74384,1392.0,49,0,16,1,BrainInvaders2014a,BTTDA
585,0.8812667,150.07735,1332.0,50,0,16,1,BrainInvaders2014a,HODA
586,0.91633224,98.32007,1332.0,50,0,16,1,BrainInvaders2014a,PARAFACDA
587,0.919186,176.15033,1332.0,50,0,16,1,BrainInvaders2014a,BTTDA
588,0.83655053,116.482185,1524.0,51,0,16,1,BrainInvaders2014a,HODA
589,0.88538986,78.46046,1524.0,51,0,16,1,BrainInvaders2014a,PARAFACDA
590,0.8758274,187.87856,1524.0,51,0,16,1,BrainInvaders2014a,BTTDA
591,0.49629796,119.53536,861.0,52,0,16,1,BrainInvaders2014a,HODA
592,0.50756174,74.7076,861.0,52,0,16,1,BrainInvaders2014a,PARAFACDA
593,0.5177535,178.15593,861.0,52,0,16,1,BrainInvaders2014a,BTTDA
594,0.7647038,59.525715,1572.0,53,0,16,1,BrainInvaders2014a,HODA
595,0.77136546,79.18943,1572.0,53,0,16,1,BrainInvaders2014a,PARAFACDA
596,0.7742034,178.5664,1572.0,53,0,16,1,BrainInvaders2014a,BTTDA
597,0.8048688,70.04879,984.0,54,0,16,1,BrainInvaders2014a,HODA
598,0.88034576,71.023994,984.0,54,0,16,1,BrainInvaders2014a,PARAFACDA
599,0.8904564,174.0852,984.0,54,0,16,1,BrainInvaders2014a,BTTDA
600,0.96938914,70.732185,1296.0,55,0,16,1,BrainInvaders2014a,HODA
601,0.97180086,65.58552,1296.0,55,0,16,1,BrainInvaders2014a,PARAFACDA
602,0.96938914,174.9329,1296.0,55,0,16,1,BrainInvaders2014a,BTTDA
603,0.9063964,34.10547,1272.0,56,0,16,1,BrainInvaders2014a,HODA
604,0.89765614,82.555046,1272.0,56,0,16,1,BrainInvaders2014a,PARAFACDA
605,0.90962094,175.51855,1272.0,56,0,16,1,BrainInvaders2014a,BTTDA
606,0.87949485,55.75715,1454.0,57,0,16,1,BrainInvaders2014a,HODA
607,0.92967165,53.87041,1454.0,57,0,16,1,BrainInvaders2014a,PARAFACDA
608,0.92417526,118.15775,1454.0,57,0,16,1,BrainInvaders2014a,BTTDA
609,0.865,57.750744,720.0,58,0,16,1,BrainInvaders2014a,HODA
610,0.9099305,65.102264,720.0,58,0,16,1,BrainInvaders2014a,PARAFACDA
611,0.8932639,177.97287,720.0,58,0,16,1,BrainInvaders2014a,BTTDA
612,0.942979,59.395878,684.0,59,0,16,1,BrainInvaders2014a,HODA
613,0.94843286,74.79923,684.0,59,0,16,1,BrainInvaders2014a,PARAFACDA
614,0.94272244,174.6931,684.0,59,0,16,1,BrainInvaders2014a,BTTDA
615,0.9371493,72.82949,792.0,60,0,16,1,BrainInvaders2014a,HODA
616,0.9520224,59.97254,792.0,60,0,16,1,BrainInvaders2014a,PARAFACDA
617,0.9534361,174.59666,792.0,60,0,16,1,BrainInvaders2014a,BTTDA
618,0.7720845,56.000027,1368.0,61,0,16,1,BrainInvaders2014a,HODA
619,0.7825782,64.94677,1368.0,61,0,16,1,BrainInvaders2014a,PARAFACDA
620,0.80344605,178.76659,1368.0,61,0,16,1,BrainInvaders2014a,BTTDA
621,0.5299733,63.491455,1367.0,62,0,16,1,BrainInvaders2014a,HODA
622,0.5332219,79.230896,1367.0,62,0,16,1,BrainInvaders2014a,PARAFACDA
623,0.56327784,176.40727,1367.0,62,0,16,1,BrainInvaders2014a,BTTDA
624,0.52795917,64.70635,420.0,63,0,16,1,BrainInvaders2014a,HODA
625,0.6689796,67.24134,420.0,63,0,16,1,BrainInvaders2014a,PARAFACDA
626,0.6634694,168.03728,420.0,63,0,16,1,BrainInvaders2014a,BTTDA
627,0.7764098,40.305073,1788.0,64,0,16,1,BrainInvaders2014a,HODA
628,0.8215398,74.99546,1788.0,64,0,16,1,BrainInvaders2014a,PARAFACDA
629,0.8169137,181.5619,1788.0,64,0,16,1,BrainInvaders2014a,BTTDA
630,0.91375,56.90297,240.0,1,0,32,1,BrainInvaders2014b,HODA
631,0.9625,58.672188,240.0,1,0,32,1,BrainInvaders2014b,PARAFACDA
632,0.981875,111.798805,240.0,1,0,32,1,BrainInvaders2014b,BTTDA
633,0.96031743,83.08913,252.0,2,0,32,1,BrainInvaders2014b,HODA
634,0.960582,77.27219,252.0,2,0,32,1,BrainInvaders2014b,PARAFACDA
635,0.95496035,113.421936,252.0,2,0,32,1,BrainInvaders2014b,BTTDA
636,0.8049275,89.26834,276.0,3,0,32,1,BrainInvaders2014b,HODA
637,0.92289853,40.095497,276.0,3,0,32,1,BrainInvaders2014b,PARAFACDA
638,0.9225604,122.08353,276.0,3,0,32,1,BrainInvaders2014b,BTTDA
639,0.72583014,69.55188,444.0,4,0,32,1,BrainInvaders2014b,HODA
640,0.8218533,86.90785,444.0,4,0,32,1,BrainInvaders2014b,PARAFACDA
641,0.86173743,114.44063,444.0,4,0,32,1,BrainInvaders2014b,BTTDA
642,0.9037067,80.12413,336.0,5,0,32,1,BrainInvaders2014b,HODA
643,0.86636907,69.20239,336.0,5,0,32,1,BrainInvaders2014b,PARAFACDA
644,0.89136904,120.01008,336.0,5,0,32,1,BrainInvaders2014b,BTTDA
645,0.9635913,64.57615,216.0,6,0,32,1,BrainInvaders2014b,HODA
646,0.98948413,77.26555,216.0,6,0,32,1,BrainInvaders2014b,PARAFACDA
647,0.98650795,121.599884,216.0,6,0,32,1,BrainInvaders2014b,BTTDA
648,0.87946427,97.27827,192.0,7,0,32,1,BrainInvaders2014b,HODA
649,0.9224702,64.124115,192.0,7,0,32,1,BrainInvaders2014b,PARAFACDA
650,0.93883926,122.224556,192.0,7,0,32,1,BrainInvaders2014b,BTTDA
651,0.9792857,73.989746,168.0,8,0,32,1,BrainInvaders2014b,HODA
652,0.96809524,61.409924,168.0,8,0,32,1,BrainInvaders2014b,PARAFACDA
653,0.99523807,110.73005,168.0,8,0,32,1,BrainInvaders2014b,BTTDA
654,0.94083333,77.053925,144.0,9,0,32,1,BrainInvaders2014b,HODA
655,0.8958333,53.115116,144.0,9,0,32,1,BrainInvaders2014b,PARAFACDA
656,0.9125,118.93141,144.0,9,0,32,1,BrainInvaders2014b,BTTDA
657,0.88546294,87.628365,288.0,10,0,32,1,BrainInvaders2014b,HODA
658,0.8662963,90.155655,288.0,10,0,32,1,BrainInvaders2014b,PARAFACDA
659,0.8837963,119.02115,288.0,10,0,32,1,BrainInvaders2014b,BTTDA
660,0.94494045,68.07017,216.0,11,0,32,1,BrainInvaders2014b,HODA
661,0.8984127,41.017136,216.0,11,0,32,1,BrainInvaders2014b,PARAFACDA
662,0.94107145,111.871056,216.0,11,0,32,1,BrainInvaders2014b,BTTDA
663,0.70535713,89.73309,192.0,12,0,32,1,BrainInvaders2014b,HODA
664,0.83169645,108.12136,192.0,12,0,32,1,BrainInvaders2014b,PARAFACDA
665,0.86815476,116.08847,192.0,12,0,32,1,BrainInvaders2014b,BTTDA
666,0.929375,91.48546,240.0,13,0,32,1,BrainInvaders2014b,HODA
667,0.9775,106.25414,240.0,13,0,32,1,BrainInvaders2014b,PARAFACDA
668,0.978125,116.051384,240.0,13,0,32,1,BrainInvaders2014b,BTTDA
669,0.85503244,86.00065,336.0,14,0,32,1,BrainInvaders2014b,HODA
670,0.9118236,113.43957,336.0,14,0,32,1,BrainInvaders2014b,PARAFACDA
671,0.90998375,117.64049,336.0,14,0,32,1,BrainInvaders2014b,BTTDA
672,0.9528,84.08648,300.0,15,0,32,1,BrainInvaders2014b,HODA
673,0.9132,110.65062,300.0,15,0,32,1,BrainInvaders2014b,PARAFACDA
674,0.9476,116.83506,300.0,15,0,32,1,BrainInvaders2014b,BTTDA
675,0.94285715,86.011086,192.0,16,0,32,1,BrainInvaders2014b,HODA
676,0.94955355,84.04603,192.0,16,0,32,1,BrainInvaders2014b,PARAFACDA
677,0.96130955,120.48958,192.0,16,0,32,1,BrainInvaders2014b,BTTDA
678,0.9047619,88.632256,252.0,17,0,32,1,BrainInvaders2014b,HODA
679,0.90515876,89.1291,252.0,17,0,32,1,BrainInvaders2014b,PARAFACDA
680,0.9528439,118.850174,252.0,17,0,32,1,BrainInvaders2014b,BTTDA
681,0.9519841,83.252975,252.0,18,0,32,1,BrainInvaders2014b,HODA
682,0.94662696,86.457535,252.0,18,0,32,1,BrainInvaders2014b,PARAFACDA
683,0.93273807,119.37321,252.0,18,0,32,1,BrainInvaders2014b,BTTDA
684,0.9549812,75.99426,228.0,19,0,32,1,BrainInvaders2014b,HODA
685,0.95526314,79.41127,228.0,19,0,32,1,BrainInvaders2014b,PARAFACDA
686,0.9736842,121.78027,228.0,19,0,32,1,BrainInvaders2014b,BTTDA
687,0.80763286,95.346176,276.0,20,0,32,1,BrainInvaders2014b,HODA
688,0.83763283,86.77876,276.0,20,0,32,1,BrainInvaders2014b,PARAFACDA
689,0.9144927,118.79853,276.0,20,0,32,1,BrainInvaders2014b,BTTDA
690,0.8630952,83.354546,192.0,21,0,32,1,BrainInvaders2014b,HODA
691,0.81041664,86.55934,192.0,21,0,32,1,BrainInvaders2014b,PARAFACDA
692,0.87366074,117.43728,192.0,21,0,32,1,BrainInvaders2014b,BTTDA
693,0.89179486,92.05379,156.0,22,0,32,1,BrainInvaders2014b,HODA
694,0.9548718,69.53076,156.0,22,0,32,1,BrainInvaders2014b,PARAFACDA
695,0.9533333,121.789734,156.0,22,0,32,1,BrainInvaders2014b,BTTDA
696,0.89315474,61.353355,192.0,23,0,32,1,BrainInvaders2014b,HODA
697,0.9247024,42.160503,192.0,23,0,32,1,BrainInvaders2014b,PARAFACDA
698,0.93511903,119.73153,192.0,23,0,32,1,BrainInvaders2014b,BTTDA
699,0.9329132,84.330956,204.0,24,0,32,1,BrainInvaders2014b,HODA
700,0.94509804,71.230225,204.0,24,0,32,1,BrainInvaders2014b,PARAFACDA
701,0.94719887,116.9565,204.0,24,0,32,1,BrainInvaders2014b,BTTDA
702,0.81806725,82.61515,204.0,25,0,32,1,BrainInvaders2014b,HODA
703,0.86162466,51.14284,204.0,25,0,32,1,BrainInvaders2014b,PARAFACDA
704,0.8990196,121.211914,204.0,25,0,32,1,BrainInvaders2014b,BTTDA
705,0.7430537,63.448444,516.0,26,0,32,1,BrainInvaders2014b,HODA
706,0.79726404,95.92536,516.0,26,0,32,1,BrainInvaders2014b,PARAFACDA
707,0.84866244,124.761765,516.0,26,0,32,1,BrainInvaders2014b,BTTDA
708,0.91834736,78.68713,204.0,27,0,32,1,BrainInvaders2014b,HODA
709,0.88669467,43.051323,204.0,27,0,32,1,BrainInvaders2014b,PARAFACDA
710,0.9107843,121.1015,204.0,27,0,32,1,BrainInvaders2014b,BTTDA
711,0.9307692,64.68164,156.0,28,0,32,1,BrainInvaders2014b,HODA
712,0.9125641,60.157192,156.0,28,0,32,1,BrainInvaders2014b,PARAFACDA
713,0.9076923,122.67796,156.0,28,0,32,1,BrainInvaders2014b,BTTDA
714,0.8801587,73.44914,216.0,29,0,32,1,BrainInvaders2014b,HODA
715,0.93789685,90.07611,216.0,29,0,32,1,BrainInvaders2014b,PARAFACDA
716,0.95555556,115.50957,216.0,29,0,32,1,BrainInvaders2014b,BTTDA
717,0.9288889,72.602905,180.0,30,0,32,1,BrainInvaders2014b,HODA
718,0.9288889,29.49103,180.0,30,0,32,1,BrainInvaders2014b,PARAFACDA
719,0.92333335,122.8214,180.0,30,0,32,1,BrainInvaders2014b,BTTDA
720,0.9137566,102.20861,252.0,31,0,32,1,BrainInvaders2014b,HODA
721,0.94775134,90.08523,252.0,31,0,32,1,BrainInvaders2014b,PARAFACDA
722,0.96362436,112.3792,252.0,31,0,32,1,BrainInvaders2014b,BTTDA
723,0.893703,71.06728,228.0,32,0,32,1,BrainInvaders2014b,HODA
724,0.9593985,87.90438,228.0,32,0,32,1,BrainInvaders2014b,PARAFACDA
725,0.95780075,117.01296,228.0,32,0,32,1,BrainInvaders2014b,BTTDA
726,0.8328283,73.34093,264.0,33,0,32,1,BrainInvaders2014b,HODA
727,0.79886365,90.16114,264.0,33,0,32,1,BrainInvaders2014b,PARAFACDA
728,0.84955806,122.15836,264.0,33,0,32,1,BrainInvaders2014b,BTTDA
729,0.8695437,83.211,216.0,34,0,32,1,BrainInvaders2014b,HODA
730,0.86071426,83.69353,216.0,34,0,32,1,BrainInvaders2014b,PARAFACDA
731,0.85049605,120.849625,216.0,34,0,32,1,BrainInvaders2014b,BTTDA
732,0.45410052,96.47414,252.0,35,0,32,1,BrainInvaders2014b,HODA
733,0.46230158,56.062046,252.0,35,0,32,1,BrainInvaders2014b,PARAFACDA
734,0.52242064,111.15074,252.0,35,0,32,1,BrainInvaders2014b,BTTDA
735,0.546,85.25284,300.0,36,0,32,1,BrainInvaders2014b,HODA
736,0.592,97.94689,300.0,36,0,32,1,BrainInvaders2014b,PARAFACDA
737,0.5908,119.05107,300.0,36,0,32,1,BrainInvaders2014b,BTTDA
738,0.8127645,70.10336,252.0,37,0,32,1,BrainInvaders2014b,HODA
739,0.88796294,83.572716,252.0,37,0,32,1,BrainInvaders2014b,PARAFACDA
740,0.91785717,115.54451,252.0,37,0,32,1,BrainInvaders2014b,BTTDA
741,0.8569231,98.2884,156.0,38,0,32,1,BrainInvaders2014b,HODA
742,0.85820514,35.13288,156.0,38,0,32,1,BrainInvaders2014b,PARAFACDA
743,0.8392308,114.75704,156.0,38,0,32,1,BrainInvaders2014b,BTTDA
744,0.8178662,90.29547,2574.0,1,0,32,3,BrainInvaders2015a,HODA
745,0.8101614,77.11819,1659.0,1,1,32,3,BrainInvaders2015a,HODA
746,0.78170514,53.34846,723.0,1,2,32,3,BrainInvaders2015a,HODA
747,0.8583919,109.340576,2574.0,1,0,32,3,BrainInvaders2015a,PARAFACDA
748,0.84023905,45.324753,1659.0,1,1,32,3,BrainInvaders2015a,PARAFACDA
749,0.7413889,53.384815,723.0,1,2,32,3,BrainInvaders2015a,PARAFACDA
750,0.85958624,212.00928,2574.0,1,0,32,3,BrainInvaders2015a,BTTDA
751,0.8482146,107.87869,1659.0,1,1,32,3,BrainInvaders2015a,BTTDA
752,0.75087523,25.635778,723.0,1,2,32,3,BrainInvaders2015a,BTTDA
753,0.9282906,139.2855,468.0,2,0,32,3,BrainInvaders2015a,HODA
754,0.9156624,6.7954726,468.0,2,1,32,3,BrainInvaders2015a,HODA
755,0.95370066,5.529704,576.0,2,2,32,3,BrainInvaders2015a,HODA
756,0.9283974,96.47597,468.0,2,0,32,3,BrainInvaders2015a,PARAFACDA
757,0.9250641,59.1057,468.0,2,1,32,3,BrainInvaders2015a,PARAFACDA
758,0.9372862,35.273907,576.0,2,2,32,3,BrainInvaders2015a,PARAFACDA
759,0.9402885,197.49161,468.0,2,0,32,3,BrainInvaders2015a,BTTDA
760,0.9515278,93.70184,468.0,2,1,32,3,BrainInvaders2015a,BTTDA
761,0.9604989,49.806934,576.0,2,2,32,3,BrainInvaders2015a,BTTDA
762,0.9661111,84.23083,360.0,3,0,32,3,BrainInvaders2015a,HODA
763,0.9771717,64.96259,324.0,3,1,32,3,BrainInvaders2015a,HODA
764,0.97888887,5.3683834,360.0,3,2,32,3,BrainInvaders2015a,HODA
765,0.96666664,76.53415,360.0,3,0,32,3,BrainInvaders2015a,PARAFACDA
766,0.97979796,101.58104,324.0,3,1,32,3,BrainInvaders2015a,PARAFACDA
767,0.99083334,86.71261,360.0,3,2,32,3,BrainInvaders2015a,PARAFACDA
768,0.96666664,169.75739,360.0,3,0,32,3,BrainInvaders2015a,BTTDA
769,0.98922557,128.57469,324.0,3,1,32,3,BrainInvaders2015a,BTTDA
770,0.99,45.658756,360.0,3,2,32,3,BrainInvaders2015a,BTTDA
771,0.95973545,73.56367,432.0,4,0,32,3,BrainInvaders2015a,HODA
772,0.9455007,74.73032,504.0,4,1,32,3,BrainInvaders2015a,HODA
773,0.9573617,4.0385447,504.0,4,2,32,3,BrainInvaders2015a,HODA
774,0.9815476,72.90658,432.0,4,0,32,3,BrainInvaders2015a,PARAFACDA
775,0.9730917,50.96154,504.0,4,1,32,3,BrainInvaders2015a,PARAFACDA
776,0.9610907,30.876123,504.0,4,2,32,3,BrainInvaders2015a,PARAFACDA
777,0.9812169,182.10617,432.0,4,0,32,3,BrainInvaders2015a,BTTDA
778,0.9715599,106.70807,504.0,4,1,32,3,BrainInvaders2015a,BTTDA
779,0.9577556,46.442333,504.0,4,2,32,3,BrainInvaders2015a,BTTDA
780,0.93271166,93.54977,432.0,5,0,32,3,BrainInvaders2015a,HODA
781,0.9552614,33.85374,396.0,5,1,32,3,BrainInvaders2015a,HODA
782,0.94,13.159662,360.0,5,2,32,3,BrainInvaders2015a,HODA
783,0.93935186,88.15424,432.0,5,0,32,3,BrainInvaders2015a,PARAFACDA
784,0.9396437,54.57617,396.0,5,1,32,3,BrainInvaders2015a,PARAFACDA
785,0.97194445,37.8548,360.0,5,2,32,3,BrainInvaders2015a,PARAFACDA
786,0.9404497,175.05219,432.0,5,0,32,3,BrainInvaders2015a,BTTDA
787,0.95624375,118.68765,396.0,5,1,32,3,BrainInvaders2015a,BTTDA
788,0.97333336,38.510784,360.0,5,2,32,3,BrainInvaders2015a,BTTDA
789,0.91555554,85.41274,540.0,6,0,32,3,BrainInvaders2015a,HODA
790,0.90925926,48.773926,540.0,6,1,32,3,BrainInvaders2015a,HODA
791,0.8934874,4.860833,504.0,6,2,32,3,BrainInvaders2015a,HODA
792,0.93728393,104.60743,540.0,6,0,32,3,BrainInvaders2015a,PARAFACDA
793,0.9335802,37.591118,540.0,6,1,32,3,BrainInvaders2015a,PARAFACDA
794,0.9034489,41.87888,504.0,6,2,32,3,BrainInvaders2015a,PARAFACDA
795,0.9620988,198.31761,540.0,6,0,32,3,BrainInvaders2015a,BTTDA
796,0.9308642,88.63073,540.0,6,1,32,3,BrainInvaders2015a,BTTDA
797,0.9214811,47.83078,504.0,6,2,32,3,BrainInvaders2015a,BTTDA
798,0.95,140.14713,360.0,7,0,32,3,BrainInvaders2015a,HODA
799,0.9471032,11.974074,432.0,7,1,32,3,BrainInvaders2015a,HODA
800,0.9509788,4.241192,432.0,7,2,32,3,BrainInvaders2015a,HODA
801,0.9527778,86.23475,360.0,7,0,32,3,BrainInvaders2015a,PARAFACDA
802,0.95510584,61.998642,432.0,7,1,32,3,BrainInvaders2015a,PARAFACDA
803,0.9770106,33.489937,432.0,7,2,32,3,BrainInvaders2015a,PARAFACDA
804,0.9572222,179.81075,360.0,7,0,32,3,BrainInvaders2015a,BTTDA
805,0.9625926,100.63912,432.0,7,1,32,3,BrainInvaders2015a,BTTDA
806,0.97619045,47.451885,432.0,7,2,32,3,BrainInvaders2015a,BTTDA
807,0.90675926,87.84693,432.0,8,0,32,3,BrainInvaders2015a,HODA
808,0.8740284,54.501667,504.0,8,1,32,3,BrainInvaders2015a,HODA
809,0.9119353,5.657118,576.0,8,2,32,3,BrainInvaders2015a,HODA
810,0.93674606,99.50497,432.0,8,0,32,3,BrainInvaders2015a,PARAFACDA
811,0.9582458,45.999645,504.0,8,1,32,3,BrainInvaders2015a,PARAFACDA
812,0.96394736,48.635674,576.0,8,2,32,3,BrainInvaders2015a,PARAFACDA
813,0.9319709,214.79993,432.0,8,0,32,3,BrainInvaders2015a,BTTDA
814,0.96674544,83.94142,504.0,8,1,32,3,BrainInvaders2015a,BTTDA
815,0.9643147,44.011887,576.0,8,2,32,3,BrainInvaders2015a,BTTDA
816,0.8648148,112.53979,540.0,9,0,32,3,BrainInvaders2015a,HODA
817,0.86483514,24.223286,396.0,9,1,32,3,BrainInvaders2015a,HODA
818,0.92550784,22.232082,396.0,9,2,32,3,BrainInvaders2015a,HODA
819,0.9645679,47.41131,540.0,9,0,32,3,BrainInvaders2015a,PARAFACDA
820,0.9159507,95.19694,396.0,9,1,32,3,BrainInvaders2015a,PARAFACDA
821,0.9560606,27.822826,396.0,9,2,32,3,BrainInvaders2015a,PARAFACDA
822,0.9620988,204.83055,540.0,9,0,32,3,BrainInvaders2015a,BTTDA
823,0.92667335,92.36445,396.0,9,1,32,3,BrainInvaders2015a,BTTDA
824,0.9464702,38.845554,396.0,9,2,32,3,BrainInvaders2015a,BTTDA
825,0.9656229,130.4107,324.0,10,0,32,3,BrainInvaders2015a,HODA
826,0.9264735,14.672224,396.0,10,1,32,3,BrainInvaders2015a,HODA
827,0.96826506,5.1683917,396.0,10,2,32,3,BrainInvaders2015a,HODA
828,0.96232325,85.270325,324.0,10,0,32,3,BrainInvaders2015a,PARAFACDA
829,0.92925406,65.52502,396.0,10,1,32,3,BrainInvaders2015a,PARAFACDA
830,0.9556776,31.305738,396.0,10,2,32,3,BrainInvaders2015a,PARAFACDA
831,0.96569026,189.41121,324.0,10,0,32,3,BrainInvaders2015a,BTTDA
832,0.94528806,75.34375,396.0,10,1,32,3,BrainInvaders2015a,BTTDA
833,0.9505494,42.47832,396.0,10,2,32,3,BrainInvaders2015a,BTTDA
834,0.9718781,83.42436,396.0,11,0,32,3,BrainInvaders2015a,HODA
835,0.9356746,55.830822,432.0,11,1,32,3,BrainInvaders2015a,HODA
836,0.93105507,6.109211,612.0,11,2,32,3,BrainInvaders2015a,HODA
837,0.9617549,69.15437,396.0,11,0,32,3,BrainInvaders2015a,PARAFACDA
838,0.9661508,82.77675,432.0,11,1,32,3,BrainInvaders2015a,PARAFACDA
839,0.9404015,33.756847,612.0,11,2,32,3,BrainInvaders2015a,PARAFACDA
840,0.96719944,164.9536,396.0,11,0,32,3,BrainInvaders2015a,BTTDA
841,0.9715344,97.257385,432.0,11,1,32,3,BrainInvaders2015a,BTTDA
842,0.9438702,36.59072,612.0,11,2,32,3,BrainInvaders2015a,BTTDA
843,0.9000349,141.02487,936.0,12,0,32,3,BrainInvaders2015a,HODA
844,0.889491,4.065268,684.0,12,1,32,3,BrainInvaders2015a,HODA
845,0.8911158,6.1984954,612.0,12,2,32,3,BrainInvaders2015a,HODA
846,0.8897617,101.97291,936.0,12,0,32,3,BrainInvaders2015a,PARAFACDA
847,0.8848277,39.011166,684.0,12,1,32,3,BrainInvaders2015a,PARAFACDA
848,0.8793184,36.62247,612.0,12,2,32,3,BrainInvaders2015a,PARAFACDA
849,0.91157854,173.4321,936.0,12,0,32,3,BrainInvaders2015a,BTTDA
850,0.8904445,110.07393,684.0,12,1,32,3,BrainInvaders2015a,BTTDA
851,0.8913912,33.324993,612.0,12,2,32,3,BrainInvaders2015a,BTTDA
852,0.90802467,83.597694,540.0,13,0,32,3,BrainInvaders2015a,HODA
853,0.92041004,61.51593,432.0,13,1,32,3,BrainInvaders2015a,HODA
854,0.9214619,11.072613,396.0,13,2,32,3,BrainInvaders2015a,HODA
855,0.94382715,97.305756,540.0,13,0,32,3,BrainInvaders2015a,PARAFACDA
856,0.94535714,49.938637,432.0,13,1,32,3,BrainInvaders2015a,PARAFACDA
857,0.9461039,52.193745,396.0,13,2,32,3,BrainInvaders2015a,PARAFACDA
858,0.94135803,155.10014,540.0,13,0,32,3,BrainInvaders2015a,BTTDA
859,0.9616799,66.42667,432.0,13,1,32,3,BrainInvaders2015a,BTTDA
860,0.92257744,80.046524,396.0,13,2,32,3,BrainInvaders2015a,BTTDA
861,0.8151754,125.329185,576.0,14,0,32,3,BrainInvaders2015a,HODA
862,0.9258908,12.415843,396.0,14,1,32,3,BrainInvaders2015a,HODA
863,0.77723545,4.9106812,432.0,14,2,32,3,BrainInvaders2015a,HODA
864,0.8795724,83.418526,576.0,14,0,32,3,BrainInvaders2015a,PARAFACDA
865,0.9535298,65.650314,396.0,14,1,32,3,BrainInvaders2015a,PARAFACDA
866,0.85714287,36.568287,432.0,14,2,32,3,BrainInvaders2015a,PARAFACDA
867,0.90372807,196.05211,576.0,14,0,32,3,BrainInvaders2015a,BTTDA
868,0.9518648,97.72376,396.0,14,1,32,3,BrainInvaders2015a,BTTDA
869,0.9090079,52.004524,432.0,14,2,32,3,BrainInvaders2015a,BTTDA
870,0.9394444,115.36141,360.0,15,0,32,3,BrainInvaders2015a,HODA
871,0.9557609,34.28374,396.0,15,1,32,3,BrainInvaders2015a,HODA
872,0.9206495,5.6910086,504.0,15,2,32,3,BrainInvaders2015a,HODA
873,0.9111111,88.28908,360.0,15,0,32,3,BrainInvaders2015a,PARAFACDA
874,0.9389777,51.24812,396.0,15,1,32,3,BrainInvaders2015a,PARAFACDA
875,0.9333158,52.02679,504.0,15,2,32,3,BrainInvaders2015a,PARAFACDA
876,0.9522222,176.85934,360.0,15,0,32,3,BrainInvaders2015a,BTTDA
877,0.9574592,101.3423,396.0,15,1,32,3,BrainInvaders2015a,BTTDA
878,0.9460609,39.5873,504.0,15,2,32,3,BrainInvaders2015a,BTTDA
879,0.91285384,85.805,396.0,16,0,32,3,BrainInvaders2015a,HODA
880,0.94212455,46.06537,396.0,16,1,32,3,BrainInvaders2015a,HODA
881,0.92638886,9.140617,468.0,16,2,32,3,BrainInvaders2015a,HODA
882,0.94462204,52.861958,396.0,16,0,32,3,BrainInvaders2015a,PARAFACDA
883,0.93050283,79.75448,396.0,16,1,32,3,BrainInvaders2015a,PARAFACDA
884,0.93159187,50.33978,468.0,16,2,32,3,BrainInvaders2015a,PARAFACDA
885,0.94462204,168.83728,396.0,16,0,32,3,BrainInvaders2015a,BTTDA
886,0.9471029,79.7118,396.0,16,1,32,3,BrainInvaders2015a,BTTDA
887,0.94051284,40.382137,468.0,16,2,32,3,BrainInvaders2015a,BTTDA
888,0.91748834,77.78944,612.0,17,0,32,3,BrainInvaders2015a,HODA
889,0.9370635,70.88299,432.0,17,1,32,3,BrainInvaders2015a,HODA
890,0.8889364,3.3279858,576.0,17,2,32,3,BrainInvaders2015a,HODA
891,0.9221615,92.76724,612.0,17,0,32,3,BrainInvaders2015a,PARAFACDA
892,0.9410185,53.501003,432.0,17,1,32,3,BrainInvaders2015a,PARAFACDA
893,0.94093204,23.313622,576.0,17,2,32,3,BrainInvaders2015a,PARAFACDA
894,0.93235296,178.67119,612.0,17,0,32,3,BrainInvaders2015a,BTTDA
895,0.9392857,101.9951,432.0,17,1,32,3,BrainInvaders2015a,BTTDA
896,0.9372533,43.38048,576.0,17,2,32,3,BrainInvaders2015a,BTTDA
897,0.8957937,93.18704,432.0,18,0,32,3,BrainInvaders2015a,HODA
898,0.8684904,40.4594,684.0,18,1,32,3,BrainInvaders2015a,HODA
899,0.91378677,6.8736515,504.0,18,2,32,3,BrainInvaders2015a,HODA
900,0.8980291,93.39199,432.0,18,0,32,3,BrainInvaders2015a,PARAFACDA
901,0.9219541,74.45938,684.0,18,1,32,3,BrainInvaders2015a,PARAFACDA
902,0.89565825,89.69199,504.0,18,2,32,3,BrainInvaders2015a,PARAFACDA
903,0.9177116,180.81209,432.0,18,0,32,3,BrainInvaders2015a,BTTDA
904,0.9221656,114.88157,684.0,18,1,32,3,BrainInvaders2015a,BTTDA
905,0.9028011,39.019688,504.0,18,2,32,3,BrainInvaders2015a,BTTDA
906,0.9009876,79.879585,540.0,19,0,32,3,BrainInvaders2015a,HODA
907,0.94,69.59797,720.0,19,1,32,3,BrainInvaders2015a,HODA
908,0.91160494,3.499409,540.0,19,2,32,3,BrainInvaders2015a,HODA
909,0.8837037,89.91587,540.0,19,0,32,3,BrainInvaders2015a,PARAFACDA
910,0.9359028,48.128716,720.0,19,1,32,3,BrainInvaders2015a,PARAFACDA
911,0.89395064,21.989746,540.0,19,2,32,3,BrainInvaders2015a,PARAFACDA
912,0.8888889,167.8709,540.0,19,0,32,3,BrainInvaders2015a,BTTDA
913,0.94645834,119.913445,720.0,19,1,32,3,BrainInvaders2015a,BTTDA
914,0.91246915,43.98883,540.0,19,2,32,3,BrainInvaders2015a,BTTDA
915,0.9632937,83.021545,432.0,20,0,32,3,BrainInvaders2015a,HODA
916,0.9436555,57.98805,612.0,20,1,32,3,BrainInvaders2015a,HODA
917,0.9554989,16.124344,576.0,20,2,32,3,BrainInvaders2015a,HODA
918,0.96231484,81.93739,432.0,20,0,32,3,BrainInvaders2015a,PARAFACDA
919,0.9552101,83.71326,612.0,20,1,32,3,BrainInvaders2015a,PARAFACDA
920,0.957966,100.72111,576.0,20,2,32,3,BrainInvaders2015a,PARAFACDA
921,0.9712831,154.79994,432.0,20,0,32,3,BrainInvaders2015a,BTTDA
922,0.96328664,55.833607,612.0,20,1,32,3,BrainInvaders2015a,BTTDA
923,0.96492875,65.11415,576.0,20,2,32,3,BrainInvaders2015a,BTTDA
924,0.93833333,81.85799,360.0,21,0,32,3,BrainInvaders2015a,HODA
925,0.92489177,63.63084,396.0,21,1,32,3,BrainInvaders2015a,HODA
926,0.9557598,5.5010138,504.0,21,2,32,3,BrainInvaders2015a,HODA
927,0.9513889,102.907265,360.0,21,0,32,3,BrainInvaders2015a,PARAFACDA
928,0.9500999,44.76745,396.0,21,1,32,3,BrainInvaders2015a,PARAFACDA
929,0.9653186,41.42694,504.0,21,2,32,3,BrainInvaders2015a,PARAFACDA
930,0.95111114,185.33018,360.0,21,0,32,3,BrainInvaders2015a,BTTDA
931,0.96198803,95.14657,396.0,21,1,32,3,BrainInvaders2015a,BTTDA
932,0.9743435,48.43922,504.0,21,2,32,3,BrainInvaders2015a,BTTDA
933,0.9419468,118.05666,504.0,22,0,32,3,BrainInvaders2015a,HODA
934,0.90160495,13.514177,540.0,22,1,32,3,BrainInvaders2015a,HODA
935,0.8951852,9.46919,540.0,22,2,32,3,BrainInvaders2015a,HODA
936,0.93983716,94.939,504.0,22,0,32,3,BrainInvaders2015a,PARAFACDA
937,0.91901237,46.851757,540.0,22,1,32,3,BrainInvaders2015a,PARAFACDA
938,0.9439506,30.496744,540.0,22,2,32,3,BrainInvaders2015a,PARAFACDA
939,0.9447129,202.74796,504.0,22,0,32,3,BrainInvaders2015a,BTTDA
940,0.945679,91.585304,540.0,22,1,32,3,BrainInvaders2015a,BTTDA
941,0.9592593,46.83338,540.0,22,2,32,3,BrainInvaders2015a,BTTDA
942,0.91386557,76.787285,504.0,23,0,32,3,BrainInvaders2015a,HODA
943,0.8612745,76.766396,504.0,23,1,32,3,BrainInvaders2015a,HODA
944,0.89111114,4.2670913,360.0,23,2,32,3,BrainInvaders2015a,HODA
945,0.9178659,95.59594,504.0,23,0,32,3,BrainInvaders2015a,PARAFACDA
946,0.8674195,49.794643,504.0,23,1,32,3,BrainInvaders2015a,PARAFACDA
947,0.85694444,34.024574,360.0,23,2,32,3,BrainInvaders2015a,PARAFACDA
948,0.9148109,163.65414,504.0,23,0,32,3,BrainInvaders2015a,BTTDA
949,0.89125526,54.00375,504.0,23,1,32,3,BrainInvaders2015a,BTTDA
950,0.8894445,60.58668,360.0,23,2,32,3,BrainInvaders2015a,BTTDA
951,0.97505826,73.17508,396.0,24,0,32,3,BrainInvaders2015a,HODA
952,0.9675132,72.91254,432.0,24,1,32,3,BrainInvaders2015a,HODA
953,0.9727244,11.606966,468.0,24,2,32,3,BrainInvaders2015a,HODA
954,0.96721613,89.76676,396.0,24,0,32,3,BrainInvaders2015a,PARAFACDA
955,0.9623677,48.10898,432.0,24,1,32,3,BrainInvaders2015a,PARAFACDA
956,0.9655449,49.47569,468.0,24,2,32,3,BrainInvaders2015a,PARAFACDA
957,0.97692305,165.06235,396.0,24,0,32,3,BrainInvaders2015a,BTTDA
958,0.9592328,119.09302,432.0,24,1,32,3,BrainInvaders2015a,BTTDA
959,0.97215813,41.48511,468.0,24,2,32,3,BrainInvaders2015a,BTTDA
960,0.95205593,85.63546,576.0,25,0,32,3,BrainInvaders2015a,HODA
961,0.9207829,47.50518,936.0,25,1,32,3,BrainInvaders2015a,HODA
962,0.8876371,5.908614,576.0,25,2,32,3,BrainInvaders2015a,HODA
963,0.97292763,110.81482,576.0,25,0,32,3,BrainInvaders2015a,PARAFACDA
964,0.9475638,42.410255,936.0,25,1,32,3,BrainInvaders2015a,PARAFACDA
965,0.9129386,39.812813,576.0,25,2,32,3,BrainInvaders2015a,PARAFACDA
966,0.97696275,225.11447,576.0,25,0,32,3,BrainInvaders2015a,BTTDA
967,0.95916045,77.58721,936.0,25,1,32,3,BrainInvaders2015a,BTTDA
968,0.9311349,31.406115,576.0,25,2,32,3,BrainInvaders2015a,BTTDA
969,0.9280556,143.45352,360.0,26,0,32,3,BrainInvaders2015a,HODA
970,0.9722222,8.660633,360.0,26,1,32,3,BrainInvaders2015a,HODA
971,0.95341325,6.926692,396.0,26,2,32,3,BrainInvaders2015a,HODA
972,0.93722224,102.52352,360.0,26,0,32,3,BrainInvaders2015a,PARAFACDA
973,0.9602778,33.934826,360.0,26,1,32,3,BrainInvaders2015a,PARAFACDA
974,0.95521146,24.536098,396.0,26,2,32,3,BrainInvaders2015a,PARAFACDA
975,0.9688889,210.61797,360.0,26,0,32,3,BrainInvaders2015a,BTTDA
976,0.9575,80.815285,360.0,26,1,32,3,BrainInvaders2015a,BTTDA
977,0.9765901,41.939293,396.0,26,2,32,3,BrainInvaders2015a,BTTDA
978,0.8413465,130.87872,828.0,27,0,32,3,BrainInvaders2015a,HODA
979,0.80065584,13.205048,972.0,27,1,32,3,BrainInvaders2015a,HODA
980,0.8759017,13.239259,1044.0,27,2,32,3,BrainInvaders2015a,HODA
981,0.8778909,120.00933,828.0,27,0,32,3,BrainInvaders2015a,PARAFACDA
982,0.860412,48.200687,972.0,27,1,32,3,BrainInvaders2015a,PARAFACDA
983,0.9072597,100.1297,1044.0,27,2,32,3,BrainInvaders2015a,PARAFACDA
984,0.8983533,192.83675,828.0,27,0,32,3,BrainInvaders2015a,BTTDA
985,0.8781203,105.15528,972.0,27,1,32,3,BrainInvaders2015a,BTTDA
986,0.9159693,45.687626,1044.0,27,2,32,3,BrainInvaders2015a,BTTDA
987,0.874076,122.081116,684.0,28,0,32,3,BrainInvaders2015a,HODA
988,0.848591,13.275047,576.0,28,1,32,3,BrainInvaders2015a,HODA
989,0.91814816,8.55765,540.0,28,2,32,3,BrainInvaders2015a,HODA
990,0.85519034,114.17654,684.0,28,0,32,3,BrainInvaders2015a,PARAFACDA
991,0.88596493,39.060875,576.0,28,1,32,3,BrainInvaders2015a,PARAFACDA
992,0.89148146,42.709637,540.0,28,2,32,3,BrainInvaders2015a,PARAFACDA
993,0.8674849,178.31708,684.0,28,0,32,3,BrainInvaders2015a,BTTDA
994,0.8995943,89.72394,576.0,28,1,32,3,BrainInvaders2015a,BTTDA
995,0.93185186,33.25164,540.0,28,2,32,3,BrainInvaders2015a,BTTDA
996,0.85179275,66.583534,576.0,29,0,32,3,BrainInvaders2015a,HODA
997,0.8534568,77.522064,540.0,29,1,32,3,BrainInvaders2015a,HODA
998,0.9172222,2.5631793,720.0,29,2,32,3,BrainInvaders2015a,HODA
999,0.9104112,17.557837,576.0,29,0,32,3,BrainInvaders2015a,PARAFACDA
1000,0.92246914,132.78578,540.0,29,1,32,3,BrainInvaders2015a,PARAFACDA
1001,0.91805553,27.053038,720.0,29,2,32,3,BrainInvaders2015a,PARAFACDA
1002,0.943909,162.96582,576.0,29,0,32,3,BrainInvaders2015a,BTTDA
1003,0.9348148,48.14543,540.0,29,1,32,3,BrainInvaders2015a,BTTDA
1004,0.9413889,77.09076,720.0,29,2,32,3,BrainInvaders2015a,BTTDA
1005,0.94794613,91.81465,324.0,30,0,32,3,BrainInvaders2015a,HODA
1006,0.9650505,37.490044,324.0,30,1,32,3,BrainInvaders2015a,HODA
1007,0.94720536,5.1002903,324.0,30,2,32,3,BrainInvaders2015a,HODA
1008,0.9732997,25.832388,324.0,30,0,32,3,BrainInvaders2015a,PARAFACDA
1009,0.95363635,53.902325,324.0,30,1,32,3,BrainInvaders2015a,PARAFACDA
1010,0.97569025,62.406975,324.0,30,2,32,3,BrainInvaders2015a,PARAFACDA
1011,0.959899,145.50821,324.0,30,0,32,3,BrainInvaders2015a,BTTDA
1012,0.9591919,50.62238,324.0,30,1,32,3,BrainInvaders2015a,BTTDA
1013,0.9827273,99.654945,324.0,30,2,32,3,BrainInvaders2015a,BTTDA
1014,0.7421333,59.62975,900.0,31,0,32,3,BrainInvaders2015a,HODA
1015,0.7584432,88.708336,936.0,31,1,32,3,BrainInvaders2015a,HODA
1016,0.7844879,2.654831,864.0,31,2,32,3,BrainInvaders2015a,HODA
1017,0.8140889,46.190796,900.0,31,0,32,3,BrainInvaders2015a,PARAFACDA
1018,0.79336876,83.87529,936.0,31,1,32,3,BrainInvaders2015a,PARAFACDA
1019,0.8643165,27.7618,864.0,31,2,32,3,BrainInvaders2015a,PARAFACDA
1020,0.8329778,174.69257,900.0,31,0,32,3,BrainInvaders2015a,BTTDA
1021,0.79452676,86.413345,936.0,31,1,32,3,BrainInvaders2015a,BTTDA
1022,0.88316745,29.747011,864.0,31,2,32,3,BrainInvaders2015a,BTTDA
1023,0.82805556,20.858158,360.0,32,0,32,3,BrainInvaders2015a,HODA
1024,0.9224942,120.20414,396.0,32,1,32,3,BrainInvaders2015a,HODA
1025,0.93916667,2.9989612,360.0,32,2,32,3,BrainInvaders2015a,HODA
1026,0.89361113,29.21437,360.0,32,0,32,3,BrainInvaders2015a,PARAFACDA
1027,0.9271395,111.53515,396.0,32,1,32,3,BrainInvaders2015a,PARAFACDA
1028,0.955,21.89932,360.0,32,2,32,3,BrainInvaders2015a,PARAFACDA
1029,0.88861114,127.99572,360.0,32,0,32,3,BrainInvaders2015a,BTTDA
1030,0.9276723,40.506435,396.0,32,1,32,3,BrainInvaders2015a,BTTDA
1031,0.95916665,74.03719,360.0,32,2,32,3,BrainInvaders2015a,BTTDA
1032,0.91925925,89.031784,540.0,33,0,32,3,BrainInvaders2015a,HODA
1033,0.97502136,42.44733,468.0,33,1,32,3,BrainInvaders2015a,HODA
1034,0.93780637,6.5315523,504.0,33,2,32,3,BrainInvaders2015a,HODA
1035,0.924321,90.63785,540.0,33,0,32,3,BrainInvaders2015a,PARAFACDA
1036,0.97701925,50.18021,468.0,33,1,32,3,BrainInvaders2015a,PARAFACDA
1037,0.955007,44.043392,504.0,33,2,32,3,BrainInvaders2015a,PARAFACDA
1038,0.91123456,190.63284,540.0,33,0,32,3,BrainInvaders2015a,BTTDA
1039,0.9744551,94.52879,468.0,33,1,32,3,BrainInvaders2015a,BTTDA
1040,0.95596987,38.85904,504.0,33,2,32,3,BrainInvaders2015a,BTTDA
1041,0.9480449,95.61685,468.0,34,0,32,3,BrainInvaders2015a,HODA
1042,0.85999,41.31516,396.0,34,1,32,3,BrainInvaders2015a,HODA
1043,0.96327007,4.3497615,396.0,34,2,32,3,BrainInvaders2015a,HODA
1044,0.95614314,99.39951,468.0,34,0,32,3,BrainInvaders2015a,PARAFACDA
1045,0.8988678,53.99048,396.0,34,1,32,3,BrainInvaders2015a,PARAFACDA
1046,0.9435731,45.912365,396.0,34,2,32,3,BrainInvaders2015a,PARAFACDA
1047,0.96057695,158.68456,468.0,34,0,32,3,BrainInvaders2015a,BTTDA
1048,0.916034,86.50352,396.0,34,1,32,3,BrainInvaders2015a,BTTDA
1049,0.9690476,58.303932,396.0,34,2,32,3,BrainInvaders2015a,BTTDA
1050,0.8071408,92.21703,972.0,35,0,32,3,BrainInvaders2015a,HODA
1051,0.7144046,43.305023,828.0,35,1,32,3,BrainInvaders2015a,HODA
1052,0.78366965,5.4874706,684.0,35,2,32,3,BrainInvaders2015a,HODA
1053,0.83282596,105.782166,972.0,35,0,32,3,BrainInvaders2015a,PARAFACDA
1054,0.79734683,51.0684,828.0,35,1,32,3,BrainInvaders2015a,PARAFACDA
1055,0.8219714,40.778816,684.0,35,2,32,3,BrainInvaders2015a,PARAFACDA
1056,0.86818886,178.85646,972.0,35,0,32,3,BrainInvaders2015a,BTTDA
1057,0.8062629,106.669205,828.0,35,1,32,3,BrainInvaders2015a,BTTDA
1058,0.8330317,43.222294,684.0,35,2,32,3,BrainInvaders2015a,BTTDA
1059,0.9766567,123.8331,396.0,36,0,32,3,BrainInvaders2015a,HODA
1060,0.9667805,14.231122,504.0,36,1,32,3,BrainInvaders2015a,HODA
1061,0.9453086,3.6587996,540.0,36,2,32,3,BrainInvaders2015a,HODA
1062,0.9750416,85.827354,396.0,36,0,32,3,BrainInvaders2015a,PARAFACDA
1063,0.9762517,65.299644,504.0,36,1,32,3,BrainInvaders2015a,PARAFACDA
1064,0.935679,36.310795,540.0,36,2,32,3,BrainInvaders2015a,PARAFACDA
1065,0.98080254,170.44205,396.0,36,0,32,3,BrainInvaders2015a,BTTDA
1066,0.96825105,72.68066,504.0,36,1,32,3,BrainInvaders2015a,BTTDA
1067,0.9440741,37.808197,540.0,36,2,32,3,BrainInvaders2015a,BTTDA
1068,0.90530986,80.2423,468.0,37,0,32,3,BrainInvaders2015a,HODA
1069,0.8878704,67.22541,1080.0,37,1,32,3,BrainInvaders2015a,HODA
1070,0.8400311,5.1909246,972.0,37,2,32,3,BrainInvaders2015a,HODA
1071,0.9227457,104.92663,468.0,37,0,32,3,BrainInvaders2015a,PARAFACDA
1072,0.92151237,39.358887,1080.0,37,1,32,3,BrainInvaders2015a,PARAFACDA
1073,0.88571244,58.0377,972.0,37,2,32,3,BrainInvaders2015a,PARAFACDA
1074,0.93619657,178.47112,468.0,37,0,32,3,BrainInvaders2015a,BTTDA
1075,0.93487656,128.07484,1080.0,37,1,32,3,BrainInvaders2015a,BTTDA
1076,0.8946023,31.796467,972.0,37,2,32,3,BrainInvaders2015a,BTTDA
1077,0.9138034,73.853966,468.0,38,0,32,3,BrainInvaders2015a,HODA
1078,0.9166799,68.573204,432.0,38,1,32,3,BrainInvaders2015a,HODA
1079,0.8631614,4.2552643,432.0,38,2,32,3,BrainInvaders2015a,HODA
1080,0.9049359,93.5959,468.0,38,0,32,3,BrainInvaders2015a,PARAFACDA
1081,0.9596428,58.819202,432.0,38,1,32,3,BrainInvaders2015a,PARAFACDA
1082,0.92175925,43.315723,432.0,38,2,32,3,BrainInvaders2015a,PARAFACDA
1083,0.92133546,170.57507,468.0,38,0,32,3,BrainInvaders2015a,BTTDA
1084,0.9706614,90.823616,432.0,38,1,32,3,BrainInvaders2015a,BTTDA
1085,0.9502381,38.540405,432.0,38,2,32,3,BrainInvaders2015a,BTTDA
1086,0.8070011,84.020256,576.0,39,0,32,3,BrainInvaders2015a,HODA
1087,0.7770767,68.13933,432.0,39,1,32,3,BrainInvaders2015a,HODA
1088,0.8639829,4.29055,756.0,39,2,32,3,BrainInvaders2015a,HODA
1089,0.85507673,97.9803,576.0,39,0,32,3,BrainInvaders2015a,PARAFACDA
1090,0.84675926,42.834976,432.0,39,1,32,3,BrainInvaders2015a,PARAFACDA
1091,0.87577045,31.738478,756.0,39,2,32,3,BrainInvaders2015a,PARAFACDA
1092,0.857818,155.10039,576.0,39,0,32,3,BrainInvaders2015a,BTTDA
1093,0.8572751,60.083595,432.0,39,1,32,3,BrainInvaders2015a,BTTDA
1094,0.880547,74.15751,756.0,39,2,32,3,BrainInvaders2015a,BTTDA
1095,0.9306816,145.4734,612.0,40,0,32,3,BrainInvaders2015a,HODA
1096,0.94550306,5.1585865,684.0,40,1,32,3,BrainInvaders2015a,HODA
1097,0.9308963,2.4401767,648.0,40,2,32,3,BrainInvaders2015a,HODA
1098,0.95218956,97.97954,612.0,40,0,32,3,BrainInvaders2015a,PARAFACDA
1099,0.9693017,44.310623,684.0,40,1,32,3,BrainInvaders2015a,PARAFACDA
1100,0.95633715,40.62901,648.0,40,2,32,3,BrainInvaders2015a,PARAFACDA
1101,0.9540616,180.1526,612.0,40,0,32,3,BrainInvaders2015a,BTTDA
1102,0.96876085,88.288376,684.0,40,1,32,3,BrainInvaders2015a,BTTDA
1103,0.95340306,36.769367,648.0,40,2,32,3,BrainInvaders2015a,BTTDA
1104,0.8820466,78.793205,504.0,41,0,32,3,BrainInvaders2015a,HODA
1105,0.8972329,57.34747,468.0,41,1,32,3,BrainInvaders2015a,HODA
1106,0.9333975,4.396246,648.0,41,2,32,3,BrainInvaders2015a,HODA
1107,0.8995536,102.62812,504.0,41,0,32,3,BrainInvaders2015a,PARAFACDA
1108,0.90377134,47.822567,468.0,41,1,32,3,BrainInvaders2015a,PARAFACDA
1109,0.9421877,24.797352,648.0,41,2,32,3,BrainInvaders2015a,PARAFACDA
1110,0.9166929,174.14728,504.0,41,0,32,3,BrainInvaders2015a,BTTDA
1111,0.8908333,117.43406,468.0,41,1,32,3,BrainInvaders2015a,BTTDA
1112,0.9361512,45.130573,648.0,41,2,32,3,BrainInvaders2015a,BTTDA
1113,0.757818,108.97088,576.0,42,0,32,3,BrainInvaders2015a,HODA
1114,0.8250843,42.168316,828.0,42,1,32,3,BrainInvaders2015a,HODA
1115,0.8345238,6.009419,648.0,42,2,32,3,BrainInvaders2015a,HODA
1116,0.7944024,109.577644,576.0,42,0,32,3,BrainInvaders2015a,PARAFACDA
1117,0.8423951,45.821526,828.0,42,1,32,3,BrainInvaders2015a,PARAFACDA
1118,0.829329,36.72143,648.0,42,2,32,3,BrainInvaders2015a,PARAFACDA
1119,0.8657072,201.59055,576.0,42,0,32,3,BrainInvaders2015a,BTTDA
1120,0.86484164,100.03132,828.0,42,1,32,3,BrainInvaders2015a,BTTDA
1121,0.84289324,38.595665,648.0,42,2,32,3,BrainInvaders2015a,BTTDA
1122,0.9602778,91.95942,360.0,43,0,32,3,BrainInvaders2015a,HODA
1123,0.9750505,40.704063,324.0,43,1,32,3,BrainInvaders2015a,HODA
1124,0.98388886,8.581527,360.0,43,2,32,3,BrainInvaders2015a,HODA
1125,0.95,87.295044,360.0,43,0,32,3,BrainInvaders2015a,PARAFACDA
1126,0.97262627,48.105286,324.0,43,1,32,3,BrainInvaders2015a,PARAFACDA
1127,0.9827778,28.88667,360.0,43,2,32,3,BrainInvaders2015a,PARAFACDA
1128,0.9652778,142.47101,360.0,43,0,32,3,BrainInvaders2015a,BTTDA
1129,0.9793603,58.421024,324.0,43,1,32,3,BrainInvaders2015a,BTTDA
1130,0.98638886,75.32327,360.0,43,2,32,3,BrainInvaders2015a,BTTDA
1131,0.9598283,125.81449,2640.0,1,0,32,1,BrainInvaders2015b,HODA
1132,0.96473765,81.494606,2640.0,1,0,32,1,BrainInvaders2015b,PARAFACDA
1133,0.96618927,166.02158,2640.0,1,0,32,1,BrainInvaders2015b,BTTDA
1134,0.727691,109.010704,2640.0,2,0,32,1,BrainInvaders2015b,HODA
1135,0.73693097,53.34558,2640.0,2,0,32,1,BrainInvaders2015b,PARAFACDA
1136,0.73228204,168.00914,2640.0,2,0,32,1,BrainInvaders2015b,BTTDA
1137,0.9853829,133.97527,2640.0,3,0,32,1,BrainInvaders2015b,HODA
1138,0.988397,117.494484,2640.0,3,0,32,1,BrainInvaders2015b,PARAFACDA
1139,0.9879533,164.01949,2640.0,3,0,32,1,BrainInvaders2015b,BTTDA
1140,0.7275029,138.59921,2640.0,4,0,32,1,BrainInvaders2015b,HODA
1141,0.7436487,114.19326,2640.0,4,0,32,1,BrainInvaders2015b,PARAFACDA
1142,0.73898536,165.20819,2640.0,4,0,32,1,BrainInvaders2015b,BTTDA
1143,0.972174,137.80505,2640.0,5,0,32,1,BrainInvaders2015b,HODA
1144,0.9760899,129.11874,2640.0,5,0,32,1,BrainInvaders2015b,PARAFACDA
1145,0.9738667,162.63173,2640.0,5,0,32,1,BrainInvaders2015b,BTTDA
1146,0.73298126,107.6738,2640.0,6,0,32,1,BrainInvaders2015b,HODA
1147,0.7317708,127.40875,2640.0,6,0,32,1,BrainInvaders2015b,PARAFACDA
1148,0.7243538,162.9578,2640.0,6,0,32,1,BrainInvaders2015b,BTTDA
1149,0.9574531,110.34812,2610.0,7,0,32,1,BrainInvaders2015b,HODA
1150,0.96436816,127.17609,2610.0,7,0,32,1,BrainInvaders2015b,PARAFACDA
1151,0.96937597,169.44748,2610.0,7,0,32,1,BrainInvaders2015b,BTTDA
1152,0.7242615,107.96186,2610.0,8,0,32,1,BrainInvaders2015b,HODA
1153,0.7276311,121.697914,2610.0,8,0,32,1,BrainInvaders2015b,PARAFACDA
1154,0.7319542,169.5658,2610.0,8,0,32,1,BrainInvaders2015b,BTTDA
1155,0.97262734,117.12519,2640.0,9,0,32,1,BrainInvaders2015b,HODA
1156,0.9767168,141.42047,2640.0,9,0,32,1,BrainInvaders2015b,PARAFACDA
1157,0.9755353,165.9003,2640.0,9,0,32,1,BrainInvaders2015b,BTTDA
1158,0.71912616,116.88883,2640.0,10,0,32,1,BrainInvaders2015b,HODA
1159,0.7468991,126.27631,2640.0,10,0,32,1,BrainInvaders2015b,PARAFACDA
1160,0.7494213,162.58215,2640.0,10,0,32,1,BrainInvaders2015b,BTTDA
1161,0.96779513,137.43617,2640.0,11,0,32,1,BrainInvaders2015b,HODA
1162,0.97051984,92.386734,2640.0,11,0,32,1,BrainInvaders2015b,PARAFACDA
1163,0.96893805,167.53683,2640.0,11,0,32,1,BrainInvaders2015b,BTTDA
1164,0.73590857,107.57792,2640.0,12,0,32,1,BrainInvaders2015b,HODA
1165,0.73419654,113.348755,2640.0,12,0,32,1,BrainInvaders2015b,PARAFACDA
1166,0.7337384,164.18855,2640.0,12,0,32,1,BrainInvaders2015b,BTTDA
1167,0.9809462,111.755646,2640.0,13,0,32,1,BrainInvaders2015b,HODA
1168,0.9801987,131.28407,2640.0,13,0,32,1,BrainInvaders2015b,PARAFACDA
1169,0.9806954,165.2384,2640.0,13,0,32,1,BrainInvaders2015b,BTTDA
1170,0.65611976,134.48645,2640.0,14,0,32,1,BrainInvaders2015b,HODA
1171,0.65898436,70.949135,2640.0,14,0,32,1,BrainInvaders2015b,PARAFACDA
1172,0.6772907,167.832,2640.0,14,0,32,1,BrainInvaders2015b,BTTDA
1173,0.9824412,121.08994,2640.0,15,0,32,1,BrainInvaders2015b,HODA
1174,0.98511285,99.27728,2640.0,15,0,32,1,BrainInvaders2015b,PARAFACDA
1175,0.9863715,168.58585,2640.0,15,0,32,1,BrainInvaders2015b,BTTDA
1176,0.6844714,123.43853,2640.0,16,0,32,1,BrainInvaders2015b,HODA
1177,0.69947916,138.81529,2640.0,16,0,32,1,BrainInvaders2015b,PARAFACDA
1178,0.6883343,180.01971,2640.0,16,0,32,1,BrainInvaders2015b,BTTDA
1179,0.97141856,111.734924,2641.0,17,0,32,1,BrainInvaders2015b,HODA
1180,0.98097295,128.2393,2641.0,17,0,32,1,BrainInvaders2015b,PARAFACDA
1181,0.98055196,163.19298,2641.0,17,0,32,1,BrainInvaders2015b,BTTDA
1182,0.69390994,107.25156,2641.0,18,0,32,1,BrainInvaders2015b,HODA
1183,0.6995814,121.14162,2641.0,18,0,32,1,BrainInvaders2015b,PARAFACDA
1184,0.6996008,171.05148,2641.0,18,0,32,1,BrainInvaders2015b,BTTDA
1185,0.9744744,101.35717,2640.0,19,0,32,1,BrainInvaders2015b,HODA
1186,0.9740162,58.980057,2640.0,19,0,32,1,BrainInvaders2015b,PARAFACDA
1187,0.97322047,158.96313,2640.0,19,0,32,1,BrainInvaders2015b,BTTDA
1188,0.6723621,94.28914,2640.0,20,0,32,1,BrainInvaders2015b,HODA
1189,0.6538725,88.69264,2640.0,20,0,32,1,BrainInvaders2015b,PARAFACDA
1190,0.68410975,167.35004,2640.0,20,0,32,1,BrainInvaders2015b,BTTDA
1191,0.98772705,114.68374,2639.0,21,0,32,1,BrainInvaders2015b,HODA
1192,0.99005216,38.728706,2639.0,21,0,32,1,BrainInvaders2015b,PARAFACDA
1193,0.9907973,167.27994,2639.0,21,0,32,1,BrainInvaders2015b,BTTDA
1194,0.7652737,83.13581,2639.0,22,0,32,1,BrainInvaders2015b,HODA
1195,0.78551686,54.49261,2639.0,22,0,32,1,BrainInvaders2015b,PARAFACDA
1196,0.7837635,163.343,2639.0,22,0,32,1,BrainInvaders2015b,BTTDA
1197,0.93059415,119.20319,2640.0,23,0,32,1,BrainInvaders2015b,HODA
1198,0.9411796,120.85317,2640.0,23,0,32,1,BrainInvaders2015b,PARAFACDA
1199,0.9418258,166.42474,2640.0,23,0,32,1,BrainInvaders2015b,BTTDA
1200,0.7001881,136.43605,2640.0,24,0,32,1,BrainInvaders2015b,HODA
1201,0.73981,127.42658,2640.0,24,0,32,1,BrainInvaders2015b,PARAFACDA
1202,0.7420139,176.95923,2640.0,24,0,32,1,BrainInvaders2015b,BTTDA
1203,0.9676071,120.20826,2640.0,25,0,32,1,BrainInvaders2015b,HODA
1204,0.9756028,125.51166,2640.0,25,0,32,1,BrainInvaders2015b,PARAFACDA
1205,0.9775077,167.46483,2640.0,25,0,32,1,BrainInvaders2015b,BTTDA
1206,0.7209105,133.3638,2640.0,26,0,32,1,BrainInvaders2015b,HODA
1207,0.73538774,127.20678,2640.0,26,0,32,1,BrainInvaders2015b,PARAFACDA
1208,0.7510079,167.0977,2640.0,26,0,32,1,BrainInvaders2015b,BTTDA
1209,0.9888648,118.67898,2640.0,27,0,32,1,BrainInvaders2015b,HODA
1210,0.9907986,128.58461,2640.0,27,0,32,1,BrainInvaders2015b,PARAFACDA
1211,0.98967016,167.13199,2640.0,27,0,32,1,BrainInvaders2015b,BTTDA
1212,0.7341821,137.46173,2640.0,28,0,32,1,BrainInvaders2015b,HODA
1213,0.7478202,125.98437,2640.0,28,0,32,1,BrainInvaders2015b,PARAFACDA
1214,0.75492865,172.35666,2640.0,28,0,32,1,BrainInvaders2015b,BTTDA
1215,0.9778308,119.925835,2640.0,29,0,32,1,BrainInvaders2015b,HODA
1216,0.9787037,131.67035,2640.0,29,0,32,1,BrainInvaders2015b,PARAFACDA
1217,0.98130786,167.33034,2640.0,29,0,32,1,BrainInvaders2015b,BTTDA
1218,0.7073881,140.88417,2640.0,30,0,32,1,BrainInvaders2015b,HODA
1219,0.7153212,124.84445,2640.0,30,0,32,1,BrainInvaders2015b,PARAFACDA
1220,0.7149402,168.29066,2640.0,30,0,32,1,BrainInvaders2015b,BTTDA
1221,0.94701487,118.49707,2640.0,31,0,32,1,BrainInvaders2015b,HODA
1222,0.9567612,142.66368,2640.0,31,0,32,1,BrainInvaders2015b,PARAFACDA
1223,0.9586034,164.68303,2640.0,31,0,32,1,BrainInvaders2015b,BTTDA
1224,0.7028935,140.62021,2640.0,32,0,32,1,BrainInvaders2015b,HODA
1225,0.7277778,136.04272,2640.0,32,0,32,1,BrainInvaders2015b,PARAFACDA
1226,0.7342255,162.0898,2640.0,32,0,32,1,BrainInvaders2015b,BTTDA
1227,0.9525945,128.9872,2640.0,33,0,32,1,BrainInvaders2015b,HODA
1228,0.9626254,123.364555,2640.0,33,0,32,1,BrainInvaders2015b,PARAFACDA
1229,0.96214795,169.13301,2640.0,33,0,32,1,BrainInvaders2015b,BTTDA
1230,0.69719326,115.219696,2640.0,34,0,32,1,BrainInvaders2015b,HODA
1231,0.7504919,133.50827,2640.0,34,0,32,1,BrainInvaders2015b,PARAFACDA
1232,0.7438175,167.21811,2640.0,34,0,32,1,BrainInvaders2015b,BTTDA
1233,0.8782227,117.59283,2639.0,35,0,32,1,BrainInvaders2015b,HODA
1234,0.89711404,114.711586,2639.0,35,0,32,1,BrainInvaders2015b,PARAFACDA
1235,0.90011835,166.57365,2639.0,35,0,32,1,BrainInvaders2015b,BTTDA
1236,0.7463448,139.52654,2639.0,36,0,32,1,BrainInvaders2015b,HODA
1237,0.7581383,130.20769,2639.0,36,0,32,1,BrainInvaders2015b,PARAFACDA
1238,0.7639386,169.03525,2639.0,36,0,32,1,BrainInvaders2015b,BTTDA
1239,0.9096451,119.3644,2640.0,37,0,32,1,BrainInvaders2015b,HODA
1240,0.93214697,130.08562,2640.0,37,0,32,1,BrainInvaders2015b,PARAFACDA
1241,0.9355324,168.72359,2640.0,37,0,32,1,BrainInvaders2015b,BTTDA
1242,0.7165702,116.88514,2640.0,38,0,32,1,BrainInvaders2015b,HODA
1243,0.76315105,127.11521,2640.0,38,0,32,1,BrainInvaders2015b,PARAFACDA
1244,0.7596402,167.25421,2640.0,38,0,32,1,BrainInvaders2015b,BTTDA
1245,0.9134549,117.867256,2640.0,39,0,32,1,BrainInvaders2015b,HODA
1246,0.93569154,138.4011,2640.0,39,0,32,1,BrainInvaders2015b,PARAFACDA
1247,0.9370853,170.94716,2640.0,39,0,32,1,BrainInvaders2015b,BTTDA
1248,0.72539544,131.56813,2640.0,40,0,32,1,BrainInvaders2015b,HODA
1249,0.7303096,131.5143,2640.0,40,0,32,1,BrainInvaders2015b,PARAFACDA
1250,0.7370756,167.35442,2640.0,40,0,32,1,BrainInvaders2015b,BTTDA
1251,0.7934751,140.71387,2640.0,41,0,32,1,BrainInvaders2015b,HODA
1252,0.8269531,125.34856,2640.0,41,0,32,1,BrainInvaders2015b,PARAFACDA
1253,0.8227479,163.01498,2640.0,41,0,32,1,BrainInvaders2015b,BTTDA
1254,0.65330344,137.07536,2640.0,42,0,32,1,BrainInvaders2015b,HODA
1255,0.657364,143.91954,2640.0,42,0,32,1,BrainInvaders2015b,PARAFACDA
1256,0.6692901,170.73201,2640.0,42,0,32,1,BrainInvaders2015b,BTTDA
1257,0.971793,113.50621,2640.0,43,0,32,1,BrainInvaders2015b,HODA
1258,0.9762635,119.53137,2640.0,43,0,32,1,BrainInvaders2015b,PARAFACDA
1259,0.978559,164.09811,2640.0,43,0,32,1,BrainInvaders2015b,BTTDA
1260,0.7169126,112.19087,2640.0,44,0,32,1,BrainInvaders2015b,HODA
1261,0.72516394,128.15092,2640.0,44,0,32,1,BrainInvaders2015b,PARAFACDA
1262,0.7255305,174.04665,2640.0,44,0,32,1,BrainInvaders2015b,BTTDA
1263,0.7589845,127.88202,850.0,1,0,32,4,EPFLP300,HODA
1264,0.8021763,39.102028,816.0,1,1,32,4,EPFLP300,HODA
1265,0.76933765,9.65561,825.0,1,2,32,4,EPFLP300,HODA
1266,0.6874564,8.196739,813.0,1,3,32,4,EPFLP300,HODA
1267,0.7906741,94.30658,850.0,1,0,32,4,EPFLP300,PARAFACDA
1268,0.82017934,92.34088,816.0,1,1,32,4,EPFLP300,PARAFACDA
1269,0.7206234,49.566578,825.0,1,2,32,4,EPFLP300,PARAFACDA
1270,0.7042527,98.19577,813.0,1,3,32,4,EPFLP300,PARAFACDA
1271,0.7922875,226.60843,850.0,1,0,32,4,EPFLP300,BTTDA
1272,0.8236788,131.81635,816.0,1,1,32,4,EPFLP300,BTTDA
1273,0.7529145,101.01048,825.0,1,2,32,4,EPFLP300,BTTDA
1274,0.7182352,35.104042,813.0,1,3,32,4,EPFLP300,BTTDA
1275,0.7435983,96.65363,793.0,2,0,32,4,EPFLP300,HODA
1276,0.73525065,76.639175,823.0,2,1,32,4,EPFLP300,HODA
1277,0.65614235,6.9287295,818.0,2,2,32,4,EPFLP300,HODA
1278,0.7080289,4.9390664,850.0,2,3,32,4,EPFLP300,HODA
1279,0.7694033,78.29756,793.0,2,0,32,4,EPFLP300,PARAFACDA
1280,0.7591528,112.39819,823.0,2,1,32,4,EPFLP300,PARAFACDA
1281,0.67422676,52.940857,818.0,2,2,32,4,EPFLP300,PARAFACDA
1282,0.6922338,90.475365,850.0,2,3,32,4,EPFLP300,PARAFACDA
1283,0.78663206,212.14229,793.0,2,0,32,4,EPFLP300,BTTDA
1284,0.75766,131.34222,823.0,2,1,32,4,EPFLP300,BTTDA
1285,0.6861087,84.067406,818.0,2,2,32,4,EPFLP300,BTTDA
1286,0.74885064,29.519413,850.0,2,3,32,4,EPFLP300,BTTDA
1287,0.8594643,119.02947,820.0,3,0,32,4,EPFLP300,HODA
1288,0.83500975,43.86549,848.0,3,1,32,4,EPFLP300,HODA
1289,0.91622406,20.176605,831.0,3,2,32,4,EPFLP300,HODA
1290,0.89275163,3.2790575,805.0,3,3,32,4,EPFLP300,HODA
1291,0.8461112,118.51697,820.0,3,0,32,4,EPFLP300,PARAFACDA
1292,0.8489117,67.98045,848.0,3,1,32,4,EPFLP300,PARAFACDA
1293,0.9176445,35.45568,831.0,3,2,32,4,EPFLP300,PARAFACDA
1294,0.90472084,91.16948,805.0,3,3,32,4,EPFLP300,PARAFACDA
1295,0.8605563,211.65463,820.0,3,0,32,4,EPFLP300,BTTDA
1296,0.8378466,165.90721,848.0,3,1,32,4,EPFLP300,BTTDA
1297,0.93618345,87.58039,831.0,3,2,32,4,EPFLP300,BTTDA
1298,0.92160904,39.04756,805.0,3,3,32,4,EPFLP300,BTTDA
1299,0.7891552,147.78897,777.0,4,0,32,4,EPFLP300,HODA
1300,0.7541628,21.286413,843.0,4,1,32,4,EPFLP300,HODA
1301,0.8210473,8.114715,831.0,4,2,32,4,EPFLP300,HODA
1302,0.82435197,8.60943,823.0,4,3,32,4,EPFLP300,HODA
1303,0.8169054,144.46947,777.0,4,0,32,4,EPFLP300,PARAFACDA
1304,0.8799673,46.59127,843.0,4,1,32,4,EPFLP300,PARAFACDA
1305,0.85442275,43.05432,831.0,4,2,32,4,EPFLP300,PARAFACDA
1306,0.8562828,95.11935,823.0,4,3,32,4,EPFLP300,PARAFACDA
1307,0.85124505,192.4909,777.0,4,0,32,4,EPFLP300,BTTDA
1308,0.8776689,71.16655,843.0,4,1,32,4,EPFLP300,BTTDA
1309,0.87756056,83.91689,831.0,4,2,32,4,EPFLP300,BTTDA
1310,0.8816163,100.84849,823.0,4,3,32,4,EPFLP300,BTTDA
1311,0.79167473,133.38219,802.0,6,0,32,4,EPFLP300,HODA
1312,0.8489959,27.066244,826.0,6,1,32,4,EPFLP300,HODA
1313,0.9024417,11.727477,810.0,6,2,32,4,EPFLP300,HODA
1314,0.906073,6.091074,818.0,6,3,32,4,EPFLP300,HODA
1315,0.7366859,101.55055,802.0,6,0,32,4,EPFLP300,PARAFACDA
1316,0.84998584,81.21297,826.0,6,1,32,4,EPFLP300,PARAFACDA
1317,0.91204387,21.233662,810.0,6,2,32,4,EPFLP300,PARAFACDA
1318,0.9043359,100.29194,818.0,6,3,32,4,EPFLP300,PARAFACDA
1319,0.777955,198.5238,802.0,6,0,32,4,EPFLP300,BTTDA
1320,0.8609951,138.92117,826.0,6,1,32,4,EPFLP300,BTTDA
1321,0.92087793,66.97343,810.0,6,2,32,4,EPFLP300,BTTDA
1322,0.9118075,51.280296,818.0,6,3,32,4,EPFLP300,BTTDA
1323,0.87369084,150.76753,850.0,7,0,32,4,EPFLP300,HODA
1324,0.8620452,18.490974,816.0,7,1,32,4,EPFLP300,HODA
1325,0.7858742,8.562635,817.0,7,2,32,4,EPFLP300,HODA
1326,0.8306842,7.9369373,848.0,7,3,32,4,EPFLP300,HODA
1327,0.9049923,104.886894,850.0,7,0,32,4,EPFLP300,PARAFACDA
1328,0.9167845,80.291664,816.0,7,1,32,4,EPFLP300,PARAFACDA
1329,0.84915996,44.326183,817.0,7,2,32,4,EPFLP300,PARAFACDA
1330,0.8934823,111.172745,848.0,7,3,32,4,EPFLP300,PARAFACDA
1331,0.91328436,208.08296,850.0,7,0,32,4,EPFLP300,BTTDA
1332,0.94200474,141.61017,816.0,7,1,32,4,EPFLP300,BTTDA
1333,0.8429345,122.53388,817.0,7,2,32,4,EPFLP300,BTTDA
1334,0.8827592,32.7689,848.0,7,3,32,4,EPFLP300,BTTDA
1335,0.9401209,144.67323,823.0,8,0,32,4,EPFLP300,HODA
1336,0.9690616,17.537582,856.0,8,1,32,4,EPFLP300,HODA
1337,0.95598274,9.410501,817.0,8,2,32,4,EPFLP300,HODA
1338,0.89981985,7.1181374,799.0,8,3,32,4,EPFLP300,HODA
1339,0.9671147,93.913666,823.0,8,0,32,4,EPFLP300,PARAFACDA
1340,0.9767584,91.42715,856.0,8,1,32,4,EPFLP300,PARAFACDA
1341,0.97745633,35.546017,817.0,8,2,32,4,EPFLP300,PARAFACDA
1342,0.94734293,109.74533,799.0,8,3,32,4,EPFLP300,PARAFACDA
1343,0.98167264,206.07408,823.0,8,0,32,4,EPFLP300,BTTDA
1344,0.9816076,153.45413,856.0,8,1,32,4,EPFLP300,BTTDA
1345,0.975157,93.29676,817.0,8,2,32,4,EPFLP300,BTTDA
1346,0.9464005,43.149452,799.0,8,3,32,4,EPFLP300,BTTDA
1347,0.8254545,118.18818,793.0,9,0,32,4,EPFLP300,HODA
1348,0.8864003,44.365845,795.0,9,1,32,4,EPFLP300,HODA
1349,0.74484634,14.359878,862.0,9,2,32,4,EPFLP300,HODA
1350,0.66693765,8.410085,818.0,9,3,32,4,EPFLP300,HODA
1351,0.8685643,122.84305,793.0,9,0,32,4,EPFLP300,PARAFACDA
1352,0.90589195,58.870712,795.0,9,1,32,4,EPFLP300,PARAFACDA
1353,0.77760696,39.15377,862.0,9,2,32,4,EPFLP300,PARAFACDA
1354,0.69942635,111.949844,818.0,9,3,32,4,EPFLP300,PARAFACDA
1355,0.8862768,221.89319,793.0,9,0,32,4,EPFLP300,BTTDA
1356,0.8857276,126.00315,795.0,9,1,32,4,EPFLP300,BTTDA
1357,0.8193339,100.12877,862.0,9,2,32,4,EPFLP300,BTTDA
1358,0.7002871,51.316216,818.0,9,3,32,4,EPFLP300,BTTDA
1359,0.99335366,191.5743,4283.0,1,0,31,1,Huebner2017,HODA
1360,0.99402726,8.209166,4284.0,1,1,31,1,Huebner2017,HODA
1361,0.99614465,7.97499,4283.0,1,2,31,1,Huebner2017,HODA
1362,0.99287647,138.81505,4283.0,1,0,31,1,Huebner2017,PARAFACDA
1363,0.9934733,73.73215,4284.0,1,1,31,1,Huebner2017,PARAFACDA
1364,0.9972223,75.49905,4283.0,1,2,31,1,Huebner2017,PARAFACDA
1365,0.99316484,230.10762,4283.0,1,0,31,1,Huebner2017,BTTDA
1366,0.99330264,245.9964,4284.0,1,1,31,1,Huebner2017,BTTDA
1367,0.9972057,78.44114,4283.0,1,2,31,1,Huebner2017,BTTDA
1368,0.98982114,133.04807,4284.0,2,0,31,1,Huebner2017,HODA
1369,0.9922936,62.22605,4284.0,2,1,31,1,Huebner2017,HODA
1370,0.99283135,5.7776194,4284.0,2,2,31,1,Huebner2017,HODA
1371,0.9881244,127.28331,4284.0,2,0,31,1,Huebner2017,PARAFACDA
1372,0.9901197,87.80911,4284.0,2,1,31,1,Huebner2017,PARAFACDA
1373,0.991837,57.833218,4284.0,2,2,31,1,Huebner2017,PARAFACDA
1374,0.9903532,235.43117,4284.0,2,0,31,1,Huebner2017,BTTDA
1375,0.991303,177.8971,4284.0,2,1,31,1,Huebner2017,BTTDA
1376,0.99283135,83.768456,4284.0,2,2,31,1,Huebner2017,BTTDA
1377,0.98389274,135.56256,4283.0,3,0,31,1,Huebner2017,HODA
1378,0.9861226,50.362026,4284.0,3,1,31,1,Huebner2017,HODA
1379,0.989844,14.634586,4283.0,3,2,31,1,Huebner2017,HODA
1380,0.98477215,109.830284,4283.0,3,0,31,1,Huebner2017,PARAFACDA
1381,0.98971313,117.4981,4284.0,3,1,31,1,Huebner2017,PARAFACDA
1382,0.9889379,103.753685,4283.0,3,2,31,1,Huebner2017,PARAFACDA
1383,0.9848054,270.12698,4283.0,3,0,31,1,Huebner2017,BTTDA
1384,0.9893186,177.3206,4284.0,3,1,31,1,Huebner2017,BTTDA
1385,0.98846596,107.509964,4283.0,3,2,31,1,Huebner2017,BTTDA
1386,0.9980533,148.85507,4284.0,4,0,31,1,Huebner2017,HODA
1387,0.998604,51.234436,4283.0,4,1,31,1,Huebner2017,HODA
1388,0.99909467,9.39622,4283.0,4,2,31,1,Huebner2017,HODA
1389,0.99864125,92.965775,4284.0,4,0,31,1,Huebner2017,PARAFACDA
1390,0.9983979,130.42719,4283.0,4,1,31,1,Huebner2017,PARAFACDA
1391,0.9990373,54.796307,4283.0,4,2,31,1,Huebner2017,PARAFACDA
1392,0.99870807,273.3086,4284.0,4,0,31,1,Huebner2017,BTTDA
1393,0.99862015,146.62036,4283.0,4,1,31,1,Huebner2017,BTTDA
1394,0.99934745,135.61378,4283.0,4,2,31,1,Huebner2017,BTTDA
1395,0.97359776,144.96947,4284.0,5,0,31,1,Huebner2017,HODA
1396,0.9701329,55.97034,4284.0,5,1,31,1,Huebner2017,HODA
1397,0.980616,9.062322,4284.0,5,2,31,1,Huebner2017,HODA
1398,0.97512245,113.32233,4284.0,5,0,31,1,Huebner2017,PARAFACDA
1399,0.97060513,101.38587,4284.0,5,1,31,1,Huebner2017,PARAFACDA
1400,0.9807702,74.98958,4284.0,5,2,31,1,Huebner2017,PARAFACDA
1401,0.97592205,243.32831,4284.0,5,0,31,1,Huebner2017,BTTDA
1402,0.96994,161.68214,4284.0,5,1,31,1,Huebner2017,BTTDA
1403,0.98032516,80.49803,4284.0,5,2,31,1,Huebner2017,BTTDA
1404,0.9939538,143.8515,4281.0,6,0,31,1,Huebner2017,HODA
1405,0.9967882,54.920082,4284.0,6,2,31,1,Huebner2017,HODA
1406,0.99414456,95.93141,4281.0,6,0,31,1,Huebner2017,PARAFACDA
1407,0.9967997,131.35446,4284.0,6,2,31,1,Huebner2017,PARAFACDA
1408,0.99400055,226.28688,4281.0,6,0,31,1,Huebner2017,BTTDA
1409,0.9967127,89.49942,4284.0,6,2,31,1,Huebner2017,BTTDA
1410,0.998749,139.64148,4284.0,7,0,31,1,Huebner2017,HODA
1411,0.999606,42.173775,4284.0,7,1,31,1,Huebner2017,HODA
1412,0.99986666,12.738315,4284.0,7,2,31,1,Huebner2017,HODA
1413,0.9992828,136.87822,4284.0,7,0,31,1,Huebner2017,PARAFACDA
1414,0.9997224,87.33189,4284.0,7,1,31,1,Huebner2017,PARAFACDA
1415,0.9998183,71.69023,4284.0,7,2,31,1,Huebner2017,PARAFACDA
1416,0.99912333,247.33418,4284.0,7,0,31,1,Huebner2017,BTTDA
1417,0.99970734,190.69913,4284.0,7,1,31,1,Huebner2017,BTTDA
1418,0.99991226,111.76583,4284.0,7,2,31,1,Huebner2017,BTTDA
1419,0.9552022,172.2997,4283.0,8,0,31,1,Huebner2017,HODA
1420,0.9688202,29.159702,4283.0,8,1,31,1,Huebner2017,HODA
1421,0.96973276,12.563739,4284.0,8,2,31,1,Huebner2017,HODA
1422,0.9583068,154.16248,4283.0,8,0,31,1,Huebner2017,PARAFACDA
1423,0.9706258,61.350628,4283.0,8,1,31,1,Huebner2017,PARAFACDA
1424,0.97354776,79.171524,4284.0,8,2,31,1,Huebner2017,PARAFACDA
1425,0.9592478,254.35776,4283.0,8,0,31,1,Huebner2017,BTTDA
1426,0.97255176,182.93166,4283.0,8,1,31,1,Huebner2017,BTTDA
1427,0.97378045,116.50919,4284.0,8,2,31,1,Huebner2017,BTTDA
1428,0.99646,143.7921,4284.0,9,0,31,1,Huebner2017,HODA
1429,0.9970746,58.982246,4284.0,9,1,31,1,Huebner2017,HODA
1430,0.9982115,7.528946,4284.0,9,2,31,1,Huebner2017,HODA
1431,0.9967163,123.45709,4284.0,9,0,31,1,Huebner2017,PARAFACDA
1432,0.99737376,91.57931,4284.0,9,1,31,1,Huebner2017,PARAFACDA
1433,0.9985342,59.624367,4284.0,9,2,31,1,Huebner2017,PARAFACDA
1434,0.9969101,273.95804,4284.0,9,0,31,1,Huebner2017,BTTDA
1435,0.99757284,148.44218,4284.0,9,1,31,1,Huebner2017,BTTDA
1436,0.9985207,126.549904,4284.0,9,2,31,1,Huebner2017,BTTDA
1437,0.99757946,145.0365,4283.0,10,0,31,1,Huebner2017,HODA
1438,0.99652857,55.405098,4268.0,10,1,31,1,Huebner2017,HODA
1439,0.99802256,8.8936,4281.0,10,2,31,1,Huebner2017,HODA
1440,0.9977428,117.450485,4283.0,10,0,31,1,Huebner2017,PARAFACDA
1441,0.99579334,85.50673,4268.0,10,1,31,1,Huebner2017,PARAFACDA
1442,0.99819535,43.24735,4281.0,10,2,31,1,Huebner2017,PARAFACDA
1443,0.9978116,273.60486,4283.0,10,0,31,1,Huebner2017,BTTDA
1444,0.99657756,170.81744,4268.0,10,1,31,1,Huebner2017,BTTDA
1445,0.99766797,111.14162,4281.0,10,2,31,1,Huebner2017,BTTDA
1446,0.9241913,153.68878,4282.0,11,0,31,1,Huebner2017,HODA
1447,0.92490304,32.451145,4284.0,11,1,31,1,Huebner2017,HODA
1448,0.92100656,14.406634,4283.0,11,2,31,1,Huebner2017,HODA
1449,0.9375399,134.90164,4282.0,11,0,31,1,Huebner2017,PARAFACDA
1450,0.92960817,80.23208,4284.0,11,1,31,1,Huebner2017,PARAFACDA
1451,0.9329765,75.87283,4283.0,11,2,31,1,Huebner2017,PARAFACDA
1452,0.9425606,269.2128,4282.0,11,0,31,1,Huebner2017,BTTDA
1453,0.93165183,153.3489,4284.0,11,1,31,1,Huebner2017,BTTDA
1454,0.93763167,134.35138,4283.0,11,2,31,1,Huebner2017,BTTDA
1455,0.99192744,160.70314,4284.0,12,0,31,1,Huebner2017,HODA
1456,0.9956721,39.756325,4284.0,12,1,31,1,Huebner2017,HODA
1457,0.98863894,11.083889,4284.0,12,2,31,1,Huebner2017,HODA
1458,0.9927103,123.83526,4284.0,12,0,31,1,Huebner2017,PARAFACDA
1459,0.99636114,100.00624,4284.0,12,1,31,1,Huebner2017,PARAFACDA
1460,0.9900507,62.56541,4284.0,12,2,31,1,Huebner2017,PARAFACDA
1461,0.9927103,227.19757,4284.0,12,0,31,1,Huebner2017,BTTDA
1462,0.9957557,185.91806,4284.0,12,1,31,1,Huebner2017,BTTDA
1463,0.9900507,96.39654,4284.0,12,2,31,1,Huebner2017,BTTDA
1464,0.99585193,149.19548,4284.0,13,0,31,1,Huebner2017,HODA
1465,0.9957941,43.14818,4283.0,13,1,31,1,Huebner2017,HODA
1466,0.99064577,11.589853,4284.0,13,2,31,1,Huebner2017,HODA
1467,0.99629056,219.05475,4284.0,13,0,31,1,Huebner2017,PARAFACDA
1468,0.99563056,64.88121,4283.0,13,1,31,1,Huebner2017,PARAFACDA
1469,0.9904241,122.40319,4284.0,13,2,31,1,Huebner2017,PARAFACDA
1470,0.99627453,266.07623,4284.0,13,0,31,1,Huebner2017,BTTDA
1471,0.9965389,157.01584,4283.0,13,1,31,1,Huebner2017,BTTDA
1472,0.9917613,128.14053,4284.0,13,2,31,1,Huebner2017,BTTDA
1473,0.9890747,86.40073,4759.0,1,0,31,1,Huebner2018,HODA
1474,0.9878311,44.677567,4760.0,1,1,31,1,Huebner2018,HODA
1475,0.9895065,9.787672,4760.0,1,2,31,1,Huebner2018,HODA
1476,0.99009955,130.32626,4759.0,1,0,31,1,Huebner2018,PARAFACDA
1477,0.9897407,29.717196,4760.0,1,1,31,1,Huebner2018,PARAFACDA
1478,0.9885069,66.87101,4760.0,1,2,31,1,Huebner2018,PARAFACDA
1479,0.99083155,167.71577,4759.0,1,0,31,1,Huebner2018,BTTDA
1480,0.9902681,143.20566,4760.0,1,1,31,1,Huebner2018,BTTDA
1481,0.9894586,62.5488,4760.0,1,2,31,1,Huebner2018,BTTDA
1482,0.9970467,92.83653,4760.0,2,0,31,1,Huebner2018,HODA
1483,0.9958215,28.695156,4760.0,2,1,31,1,Huebner2018,HODA
1484,0.9946048,17.27585,4760.0,2,2,31,1,Huebner2018,HODA
1485,0.997303,131.97002,4760.0,2,0,31,1,Huebner2018,PARAFACDA
1486,0.9957933,40.500515,4760.0,2,1,31,1,Huebner2018,PARAFACDA
1487,0.99552345,109.3884,4760.0,2,2,31,1,Huebner2018,PARAFACDA
1488,0.9973742,176.46814,4760.0,2,0,31,1,Huebner2018,BTTDA
1489,0.9957933,123.88349,4760.0,2,1,31,1,Huebner2018,BTTDA
1490,0.99399036,74.59623,4760.0,2,2,31,1,Huebner2018,BTTDA
1491,0.99421114,112.07897,4760.0,3,0,31,1,Huebner2018,HODA
1492,0.99495804,18.916443,4760.0,3,1,31,1,Huebner2018,HODA
1493,0.99431664,8.514402,4760.0,3,2,31,1,Huebner2018,HODA
1494,0.9944528,142.27318,4760.0,3,0,31,1,Huebner2018,PARAFACDA
1495,0.99336,25.053093,4760.0,3,1,31,1,Huebner2018,PARAFACDA
1496,0.9944454,120.48741,4760.0,3,2,31,1,Huebner2018,PARAFACDA
1497,0.9942234,171.8919,4760.0,3,0,31,1,Huebner2018,BTTDA
1498,0.99377453,119.73652,4760.0,3,1,31,1,Huebner2018,BTTDA
1499,0.9948526,74.88009,4760.0,3,2,31,1,Huebner2018,BTTDA
1500,0.98600125,112.855736,4760.0,4,0,31,1,Huebner2018,HODA
1501,0.9891484,12.618519,4760.0,4,1,31,1,Huebner2018,HODA
1502,0.99223167,9.376136,4760.0,4,2,31,1,Huebner2018,HODA
1503,0.9865446,120.80535,4760.0,4,0,31,1,Huebner2018,PARAFACDA
1504,0.98971987,42.022945,4760.0,4,1,31,1,Huebner2018,PARAFACDA
1505,0.99215686,99.2311,4760.0,4,2,31,1,Huebner2018,PARAFACDA
1506,0.98658264,162.44035,4760.0,4,0,31,1,Huebner2018,BTTDA
1507,0.9895065,106.98225,4760.0,4,1,31,1,Huebner2018,BTTDA
1508,0.99232364,88.86281,4760.0,4,2,31,1,Huebner2018,BTTDA
1509,0.97140896,97.856636,4760.0,5,0,31,1,Huebner2018,HODA
1510,0.9722973,47.089497,4754.0,5,1,31,1,Huebner2018,HODA
1511,0.9794336,3.357475,4760.0,5,2,31,1,Huebner2018,HODA
1512,0.9818571,126.98293,4760.0,5,0,31,1,Huebner2018,PARAFACDA
1513,0.97926885,32.352642,4754.0,5,1,31,1,Huebner2018,PARAFACDA
1514,0.98574615,78.18344,4760.0,5,2,31,1,Huebner2018,PARAFACDA
1515,0.9818571,161.37987,4760.0,5,0,31,1,Huebner2018,BTTDA
1516,0.9790045,101.79638,4754.0,5,1,31,1,Huebner2018,BTTDA
1517,0.98573756,80.80521,4760.0,5,2,31,1,Huebner2018,BTTDA
1518,0.99705404,87.143166,4760.0,6,0,31,1,Huebner2018,HODA
1519,0.99622256,42.334984,4760.0,6,1,31,1,Huebner2018,HODA
1520,0.99688727,8.542625,4760.0,6,2,31,1,Huebner2018,HODA
1521,0.99751765,135.95998,4760.0,6,0,31,1,Huebner2018,PARAFACDA
1522,0.9970234,28.510036,4760.0,6,1,31,1,Huebner2018,PARAFACDA
1523,0.99726504,97.18337,4760.0,6,2,31,1,Huebner2018,PARAFACDA
1524,0.9971031,183.25954,4760.0,6,0,31,1,Huebner2018,BTTDA
1525,0.9965046,157.68532,4760.0,6,1,31,1,Huebner2018,BTTDA
1526,0.99714726,44.19689,4760.0,6,2,31,1,Huebner2018,BTTDA
1527,0.9718813,73.29251,4758.0,7,0,31,1,Huebner2018,HODA
1528,0.98515403,67.45707,4758.0,7,1,31,1,Huebner2018,HODA
1529,0.98730624,3.492189,4760.0,7,2,31,1,Huebner2018,HODA
1530,0.9705794,129.11067,4758.0,7,0,31,1,Huebner2018,PARAFACDA
1531,0.98377943,31.498766,4758.0,7,1,31,1,Huebner2018,PARAFACDA
1532,0.9880973,66.11023,4760.0,7,2,31,1,Huebner2018,PARAFACDA
1533,0.9687541,190.779,4758.0,7,0,31,1,Huebner2018,BTTDA
1534,0.98384666,131.183,4758.0,7,1,31,1,Huebner2018,BTTDA
1535,0.9880384,62.746437,4760.0,7,2,31,1,Huebner2018,BTTDA
1536,0.97748476,119.8993,4760.0,8,0,31,1,Huebner2018,HODA
1537,0.97584134,10.848454,4760.0,8,1,31,1,Huebner2018,HODA
1538,0.96743155,9.36814,4760.0,8,2,31,1,Huebner2018,HODA
1539,0.9768654,110.77798,4760.0,8,0,31,1,Huebner2018,PARAFACDA
1540,0.9799426,42.82034,4760.0,8,1,31,1,Huebner2018,PARAFACDA
1541,0.9743488,50.06645,4760.0,8,2,31,1,Huebner2018,PARAFACDA
1542,0.97767735,181.02821,4760.0,8,0,31,1,Huebner2018,BTTDA
1543,0.98013395,113.3641,4760.0,8,1,31,1,Huebner2018,BTTDA
1544,0.9741378,73.244545,4760.0,8,2,31,1,Huebner2018,BTTDA
1545,0.9836311,124.53701,4759.0,9,0,31,1,Huebner2018,HODA
1546,0.98982656,15.38887,4760.0,9,1,31,1,Huebner2018,HODA
1547,0.98974806,6.2110257,4760.0,9,2,31,1,Huebner2018,HODA
1548,0.9852977,120.5733,4759.0,9,0,31,1,Huebner2018,PARAFACDA
1549,0.99058086,36.231434,4760.0,9,1,31,1,Huebner2018,PARAFACDA
1550,0.98939484,50.727722,4760.0,9,2,31,1,Huebner2018,PARAFACDA
1551,0.9857196,187.5296,4759.0,9,0,31,1,Huebner2018,BTTDA
1552,0.9900289,114.6204,4760.0,9,1,31,1,Huebner2018,BTTDA
1553,0.9901626,68.11082,4760.0,9,2,31,1,Huebner2018,BTTDA
1554,0.96949446,76.55023,4760.0,10,0,31,1,Huebner2018,HODA
1555,0.9781385,59.8546,4760.0,10,1,31,1,Huebner2018,HODA
1556,0.98636556,3.8206596,4760.0,10,2,31,1,Huebner2018,HODA
1557,0.97141016,121.44974,4760.0,10,0,31,1,Huebner2018,PARAFACDA
1558,0.98075944,40.933964,4760.0,10,1,31,1,Huebner2018,PARAFACDA
1559,0.98610187,64.14037,4760.0,10,2,31,1,Huebner2018,PARAFACDA
1560,0.9727372,186.99832,4760.0,10,0,31,1,Huebner2018,BTTDA
1561,0.9820165,135.11873,4760.0,10,1,31,1,Huebner2018,BTTDA
1562,0.98697263,64.88831,4760.0,10,2,31,1,Huebner2018,BTTDA
1563,0.97448856,42.331482,4760.0,11,0,31,1,Huebner2018,HODA
1564,0.96727675,90.70681,4698.0,11,1,31,1,Huebner2018,HODA
1565,0.97508585,7.8651314,4760.0,11,2,31,1,Huebner2018,HODA
1566,0.97451675,84.01759,4760.0,11,0,31,1,Huebner2018,PARAFACDA
1567,0.95997316,71.10346,4698.0,11,1,31,1,Huebner2018,PARAFACDA
1568,0.9746431,67.68537,4760.0,11,2,31,1,Huebner2018,PARAFACDA
1569,0.9749534,206.84074,4760.0,11,0,31,1,Huebner2018,BTTDA
1570,0.966303,113.7178,4698.0,11,1,31,1,Huebner2018,BTTDA
1571,0.97610503,62.79614,4760.0,11,2,31,1,Huebner2018,BTTDA
1572,0.9748835,42.172607,4760.0,12,0,31,1,Huebner2018,HODA
1573,0.9676879,94.034584,4760.0,12,1,31,1,Huebner2018,HODA
1574,0.968073,4.77133,4760.0,12,2,31,1,Huebner2018,HODA
1575,0.9831719,77.07973,4760.0,12,0,31,1,Huebner2018,PARAFACDA
1576,0.9748087,77.43793,4760.0,12,1,31,1,Huebner2018,PARAFACDA
1577,0.9746713,46.532772,4760.0,12,2,31,1,Huebner2018,PARAFACDA
1578,0.9843149,162.64096,4760.0,12,0,31,1,Huebner2018,BTTDA
1579,0.97498035,108.08616,4760.0,12,1,31,1,Huebner2018,BTTDA
1580,0.9744481,94.00556,4760.0,12,2,31,1,Huebner2018,BTTDA
